2026-09-21T14:53:55+00:00 [pipeline] start steps=['verify-downloads', 'sample', 'flows', 'sweep', 'throughput'] datasets=['dense_sparse_fixture', 'lognormal', 'clustered', 'locally_hard'] results=/Users/louisvasseur/Downloads/scaleli_sota/experimental/scaleli/results/aidb_dry dry_run=True
2026-09-21T14:53:55+00:00 [verify-downloads] begin
2026-09-21T14:53:55+00:00 [verify-downloads] dense_sparse_fixture: copied fixture dense_sparse_fixture_uint64
2026-09-21T14:53:55+00:00 [verify-downloads] run: /Users/louisvasseur/Downloads/scaleli_sota/build-pipeline/experimental/scaleli/scaleli_bench --distribution lognormal --n 50000 --seed 42 --ops 1 --profile read_only --load-ratio 1 --verify 0 --instrument 0 --warmup 0 --dump-keys /Users/louisvasseur/Downloads/scaleli_sota/experimental/scaleli/results/aidb_dry/data/lognormal.part
2026-09-21T14:53:55+00:00 [verify-downloads] ok 0.4 s: scaleli_bench
2026-09-21T14:53:55+00:00 [verify-downloads] lognormal: generated 50,000 synthetic lognormal keys
2026-09-21T14:53:55+00:00 [verify-downloads] run: /Users/louisvasseur/Downloads/scaleli_sota/build-pipeline/experimental/scaleli/scaleli_bench --distribution clustered --n 50000 --seed 42 --ops 1 --profile read_only --load-ratio 1 --verify 0 --instrument 0 --warmup 0 --dump-keys /Users/louisvasseur/Downloads/scaleli_sota/experimental/scaleli/results/aidb_dry/data/clustered.part
2026-09-21T14:53:55+00:00 [verify-downloads] ok 0.0 s: scaleli_bench
2026-09-21T14:53:55+00:00 [verify-downloads] clustered: generated 50,000 synthetic clustered keys
2026-09-21T14:53:55+00:00 [verify-downloads] run: /Users/louisvasseur/Downloads/scaleli_sota/build-pipeline/experimental/scaleli/scaleli_bench --distribution locally_hard --n 50000 --seed 42 --ops 1 --profile read_only --load-ratio 1 --verify 0 --instrument 0 --warmup 0 --dump-keys /Users/louisvasseur/Downloads/scaleli_sota/experimental/scaleli/results/aidb_dry/data/locally_hard.part
2026-09-21T14:53:55+00:00 [verify-downloads] ok 0.0 s: scaleli_bench
2026-09-21T14:53:55+00:00 [verify-downloads] locally_hard: generated 50,000 synthetic locally_hard keys
2026-09-21T14:53:55+00:00 [verify-downloads] dense_sparse_fixture: 16,384 keys, 131,080 bytes, sha256 621f0271a21d5cbb… (0.0 s)
2026-09-21T14:53:55+00:00 [verify-downloads] lognormal: 50,000 keys, 400,008 bytes, sha256 984476070aa3b632… (0.0 s)
2026-09-21T14:53:55+00:00 [verify-downloads] clustered: 50,000 keys, 400,008 bytes, sha256 85b7fc237c451912… (0.0 s)
2026-09-21T14:53:55+00:00 [verify-downloads] locally_hard: 50,000 keys, 400,008 bytes, sha256 56d69ddbb6faea64… (0.0 s)
2026-09-21T14:53:55+00:00 [verify-downloads] done in 0.4 s
2026-09-21T14:53:55+00:00 [sample] begin
2026-09-21T14:53:55+00:00 [sample] run: /opt/homebrew/opt/python@3.14/bin/python3.14 /Users/louisvasseur/Downloads/scaleli_sota/experimental/scaleli/tools/datasets.py sample /Users/louisvasseur/Downloads/scaleli_sota/experimental/scaleli/results/aidb_dry/data/dense_sparse_fixture /Users/louisvasseur/Downloads/scaleli_sota/experimental/scaleli/results/aidb_dry/samples/dense_sparse_fixture_16384_uniform_s42 --n 16384 --dtype uint64 --mode uniform --seed 42
2026-09-21T14:53:55+00:00 [sample] ok 0.1 s: python3.14
2026-09-21T14:53:55+00:00 [sample] dense_sparse_fixture: wrote dense_sparse_fixture_16384_uniform_s42 (16,384 keys)
2026-09-21T14:53:55+00:00 [sample] run: /opt/homebrew/opt/python@3.14/bin/python3.14 /Users/louisvasseur/Downloads/scaleli_sota/experimental/scaleli/tools/datasets.py sample /Users/louisvasseur/Downloads/scaleli_sota/experimental/scaleli/results/aidb_dry/data/lognormal /Users/louisvasseur/Downloads/scaleli_sota/experimental/scaleli/results/aidb_dry/samples/lognormal_20K_uniform_s42 --n 20000 --dtype uint64 --mode uniform --seed 42
2026-09-21T14:53:55+00:00 [sample] ok 0.1 s: python3.14
2026-09-21T14:53:55+00:00 [sample] lognormal: wrote lognormal_20K_uniform_s42 (20,000 keys)
2026-09-21T14:53:55+00:00 [sample] run: /opt/homebrew/opt/python@3.14/bin/python3.14 /Users/louisvasseur/Downloads/scaleli_sota/experimental/scaleli/tools/datasets.py sample /Users/louisvasseur/Downloads/scaleli_sota/experimental/scaleli/results/aidb_dry/data/clustered /Users/louisvasseur/Downloads/scaleli_sota/experimental/scaleli/results/aidb_dry/samples/clustered_20K_uniform_s42 --n 20000 --dtype uint64 --mode uniform --seed 42
2026-09-21T14:53:55+00:00 [sample] ok 0.1 s: python3.14
2026-09-21T14:53:55+00:00 [sample] clustered: wrote clustered_20K_uniform_s42 (20,000 keys)
2026-09-21T14:53:55+00:00 [sample] run: /opt/homebrew/opt/python@3.14/bin/python3.14 /Users/louisvasseur/Downloads/scaleli_sota/experimental/scaleli/tools/datasets.py sample /Users/louisvasseur/Downloads/scaleli_sota/experimental/scaleli/results/aidb_dry/data/locally_hard /Users/louisvasseur/Downloads/scaleli_sota/experimental/scaleli/results/aidb_dry/samples/locally_hard_20K_uniform_s42 --n 20000 --dtype uint64 --mode uniform --seed 42
2026-09-21T14:53:56+00:00 [sample] ok 0.1 s: python3.14
2026-09-21T14:53:56+00:00 [sample] locally_hard: wrote locally_hard_20K_uniform_s42 (20,000 keys)
2026-09-21T14:53:56+00:00 [sample] done in 0.5 s
2026-09-21T14:53:56+00:00 [flows] begin
2026-09-21T14:53:56+00:00 [flows] run: /opt/homebrew/opt/python@3.14/bin/python3.14 /Users/louisvasseur/Downloads/scaleli_sota/experimental/scaleli/tools/train_flow.py /Users/louisvasseur/Downloads/scaleli_sota/experimental/scaleli/results/aidb_dry/samples/dense_sparse_fixture_16384_uniform_s42 --dtype uint64 --output /Users/louisvasseur/Downloads/scaleli_sota/experimental/scaleli/results/aidb_dry/flows/dense_sparse_fixture_2D2H2L.txt --sample 4096 --steps 200 --monotone
2026-09-21T14:53:58+00:00 [flows] ok 2.5 s: python3.14
2026-09-21T14:53:58+00:00 [flows] dense_sparse_fixture: nll 4.1631, tail conflicts 2 -> 2, unordered pairs 0
2026-09-21T14:53:58+00:00 [flows] run: /opt/homebrew/opt/python@3.14/bin/python3.14 /Users/louisvasseur/Downloads/scaleli_sota/experimental/scaleli/tools/train_flow.py /Users/louisvasseur/Downloads/scaleli_sota/experimental/scaleli/results/aidb_dry/samples/lognormal_20K_uniform_s42 --dtype uint64 --output /Users/louisvasseur/Downloads/scaleli_sota/experimental/scaleli/results/aidb_dry/flows/lognormal_2D2H2L.txt --sample 4096 --steps 200 --monotone
2026-09-21T14:54:01+00:00 [flows] ok 2.5 s: python3.14
2026-09-21T14:54:01+00:00 [flows] lognormal: nll 0.5579, tail conflicts 195 -> 81, unordered pairs 0
2026-09-21T14:54:01+00:00 [flows] run: /opt/homebrew/opt/python@3.14/bin/python3.14 /Users/louisvasseur/Downloads/scaleli_sota/experimental/scaleli/tools/train_flow.py /Users/louisvasseur/Downloads/scaleli_sota/experimental/scaleli/results/aidb_dry/samples/clustered_20K_uniform_s42 --dtype uint64 --output /Users/louisvasseur/Downloads/scaleli_sota/experimental/scaleli/results/aidb_dry/flows/clustered_2D2H2L.txt --sample 4096 --steps 200 --monotone
2026-09-21T14:54:03+00:00 [flows] ok 2.5 s: python3.14
2026-09-21T14:54:03+00:00 [flows] clustered: nll 4.1760, tail conflicts 442 -> 442, unordered pairs 0
2026-09-21T14:54:03+00:00 [flows] run: /opt/homebrew/opt/python@3.14/bin/python3.14 /Users/louisvasseur/Downloads/scaleli_sota/experimental/scaleli/tools/train_flow.py /Users/louisvasseur/Downloads/scaleli_sota/experimental/scaleli/results/aidb_dry/samples/locally_hard_20K_uniform_s42 --dtype uint64 --output /Users/louisvasseur/Downloads/scaleli_sota/experimental/scaleli/results/aidb_dry/flows/locally_hard_2D2H2L.txt --sample 4096 --steps 200 --monotone
2026-09-21T14:54:05+00:00 [flows] ok 2.5 s: python3.14
2026-09-21T14:54:05+00:00 [flows] locally_hard: nll 4.1744, tail conflicts 5 -> 5, unordered pairs 0
2026-09-21T14:54:05+00:00 [flows] done in 9.9 s
2026-09-21T14:54:05+00:00 [sweep] begin
2026-09-21T14:54:05+00:00 [sweep] run: /opt/homebrew/opt/python@3.14/bin/python3.14 /Users/louisvasseur/Downloads/scaleli_sota/experimental/scaleli/tools/run_suite.py --binary /Users/louisvasseur/Downloads/scaleli_sota/build-pipeline/experimental/scaleli/scaleli_bench --config /Users/louisvasseur/Downloads/scaleli_sota/experimental/scaleli/results/aidb_dry/aidb.json --output /Users/louisvasseur/Downloads/scaleli_sota/experimental/scaleli/results/aidb_dry/sweep --timeout 14400
2026-09-21T14:54:20+00:00 [sweep] ok 14.2 s: python3.14
2026-09-21T14:54:20+00:00 [sweep] run: /opt/homebrew/opt/python@3.14/bin/python3.14 /Users/louisvasseur/Downloads/scaleli_sota/experimental/scaleli/tools/summarize.py /Users/louisvasseur/Downloads/scaleli_sota/experimental/scaleli/results/aidb_dry/sweep/results.jsonl --baseline packed_rank --output /Users/louisvasseur/Downloads/scaleli_sota/experimental/scaleli/results/aidb_dry/sweep/summary.csv
2026-09-21T14:54:20+00:00 [sweep] ok 0.4 s: python3.14
2026-09-21T14:54:20+00:00 [sweep] run: /opt/homebrew/opt/python@3.14/bin/python3.14 /Users/louisvasseur/Downloads/scaleli_sota/experimental/scaleli/tools/sweep_report.py /Users/louisvasseur/Downloads/scaleli_sota/experimental/scaleli/results/aidb_dry/sweep/summary.csv --output /Users/louisvasseur/Downloads/scaleli_sota/experimental/scaleli/results/aidb_dry/sweep/sweep_report.html
2026-09-21T14:54:20+00:00 [sweep] ok 0.1 s: python3.14
2026-09-21T14:54:20+00:00 [sweep] done in 14.6 s
2026-09-21T14:54:20+00:00 [throughput] begin
2026-09-21T14:54:20+00:00 [throughput] sorted_vector: clustered 20.31, dense_sparse_fixture 21.87, locally_hard 20.40, lognormal 20.30 MOPS
2026-09-21T14:54:20+00:00 [throughput] raw_rank: clustered 9.52, dense_sparse_fixture 10.96, locally_hard 10.92, lognormal 9.08 MOPS
2026-09-21T14:54:20+00:00 [throughput] packed_rank: clustered 3.96, dense_sparse_fixture 4.98, locally_hard 3.37, lognormal 4.38 MOPS
2026-09-21T14:54:20+00:00 [throughput] packed_rank_flow: clustered 3.93, dense_sparse_fixture 5.00, locally_hard 3.31, lognormal 4.25 MOPS
2026-09-21T14:54:20+00:00 [throughput] packed_rank_flow_forced: clustered 3.50, dense_sparse_fixture 4.32, locally_hard 2.96, lognormal 3.96 MOPS
2026-09-21T14:54:20+00:00 [throughput] packed_rank_vp10: clustered 3.96, dense_sparse_fixture 5.01, locally_hard 3.39, lognormal 4.44 MOPS
2026-09-21T14:54:20+00:00 [throughput] packed_rank_flow_vp10: clustered 3.98, dense_sparse_fixture 4.99, locally_hard 3.38, lognormal 4.21 MOPS
2026-09-21T14:54:20+00:00 [throughput] packed_byte: clustered 3.92, dense_sparse_fixture 5.06, locally_hard 3.36, lognormal 4.36 MOPS
2026-09-21T14:54:20+00:00 [throughput] done in 0.0 s
2026-09-21T14:54:20+00:00 [pipeline] finished
2026-09-21T14:57:20+00:00 [pipeline] start steps=['verify-downloads', 'sample', 'flows', 'sweep', 'throughput'] datasets=['dense_sparse_fixture', 'lognormal', 'clustered', 'locally_hard'] results=/Users/louisvasseur/Downloads/scaleli_sota/experimental/scaleli/results/aidb_dry dry_run=True
2026-09-21T14:57:20+00:00 [verify-downloads] begin
2026-09-21T14:57:20+00:00 [verify-downloads] dense_sparse_fixture: keep provenance (16,384 keys, sha256 621f0271a21d5cbb…)
2026-09-21T14:57:20+00:00 [verify-downloads] lognormal: keep provenance (50,000 keys, sha256 984476070aa3b632…)
2026-09-21T14:57:20+00:00 [verify-downloads] clustered: keep provenance (50,000 keys, sha256 85b7fc237c451912…)
2026-09-21T14:57:20+00:00 [verify-downloads] locally_hard: keep provenance (50,000 keys, sha256 56d69ddbb6faea64…)
2026-09-21T14:57:20+00:00 [verify-downloads] done in 0.0 s
2026-09-21T14:57:20+00:00 [sample] begin
2026-09-21T14:57:20+00:00 [sample] dense_sparse_fixture: keep dense_sparse_fixture_16384_uniform_s42 (16,384 keys)
2026-09-21T14:57:20+00:00 [sample] lognormal: keep lognormal_20K_uniform_s42 (20,000 keys)
2026-09-21T14:57:20+00:00 [sample] clustered: keep clustered_20K_uniform_s42 (20,000 keys)
2026-09-21T14:57:20+00:00 [sample] locally_hard: keep locally_hard_20K_uniform_s42 (20,000 keys)
2026-09-21T14:57:20+00:00 [sample] done in 0.0 s
2026-09-21T14:57:20+00:00 [flows] begin
2026-09-21T14:57:20+00:00 [flows] keep flows/dense_sparse_fixture_training.json
2026-09-21T14:57:20+00:00 [flows] dense_sparse_fixture: nll 4.1631, tail conflicts 2 -> 2, unordered pairs 0
2026-09-21T14:57:20+00:00 [flows] keep flows/lognormal_training.json
2026-09-21T14:57:20+00:00 [flows] lognormal: nll 0.5579, tail conflicts 195 -> 81, unordered pairs 0
2026-09-21T14:57:20+00:00 [flows] keep flows/clustered_training.json
2026-09-21T14:57:20+00:00 [flows] clustered: nll 4.1760, tail conflicts 442 -> 442, unordered pairs 0
2026-09-21T14:57:20+00:00 [flows] keep flows/locally_hard_training.json
2026-09-21T14:57:20+00:00 [flows] locally_hard: nll 4.1744, tail conflicts 5 -> 5, unordered pairs 0
2026-09-21T14:57:20+00:00 [flows] done in 0.0 s
2026-09-21T14:57:20+00:00 [sweep] begin
2026-09-21T14:57:20+00:00 [sweep] keep results/aidb_dry/sweep/results.jsonl
2026-09-21T14:57:20+00:00 [sweep] done in 0.0 s
2026-09-21T14:57:20+00:00 [throughput] begin
2026-09-21T14:57:20+00:00 [throughput] keep throughput.json
2026-09-21T14:57:20+00:00 [throughput] done in 0.0 s
2026-09-21T14:57:20+00:00 [pipeline] finished
2026-09-21T14:57:20+00:00 [pipeline] start steps=['hardness'] datasets=['dense_sparse_fixture', 'lognormal', 'clustered', 'locally_hard'] results=/Users/louisvasseur/Downloads/scaleli_sota/experimental/scaleli/results/aidb_dry dry_run=True
2026-09-21T14:57:20+00:00 [hardness] begin
2026-09-21T14:57:20+00:00 [hardness] FAILED: missing /Users/louisvasseur/Downloads/scaleli_sota/build-pipeline/experimental/scaleli/scaleli_hardness; build the CMake target scaleli_hardness (see --binary-dir)
2026-09-21T14:57:20+00:00 [pipeline] start steps=['scores'] datasets=['dense_sparse_fixture', 'lognormal', 'clustered', 'locally_hard'] results=/Users/louisvasseur/Downloads/scaleli_sota/experimental/scaleli/results/aidb_dry dry_run=True
2026-09-21T14:57:20+00:00 [scores] begin
2026-09-21T14:57:20+00:00 [scores] FAILED: missing /Users/louisvasseur/Downloads/scaleli_sota/experimental/scaleli/results/aidb_dry/hardness.json; run the hardness and throughput steps first
2026-09-21T14:57:20+00:00 [pipeline] start steps=['sweep'] datasets=['dense_sparse_fixture', 'lognormal', 'clustered', 'locally_hard'] results=/Users/louisvasseur/Downloads/scaleli_sota/experimental/scaleli/results/aidb_dry dry_run=True
2026-09-21T14:57:20+00:00 [sweep] begin
2026-09-21T14:57:20+00:00 [sweep] FAILED: /Users/louisvasseur/Downloads/scaleli_sota/experimental/scaleli/results/aidb_dry/sweep holds a sweep with different settings; pass --force or use another --results
2026-09-21T15:11:05+00:00 [pipeline] start steps=['verify-downloads', 'sample', 'flows', 'hardness', 'sweep', 'throughput', 'scores', 'report'] datasets=['dense_sparse_fixture', 'lognormal', 'clustered', 'locally_hard'] results=/Users/louisvasseur/Downloads/scaleli_sota/experimental/scaleli/results/aidb_dry dry_run=True
2026-09-21T15:11:05+00:00 [verify-downloads] begin
2026-09-21T15:11:05+00:00 [verify-downloads] dense_sparse_fixture: keep provenance (16,384 keys, sha256 621f0271a21d5cbb…)
2026-09-21T15:11:05+00:00 [verify-downloads] lognormal: keep provenance (50,000 keys, sha256 984476070aa3b632…)
2026-09-21T15:11:05+00:00 [verify-downloads] clustered: keep provenance (50,000 keys, sha256 85b7fc237c451912…)
2026-09-21T15:11:05+00:00 [verify-downloads] locally_hard: keep provenance (50,000 keys, sha256 56d69ddbb6faea64…)
2026-09-21T15:11:05+00:00 [verify-downloads] done in 0.0 s
2026-09-21T15:11:05+00:00 [sample] begin
2026-09-21T15:11:05+00:00 [sample] dense_sparse_fixture: keep dense_sparse_fixture_16384_uniform_s42 (16,384 keys)
2026-09-21T15:11:05+00:00 [sample] lognormal: keep lognormal_20K_uniform_s42 (20,000 keys)
2026-09-21T15:11:05+00:00 [sample] clustered: keep clustered_20K_uniform_s42 (20,000 keys)
2026-09-21T15:11:05+00:00 [sample] locally_hard: keep locally_hard_20K_uniform_s42 (20,000 keys)
2026-09-21T15:11:05+00:00 [sample] done in 0.0 s
2026-09-21T15:11:05+00:00 [flows] begin
2026-09-21T15:11:05+00:00 [flows] keep flows/dense_sparse_fixture_training.json
2026-09-21T15:11:05+00:00 [flows] dense_sparse_fixture: nll 4.1631, tail conflicts 2 -> 2, unordered pairs 0
2026-09-21T15:11:05+00:00 [flows] keep flows/lognormal_training.json
2026-09-21T15:11:05+00:00 [flows] lognormal: nll 0.5579, tail conflicts 195 -> 81, unordered pairs 0
2026-09-21T15:11:05+00:00 [flows] keep flows/clustered_training.json
2026-09-21T15:11:05+00:00 [flows] clustered: nll 4.1760, tail conflicts 442 -> 442, unordered pairs 0
2026-09-21T15:11:05+00:00 [flows] keep flows/locally_hard_training.json
2026-09-21T15:11:05+00:00 [flows] locally_hard: nll 4.1744, tail conflicts 5 -> 5, unordered pairs 0
2026-09-21T15:11:05+00:00 [flows] done in 0.0 s
2026-09-21T15:11:05+00:00 [hardness] begin
2026-09-21T15:11:05+00:00 [hardness] run: /Users/louisvasseur/Downloads/scaleli_sota/build-verify-e2e/experimental/scaleli/scaleli_hardness --data /Users/louisvasseur/Downloads/scaleli_sota/experimental/scaleli/results/aidb_dry/data/dense_sparse_fixture --flow /Users/louisvasseur/Downloads/scaleli_sota/experimental/scaleli/results/aidb_dry/flows/dense_sparse_fixture_2D2H2L.txt --dtype uint64 --region-keys 4096 --pla-eps 32,4096 --check-sorted 1
2026-09-21T15:11:05+00:00 [hardness] ok 0.1 s: scaleli_hardness
2026-09-21T15:11:05+00:00 [hardness] run: /Users/louisvasseur/Downloads/scaleli_sota/build-verify-e2e/experimental/scaleli/scaleli_hardness --data /Users/louisvasseur/Downloads/scaleli_sota/experimental/scaleli/results/aidb_dry/data/lognormal --flow /Users/louisvasseur/Downloads/scaleli_sota/experimental/scaleli/results/aidb_dry/flows/lognormal_2D2H2L.txt --dtype uint64 --region-keys 4096 --pla-eps 32,4096 --check-sorted 1
2026-09-21T15:11:05+00:00 [hardness] ok 0.0 s: scaleli_hardness
2026-09-21T15:11:05+00:00 [hardness] run: /Users/louisvasseur/Downloads/scaleli_sota/build-verify-e2e/experimental/scaleli/scaleli_hardness --data /Users/louisvasseur/Downloads/scaleli_sota/experimental/scaleli/results/aidb_dry/data/clustered --flow /Users/louisvasseur/Downloads/scaleli_sota/experimental/scaleli/results/aidb_dry/flows/clustered_2D2H2L.txt --dtype uint64 --region-keys 4096 --pla-eps 32,4096 --check-sorted 1
2026-09-21T15:11:05+00:00 [hardness] ok 0.0 s: scaleli_hardness
2026-09-21T15:11:05+00:00 [hardness] run: /Users/louisvasseur/Downloads/scaleli_sota/build-verify-e2e/experimental/scaleli/scaleli_hardness --data /Users/louisvasseur/Downloads/scaleli_sota/experimental/scaleli/results/aidb_dry/data/locally_hard --flow /Users/louisvasseur/Downloads/scaleli_sota/experimental/scaleli/results/aidb_dry/flows/locally_hard_2D2H2L.txt --dtype uint64 --region-keys 4096 --pla-eps 32,4096 --check-sorted 1
2026-09-21T15:11:05+00:00 [hardness] ok 0.0 s: scaleli_hardness
2026-09-21T15:11:05+00:00 [hardness] run: /Users/louisvasseur/Downloads/scaleli_sota/build-verify-e2e/experimental/scaleli/scaleli_hardness --data /Users/louisvasseur/Downloads/scaleli_sota/experimental/scaleli/results/aidb_dry/samples/dense_sparse_fixture_16384_uniform_s42 --flow /Users/louisvasseur/Downloads/scaleli_sota/experimental/scaleli/results/aidb_dry/flows/dense_sparse_fixture_2D2H2L.txt --virtual-alpha 0.1 --dtype uint64 --region-keys 4096 --pla-eps 32,4096 --check-sorted 1
2026-09-21T15:11:05+00:00 [hardness] ok 0.1 s: scaleli_hardness
2026-09-21T15:11:05+00:00 [hardness] run: /Users/louisvasseur/Downloads/scaleli_sota/build-verify-e2e/experimental/scaleli/scaleli_hardness --data /Users/louisvasseur/Downloads/scaleli_sota/experimental/scaleli/results/aidb_dry/samples/dense_sparse_fixture_16384_uniform_s42 --virtual-alpha 0.1 --dtype uint64 --region-keys 4096 --pla-eps 32,4096 --check-sorted 1
2026-09-21T15:11:05+00:00 [hardness] ok 0.1 s: scaleli_hardness
2026-09-21T15:11:05+00:00 [hardness] run: /Users/louisvasseur/Downloads/scaleli_sota/build-verify-e2e/experimental/scaleli/scaleli_hardness --data /Users/louisvasseur/Downloads/scaleli_sota/experimental/scaleli/results/aidb_dry/samples/lognormal_20K_uniform_s42 --flow /Users/louisvasseur/Downloads/scaleli_sota/experimental/scaleli/results/aidb_dry/flows/lognormal_2D2H2L.txt --virtual-alpha 0.1 --dtype uint64 --region-keys 4096 --pla-eps 32,4096 --check-sorted 1
2026-09-21T15:11:05+00:00 [hardness] ok 0.1 s: scaleli_hardness
2026-09-21T15:11:05+00:00 [hardness] run: /Users/louisvasseur/Downloads/scaleli_sota/build-verify-e2e/experimental/scaleli/scaleli_hardness --data /Users/louisvasseur/Downloads/scaleli_sota/experimental/scaleli/results/aidb_dry/samples/lognormal_20K_uniform_s42 --virtual-alpha 0.1 --dtype uint64 --region-keys 4096 --pla-eps 32,4096 --check-sorted 1
2026-09-21T15:11:05+00:00 [hardness] ok 0.1 s: scaleli_hardness
2026-09-21T15:11:05+00:00 [hardness] run: /Users/louisvasseur/Downloads/scaleli_sota/build-verify-e2e/experimental/scaleli/scaleli_hardness --data /Users/louisvasseur/Downloads/scaleli_sota/experimental/scaleli/results/aidb_dry/samples/clustered_20K_uniform_s42 --flow /Users/louisvasseur/Downloads/scaleli_sota/experimental/scaleli/results/aidb_dry/flows/clustered_2D2H2L.txt --virtual-alpha 0.1 --dtype uint64 --region-keys 4096 --pla-eps 32,4096 --check-sorted 1
2026-09-21T15:11:06+00:00 [hardness] ok 0.2 s: scaleli_hardness
2026-09-21T15:11:06+00:00 [hardness] run: /Users/louisvasseur/Downloads/scaleli_sota/build-verify-e2e/experimental/scaleli/scaleli_hardness --data /Users/louisvasseur/Downloads/scaleli_sota/experimental/scaleli/results/aidb_dry/samples/clustered_20K_uniform_s42 --virtual-alpha 0.1 --dtype uint64 --region-keys 4096 --pla-eps 32,4096 --check-sorted 1
2026-09-21T15:11:06+00:00 [hardness] ok 0.1 s: scaleli_hardness
2026-09-21T15:11:06+00:00 [hardness] run: /Users/louisvasseur/Downloads/scaleli_sota/build-verify-e2e/experimental/scaleli/scaleli_hardness --data /Users/louisvasseur/Downloads/scaleli_sota/experimental/scaleli/results/aidb_dry/samples/locally_hard_20K_uniform_s42 --flow /Users/louisvasseur/Downloads/scaleli_sota/experimental/scaleli/results/aidb_dry/flows/locally_hard_2D2H2L.txt --virtual-alpha 0.1 --dtype uint64 --region-keys 4096 --pla-eps 32,4096 --check-sorted 1
2026-09-21T15:11:06+00:00 [hardness] ok 0.2 s: scaleli_hardness
2026-09-21T15:11:06+00:00 [hardness] run: /Users/louisvasseur/Downloads/scaleli_sota/build-verify-e2e/experimental/scaleli/scaleli_hardness --data /Users/louisvasseur/Downloads/scaleli_sota/experimental/scaleli/results/aidb_dry/samples/locally_hard_20K_uniform_s42 --virtual-alpha 0.1 --dtype uint64 --region-keys 4096 --pla-eps 32,4096 --check-sorted 1
2026-09-21T15:11:06+00:00 [hardness] ok 0.2 s: scaleli_hardness
2026-09-21T15:11:06+00:00 [hardness] dense_sparse_fixture: full CD=129 PLA-32=107, full_flow CD=129 PLA-32=107, sample CD=129 PLA-32=107, sample_flow CD=129 PLA-32=107, sample_flow_csv CD=129 PLA-32=99, sample_csv CD=129 PLA-32=99
2026-09-21T15:11:06+00:00 [hardness] lognormal: full CD=98 PLA-32=35, full_flow CD=56 PLA-32=33, sample CD=69 PLA-32=22, sample_flow CD=49 PLA-32=20, sample_flow_csv CD=48 PLA-32=23, sample_csv CD=103 PLA-32=24
2026-09-21T15:11:06+00:00 [hardness] clustered: full CD=1024 PLA-32=49, full_flow CD=1024 PLA-32=49, sample CD=443 PLA-32=49, sample_flow CD=443 PLA-32=49, sample_flow_csv CD=443 PLA-32=86, sample_csv CD=430 PLA-32=86
2026-09-21T15:11:06+00:00 [hardness] locally_hard: full CD=8 PLA-32=1, full_flow CD=8 PLA-32=4, sample CD=8 PLA-32=4, sample_flow CD=8 PLA-32=5, sample_flow_csv CD=8 PLA-32=3, sample_csv CD=8 PLA-32=3
2026-09-21T15:11:06+00:00 [hardness] done in 1.3 s
2026-09-21T15:11:06+00:00 [sweep] begin
2026-09-21T15:11:06+00:00 [sweep] keep results/aidb_dry/sweep/results.jsonl
2026-09-21T15:11:06+00:00 [sweep] done in 0.0 s
2026-09-21T15:11:06+00:00 [throughput] begin
2026-09-21T15:11:06+00:00 [throughput] keep throughput.json
2026-09-21T15:11:06+00:00 [throughput] done in 0.0 s
2026-09-21T15:11:06+00:00 [scores] begin
2026-09-21T15:11:06+00:00 [scores] run: /opt/homebrew/opt/python@3.14/bin/python3.14 /Users/louisvasseur/Downloads/scaleli_sota/experimental/scaleli/tools/aidb_scores.py --hardness /Users/louisvasseur/Downloads/scaleli_sota/experimental/scaleli/results/aidb_dry/hardness.json --throughput /Users/louisvasseur/Downloads/scaleli_sota/experimental/scaleli/results/aidb_dry/throughput.json --output /Users/louisvasseur/Downloads/scaleli_sota/experimental/scaleli/results/aidb_dry/scores.json
2026-09-21T15:11:06+00:00 [scores] ok 0.1 s: python3.14
2026-09-21T15:11:06+00:00 [scores] full: PLA-32 Conf=-0.81 Cov=1.00, CD Conf=-0.69 Cov=1.00, PLA-32·PLA-4096 Conf=-0.88 Cov=0.33, CD·PLA-32 Conf=-0.76 Cov=0.67
2026-09-21T15:11:06+00:00 [scores] full_flow: PLA-32 Conf=-0.81 Cov=1.00, CD Conf=-0.69 Cov=1.00, PLA-32·PLA-4096 Conf=-0.88 Cov=0.33, CD·PLA-32 Conf=-0.76 Cov=0.67
2026-09-21T15:11:06+00:00 [scores] sample: PLA-32 Conf=-0.81 Cov=1.00, CD Conf=-0.69 Cov=1.00, PLA-32·PLA-4096 Conf=-0.88 Cov=0.33, CD·PLA-32 Conf=-0.76 Cov=0.67
2026-09-21T15:11:06+00:00 [scores] sample_flow: PLA-32 Conf=-0.81 Cov=1.00, CD Conf=-0.69 Cov=1.00, PLA-32·PLA-4096 Conf=-0.88 Cov=0.33, CD·PLA-32 Conf=-0.76 Cov=0.67
2026-09-21T15:11:06+00:00 [scores] sample_csv: PLA-32 Conf=-0.81 Cov=1.00, CD Conf=-0.69 Cov=1.00, PLA-32·PLA-4096 Conf=-0.88 Cov=0.33, CD·PLA-32 Conf=-0.76 Cov=0.67
2026-09-21T15:11:06+00:00 [scores] sample_flow_csv: PLA-32 Conf=-0.81 Cov=1.00, CD Conf=-0.69 Cov=1.00, PLA-32·PLA-4096 Conf=-0.88 Cov=0.33, CD·PLA-32 Conf=-0.76 Cov=0.67
2026-09-21T15:11:06+00:00 [scores] done in 0.1 s
2026-09-21T15:11:06+00:00 [report] begin
2026-09-21T15:11:06+00:00 [report] run: /opt/homebrew/opt/python@3.14/bin/python3.14 /Users/louisvasseur/Downloads/scaleli_sota/experimental/scaleli/tools/aidb_report.py --results /Users/louisvasseur/Downloads/scaleli_sota/experimental/scaleli/results/aidb_dry --output /Users/louisvasseur/Downloads/scaleli_sota/experimental/scaleli/results/aidb_dry/report.html
2026-09-21T15:11:06+00:00 [report] ok 0.1 s: python3.14
2026-09-21T15:11:06+00:00 [report] wrote /Users/louisvasseur/Downloads/scaleli_sota/experimental/scaleli/results/aidb_dry/report.html
2026-09-21T15:11:06+00:00 [report] done in 0.1 s
2026-09-21T15:11:06+00:00 [pipeline] finished
2026-09-21T15:12:52+00:00 [pipeline] start steps=['verify-downloads', 'sample', 'flows', 'hardness', 'sweep', 'throughput', 'scores', 'report'] datasets=['dense_sparse_fixture', 'lognormal', 'clustered', 'locally_hard'] results=/Users/louisvasseur/Downloads/scaleli_sota/experimental/scaleli/results/aidb_dry dry_run=True
2026-09-21T15:12:52+00:00 [verify-downloads] begin
2026-09-21T15:12:52+00:00 [verify-downloads] dense_sparse_fixture: keep provenance (16,384 keys, sha256 621f0271a21d5cbb…)
2026-09-21T15:12:52+00:00 [verify-downloads] lognormal: keep provenance (50,000 keys, sha256 984476070aa3b632…)
2026-09-21T15:12:52+00:00 [verify-downloads] clustered: keep provenance (50,000 keys, sha256 85b7fc237c451912…)
2026-09-21T15:12:52+00:00 [verify-downloads] locally_hard: keep provenance (50,000 keys, sha256 56d69ddbb6faea64…)
2026-09-21T15:12:52+00:00 [verify-downloads] done in 0.0 s
2026-09-21T15:12:52+00:00 [sample] begin
2026-09-21T15:12:52+00:00 [sample] dense_sparse_fixture: keep dense_sparse_fixture_16384_uniform_s42 (16,384 keys)
2026-09-21T15:12:52+00:00 [sample] lognormal: keep lognormal_20K_uniform_s42 (20,000 keys)
2026-09-21T15:12:52+00:00 [sample] clustered: keep clustered_20K_uniform_s42 (20,000 keys)
2026-09-21T15:12:52+00:00 [sample] locally_hard: keep locally_hard_20K_uniform_s42 (20,000 keys)
2026-09-21T15:12:52+00:00 [sample] done in 0.0 s
2026-09-21T15:12:52+00:00 [flows] begin
2026-09-21T15:12:52+00:00 [flows] keep flows/dense_sparse_fixture_training.json
2026-09-21T15:12:52+00:00 [flows] dense_sparse_fixture: nll 4.1631, tail conflicts 2 -> 2, unordered pairs 0
2026-09-21T15:12:52+00:00 [flows] keep flows/lognormal_training.json
2026-09-21T15:12:52+00:00 [flows] lognormal: nll 0.5579, tail conflicts 195 -> 81, unordered pairs 0
2026-09-21T15:12:52+00:00 [flows] keep flows/clustered_training.json
2026-09-21T15:12:52+00:00 [flows] clustered: nll 4.1760, tail conflicts 442 -> 442, unordered pairs 0
2026-09-21T15:12:52+00:00 [flows] keep flows/locally_hard_training.json
2026-09-21T15:12:52+00:00 [flows] locally_hard: nll 4.1744, tail conflicts 5 -> 5, unordered pairs 0
2026-09-21T15:12:52+00:00 [flows] done in 0.0 s
2026-09-21T15:12:52+00:00 [hardness] begin
2026-09-21T15:12:52+00:00 [hardness] keep hardness/dense_sparse_fixture_full.json
2026-09-21T15:12:52+00:00 [hardness] keep hardness/lognormal_full.json
2026-09-21T15:12:52+00:00 [hardness] keep hardness/clustered_full.json
2026-09-21T15:12:52+00:00 [hardness] keep hardness/locally_hard_full.json
2026-09-21T15:12:52+00:00 [hardness] keep hardness/dense_sparse_fixture_sample_flow.json
2026-09-21T15:12:52+00:00 [hardness] keep hardness/dense_sparse_fixture_sample_csv.json
2026-09-21T15:12:52+00:00 [hardness] keep hardness/lognormal_sample_flow.json
2026-09-21T15:12:52+00:00 [hardness] keep hardness/lognormal_sample_csv.json
2026-09-21T15:12:52+00:00 [hardness] keep hardness/clustered_sample_flow.json
2026-09-21T15:12:52+00:00 [hardness] keep hardness/clustered_sample_csv.json
2026-09-21T15:12:52+00:00 [hardness] keep hardness/locally_hard_sample_flow.json
2026-09-21T15:12:52+00:00 [hardness] keep hardness/locally_hard_sample_csv.json
2026-09-21T15:12:52+00:00 [hardness] dense_sparse_fixture: full CD=129 PLA-32=107, full_flow CD=129 PLA-32=107, sample CD=129 PLA-32=107, sample_flow CD=129 PLA-32=107, sample_flow_csv CD=129 PLA-32=99, sample_csv CD=129 PLA-32=99
2026-09-21T15:12:52+00:00 [hardness] lognormal: full CD=98 PLA-32=35, full_flow CD=56 PLA-32=33, sample CD=69 PLA-32=22, sample_flow CD=49 PLA-32=20, sample_flow_csv CD=48 PLA-32=23, sample_csv CD=103 PLA-32=24
2026-09-21T15:12:52+00:00 [hardness] clustered: full CD=1024 PLA-32=49, full_flow CD=1024 PLA-32=49, sample CD=443 PLA-32=49, sample_flow CD=443 PLA-32=49, sample_flow_csv CD=443 PLA-32=86, sample_csv CD=430 PLA-32=86
2026-09-21T15:12:52+00:00 [hardness] locally_hard: full CD=8 PLA-32=1, full_flow CD=8 PLA-32=4, sample CD=8 PLA-32=4, sample_flow CD=8 PLA-32=5, sample_flow_csv CD=8 PLA-32=3, sample_csv CD=8 PLA-32=3
2026-09-21T15:12:52+00:00 [hardness] done in 0.0 s
2026-09-21T15:12:52+00:00 [sweep] begin
2026-09-21T15:12:52+00:00 [sweep] FAILED: /Users/louisvasseur/Downloads/scaleli_sota/experimental/scaleli/results/aidb_dry/sweep holds a sweep with different settings; pass --force or use another --results
2026-09-21T15:12:52+00:00 [pipeline] start steps=['verify-downloads', 'sample', 'flows', 'hardness', 'sweep', 'throughput', 'scores', 'report'] datasets=['dense_sparse_fixture', 'lognormal', 'clustered', 'locally_hard'] results=/Users/louisvasseur/Downloads/scaleli_sota/experimental/scaleli/results/aidb_dry dry_run=True
2026-09-21T15:12:52+00:00 [verify-downloads] begin
2026-09-21T15:12:52+00:00 [verify-downloads] dense_sparse_fixture: copied fixture dense_sparse_fixture_uint64
2026-09-21T15:12:52+00:00 [verify-downloads] run: /Users/louisvasseur/Downloads/scaleli_sota/build-verify-e2e/experimental/scaleli/scaleli_bench --distribution lognormal --n 50000 --seed 42 --ops 1 --profile read_only --load-ratio 1 --verify 0 --instrument 0 --warmup 0 --dump-keys /Users/louisvasseur/Downloads/scaleli_sota/experimental/scaleli/results/aidb_dry/data/lognormal.part
2026-09-21T15:12:52+00:00 [verify-downloads] ok 0.0 s: scaleli_bench
2026-09-21T15:12:52+00:00 [verify-downloads] lognormal: generated 50,000 synthetic lognormal keys
2026-09-21T15:12:52+00:00 [verify-downloads] run: /Users/louisvasseur/Downloads/scaleli_sota/build-verify-e2e/experimental/scaleli/scaleli_bench --distribution clustered --n 50000 --seed 42 --ops 1 --profile read_only --load-ratio 1 --verify 0 --instrument 0 --warmup 0 --dump-keys /Users/louisvasseur/Downloads/scaleli_sota/experimental/scaleli/results/aidb_dry/data/clustered.part
2026-09-21T15:12:52+00:00 [verify-downloads] ok 0.0 s: scaleli_bench
2026-09-21T15:12:52+00:00 [verify-downloads] clustered: generated 50,000 synthetic clustered keys
2026-09-21T15:12:52+00:00 [verify-downloads] run: /Users/louisvasseur/Downloads/scaleli_sota/build-verify-e2e/experimental/scaleli/scaleli_bench --distribution locally_hard --n 50000 --seed 42 --ops 1 --profile read_only --load-ratio 1 --verify 0 --instrument 0 --warmup 0 --dump-keys /Users/louisvasseur/Downloads/scaleli_sota/experimental/scaleli/results/aidb_dry/data/locally_hard.part
2026-09-21T15:12:52+00:00 [verify-downloads] ok 0.0 s: scaleli_bench
2026-09-21T15:12:52+00:00 [verify-downloads] locally_hard: generated 50,000 synthetic locally_hard keys
2026-09-21T15:12:52+00:00 [verify-downloads] dense_sparse_fixture: 16,384 keys, 131,080 bytes, sha256 621f0271a21d5cbb… (0.0 s)
2026-09-21T15:12:52+00:00 [verify-downloads] lognormal: 50,000 keys, 400,008 bytes, sha256 984476070aa3b632… (0.0 s)
2026-09-21T15:12:52+00:00 [verify-downloads] clustered: 50,000 keys, 400,008 bytes, sha256 85b7fc237c451912… (0.0 s)
2026-09-21T15:12:52+00:00 [verify-downloads] locally_hard: 50,000 keys, 400,008 bytes, sha256 56d69ddbb6faea64… (0.0 s)
2026-09-21T15:12:52+00:00 [verify-downloads] done in 0.1 s
2026-09-21T15:12:52+00:00 [sample] begin
2026-09-21T15:12:52+00:00 [sample] run: /opt/homebrew/opt/python@3.14/bin/python3.14 /Users/louisvasseur/Downloads/scaleli_sota/experimental/scaleli/tools/datasets.py sample /Users/louisvasseur/Downloads/scaleli_sota/experimental/scaleli/results/aidb_dry/data/dense_sparse_fixture /Users/louisvasseur/Downloads/scaleli_sota/experimental/scaleli/results/aidb_dry/samples/dense_sparse_fixture_16384_uniform_s42 --n 16384 --dtype uint64 --mode uniform --seed 42
2026-09-21T15:12:53+00:00 [sample] ok 0.1 s: python3.14
2026-09-21T15:12:53+00:00 [sample] dense_sparse_fixture: wrote dense_sparse_fixture_16384_uniform_s42 (16,384 keys)
2026-09-21T15:12:53+00:00 [sample] run: /opt/homebrew/opt/python@3.14/bin/python3.14 /Users/louisvasseur/Downloads/scaleli_sota/experimental/scaleli/tools/datasets.py sample /Users/louisvasseur/Downloads/scaleli_sota/experimental/scaleli/results/aidb_dry/data/lognormal /Users/louisvasseur/Downloads/scaleli_sota/experimental/scaleli/results/aidb_dry/samples/lognormal_20K_uniform_s42 --n 20000 --dtype uint64 --mode uniform --seed 42
2026-09-21T15:12:53+00:00 [sample] ok 0.1 s: python3.14
2026-09-21T15:12:53+00:00 [sample] lognormal: wrote lognormal_20K_uniform_s42 (20,000 keys)
2026-09-21T15:12:53+00:00 [sample] run: /opt/homebrew/opt/python@3.14/bin/python3.14 /Users/louisvasseur/Downloads/scaleli_sota/experimental/scaleli/tools/datasets.py sample /Users/louisvasseur/Downloads/scaleli_sota/experimental/scaleli/results/aidb_dry/data/clustered /Users/louisvasseur/Downloads/scaleli_sota/experimental/scaleli/results/aidb_dry/samples/clustered_20K_uniform_s42 --n 20000 --dtype uint64 --mode uniform --seed 42
2026-09-21T15:12:53+00:00 [sample] ok 0.1 s: python3.14
2026-09-21T15:12:53+00:00 [sample] clustered: wrote clustered_20K_uniform_s42 (20,000 keys)
2026-09-21T15:12:53+00:00 [sample] run: /opt/homebrew/opt/python@3.14/bin/python3.14 /Users/louisvasseur/Downloads/scaleli_sota/experimental/scaleli/tools/datasets.py sample /Users/louisvasseur/Downloads/scaleli_sota/experimental/scaleli/results/aidb_dry/data/locally_hard /Users/louisvasseur/Downloads/scaleli_sota/experimental/scaleli/results/aidb_dry/samples/locally_hard_20K_uniform_s42 --n 20000 --dtype uint64 --mode uniform --seed 42
2026-09-21T15:12:53+00:00 [sample] ok 0.1 s: python3.14
2026-09-21T15:12:53+00:00 [sample] locally_hard: wrote locally_hard_20K_uniform_s42 (20,000 keys)
2026-09-21T15:12:53+00:00 [sample] done in 0.5 s
2026-09-21T15:12:53+00:00 [flows] begin
2026-09-21T15:12:53+00:00 [flows] run: /opt/homebrew/opt/python@3.14/bin/python3.14 /Users/louisvasseur/Downloads/scaleli_sota/experimental/scaleli/tools/train_flow.py /Users/louisvasseur/Downloads/scaleli_sota/experimental/scaleli/results/aidb_dry/samples/dense_sparse_fixture_16384_uniform_s42 --dtype uint64 --output /Users/louisvasseur/Downloads/scaleli_sota/experimental/scaleli/results/aidb_dry/flows/dense_sparse_fixture_2D2H2L.txt --sample 4096 --steps 200 --monotone
2026-09-21T15:12:55+00:00 [flows] ok 2.4 s: python3.14
2026-09-21T15:12:55+00:00 [flows] dense_sparse_fixture: nll 4.1631, tail conflicts 2 -> 2, unordered pairs 0
2026-09-21T15:12:55+00:00 [flows] run: /opt/homebrew/opt/python@3.14/bin/python3.14 /Users/louisvasseur/Downloads/scaleli_sota/experimental/scaleli/tools/train_flow.py /Users/louisvasseur/Downloads/scaleli_sota/experimental/scaleli/results/aidb_dry/samples/lognormal_20K_uniform_s42 --dtype uint64 --output /Users/louisvasseur/Downloads/scaleli_sota/experimental/scaleli/results/aidb_dry/flows/lognormal_2D2H2L.txt --sample 4096 --steps 200 --monotone
2026-09-21T15:12:58+00:00 [flows] ok 2.5 s: python3.14
2026-09-21T15:12:58+00:00 [flows] lognormal: nll 0.5579, tail conflicts 195 -> 81, unordered pairs 0
2026-09-21T15:12:58+00:00 [flows] run: /opt/homebrew/opt/python@3.14/bin/python3.14 /Users/louisvasseur/Downloads/scaleli_sota/experimental/scaleli/tools/train_flow.py /Users/louisvasseur/Downloads/scaleli_sota/experimental/scaleli/results/aidb_dry/samples/clustered_20K_uniform_s42 --dtype uint64 --output /Users/louisvasseur/Downloads/scaleli_sota/experimental/scaleli/results/aidb_dry/flows/clustered_2D2H2L.txt --sample 4096 --steps 200 --monotone
2026-09-21T15:13:00+00:00 [flows] ok 2.5 s: python3.14
2026-09-21T15:13:00+00:00 [flows] clustered: nll 4.1760, tail conflicts 442 -> 442, unordered pairs 0
2026-09-21T15:13:00+00:00 [flows] run: /opt/homebrew/opt/python@3.14/bin/python3.14 /Users/louisvasseur/Downloads/scaleli_sota/experimental/scaleli/tools/train_flow.py /Users/louisvasseur/Downloads/scaleli_sota/experimental/scaleli/results/aidb_dry/samples/locally_hard_20K_uniform_s42 --dtype uint64 --output /Users/louisvasseur/Downloads/scaleli_sota/experimental/scaleli/results/aidb_dry/flows/locally_hard_2D2H2L.txt --sample 4096 --steps 200 --monotone
2026-09-21T15:13:03+00:00 [flows] ok 2.5 s: python3.14
2026-09-21T15:13:03+00:00 [flows] locally_hard: nll 4.1744, tail conflicts 5 -> 5, unordered pairs 0
2026-09-21T15:13:03+00:00 [flows] done in 9.9 s
2026-09-21T15:13:03+00:00 [hardness] begin
2026-09-21T15:13:03+00:00 [hardness] run: /Users/louisvasseur/Downloads/scaleli_sota/build-verify-e2e/experimental/scaleli/scaleli_hardness --data /Users/louisvasseur/Downloads/scaleli_sota/experimental/scaleli/results/aidb_dry/data/dense_sparse_fixture --flow /Users/louisvasseur/Downloads/scaleli_sota/experimental/scaleli/results/aidb_dry/flows/dense_sparse_fixture_2D2H2L.txt --dtype uint64 --region-keys 4096 --pla-eps 32,4096 --check-sorted 1
2026-09-21T15:13:03+00:00 [hardness] ok 0.0 s: scaleli_hardness
2026-09-21T15:13:03+00:00 [hardness] run: /Users/louisvasseur/Downloads/scaleli_sota/build-verify-e2e/experimental/scaleli/scaleli_hardness --data /Users/louisvasseur/Downloads/scaleli_sota/experimental/scaleli/results/aidb_dry/data/lognormal --flow /Users/louisvasseur/Downloads/scaleli_sota/experimental/scaleli/results/aidb_dry/flows/lognormal_2D2H2L.txt --dtype uint64 --region-keys 4096 --pla-eps 32,4096 --check-sorted 1
2026-09-21T15:13:03+00:00 [hardness] ok 0.0 s: scaleli_hardness
2026-09-21T15:13:03+00:00 [hardness] run: /Users/louisvasseur/Downloads/scaleli_sota/build-verify-e2e/experimental/scaleli/scaleli_hardness --data /Users/louisvasseur/Downloads/scaleli_sota/experimental/scaleli/results/aidb_dry/data/clustered --flow /Users/louisvasseur/Downloads/scaleli_sota/experimental/scaleli/results/aidb_dry/flows/clustered_2D2H2L.txt --dtype uint64 --region-keys 4096 --pla-eps 32,4096 --check-sorted 1
2026-09-21T15:13:03+00:00 [hardness] ok 0.0 s: scaleli_hardness
2026-09-21T15:13:03+00:00 [hardness] run: /Users/louisvasseur/Downloads/scaleli_sota/build-verify-e2e/experimental/scaleli/scaleli_hardness --data /Users/louisvasseur/Downloads/scaleli_sota/experimental/scaleli/results/aidb_dry/data/locally_hard --flow /Users/louisvasseur/Downloads/scaleli_sota/experimental/scaleli/results/aidb_dry/flows/locally_hard_2D2H2L.txt --dtype uint64 --region-keys 4096 --pla-eps 32,4096 --check-sorted 1
2026-09-21T15:13:03+00:00 [hardness] ok 0.0 s: scaleli_hardness
2026-09-21T15:13:03+00:00 [hardness] run: /Users/louisvasseur/Downloads/scaleli_sota/build-verify-e2e/experimental/scaleli/scaleli_hardness --data /Users/louisvasseur/Downloads/scaleli_sota/experimental/scaleli/results/aidb_dry/samples/dense_sparse_fixture_16384_uniform_s42 --flow /Users/louisvasseur/Downloads/scaleli_sota/experimental/scaleli/results/aidb_dry/flows/dense_sparse_fixture_2D2H2L.txt --virtual-alpha 0.1 --dtype uint64 --region-keys 4096 --pla-eps 32,4096 --check-sorted 1
2026-09-21T15:13:03+00:00 [hardness] ok 0.1 s: scaleli_hardness
2026-09-21T15:13:03+00:00 [hardness] run: /Users/louisvasseur/Downloads/scaleli_sota/build-verify-e2e/experimental/scaleli/scaleli_hardness --data /Users/louisvasseur/Downloads/scaleli_sota/experimental/scaleli/results/aidb_dry/samples/dense_sparse_fixture_16384_uniform_s42 --virtual-alpha 0.1 --dtype uint64 --region-keys 4096 --pla-eps 32,4096 --check-sorted 1
2026-09-21T15:13:03+00:00 [hardness] ok 0.1 s: scaleli_hardness
2026-09-21T15:13:03+00:00 [hardness] run: /Users/louisvasseur/Downloads/scaleli_sota/build-verify-e2e/experimental/scaleli/scaleli_hardness --data /Users/louisvasseur/Downloads/scaleli_sota/experimental/scaleli/results/aidb_dry/samples/lognormal_20K_uniform_s42 --flow /Users/louisvasseur/Downloads/scaleli_sota/experimental/scaleli/results/aidb_dry/flows/lognormal_2D2H2L.txt --virtual-alpha 0.1 --dtype uint64 --region-keys 4096 --pla-eps 32,4096 --check-sorted 1
2026-09-21T15:13:03+00:00 [hardness] ok 0.1 s: scaleli_hardness
2026-09-21T15:13:03+00:00 [hardness] run: /Users/louisvasseur/Downloads/scaleli_sota/build-verify-e2e/experimental/scaleli/scaleli_hardness --data /Users/louisvasseur/Downloads/scaleli_sota/experimental/scaleli/results/aidb_dry/samples/lognormal_20K_uniform_s42 --virtual-alpha 0.1 --dtype uint64 --region-keys 4096 --pla-eps 32,4096 --check-sorted 1
2026-09-21T15:13:03+00:00 [hardness] ok 0.1 s: scaleli_hardness
2026-09-21T15:13:03+00:00 [hardness] run: /Users/louisvasseur/Downloads/scaleli_sota/build-verify-e2e/experimental/scaleli/scaleli_hardness --data /Users/louisvasseur/Downloads/scaleli_sota/experimental/scaleli/results/aidb_dry/samples/clustered_20K_uniform_s42 --flow /Users/louisvasseur/Downloads/scaleli_sota/experimental/scaleli/results/aidb_dry/flows/clustered_2D2H2L.txt --virtual-alpha 0.1 --dtype uint64 --region-keys 4096 --pla-eps 32,4096 --check-sorted 1
2026-09-21T15:13:03+00:00 [hardness] ok 0.2 s: scaleli_hardness
2026-09-21T15:13:03+00:00 [hardness] run: /Users/louisvasseur/Downloads/scaleli_sota/build-verify-e2e/experimental/scaleli/scaleli_hardness --data /Users/louisvasseur/Downloads/scaleli_sota/experimental/scaleli/results/aidb_dry/samples/clustered_20K_uniform_s42 --virtual-alpha 0.1 --dtype uint64 --region-keys 4096 --pla-eps 32,4096 --check-sorted 1
2026-09-21T15:13:03+00:00 [hardness] ok 0.1 s: scaleli_hardness
2026-09-21T15:13:03+00:00 [hardness] run: /Users/louisvasseur/Downloads/scaleli_sota/build-verify-e2e/experimental/scaleli/scaleli_hardness --data /Users/louisvasseur/Downloads/scaleli_sota/experimental/scaleli/results/aidb_dry/samples/locally_hard_20K_uniform_s42 --flow /Users/louisvasseur/Downloads/scaleli_sota/experimental/scaleli/results/aidb_dry/flows/locally_hard_2D2H2L.txt --virtual-alpha 0.1 --dtype uint64 --region-keys 4096 --pla-eps 32,4096 --check-sorted 1
2026-09-21T15:13:04+00:00 [hardness] ok 0.2 s: scaleli_hardness
2026-09-21T15:13:04+00:00 [hardness] run: /Users/louisvasseur/Downloads/scaleli_sota/build-verify-e2e/experimental/scaleli/scaleli_hardness --data /Users/louisvasseur/Downloads/scaleli_sota/experimental/scaleli/results/aidb_dry/samples/locally_hard_20K_uniform_s42 --virtual-alpha 0.1 --dtype uint64 --region-keys 4096 --pla-eps 32,4096 --check-sorted 1
2026-09-21T15:13:04+00:00 [hardness] ok 0.2 s: scaleli_hardness
2026-09-21T15:13:04+00:00 [hardness] dense_sparse_fixture: full CD=129 PLA-32=107, full_flow CD=129 PLA-32=107, sample CD=129 PLA-32=107, sample_flow CD=129 PLA-32=107, sample_flow_csv CD=129 PLA-32=99, sample_csv CD=129 PLA-32=99
2026-09-21T15:13:04+00:00 [hardness] lognormal: full CD=98 PLA-32=35, full_flow CD=56 PLA-32=33, sample CD=69 PLA-32=22, sample_flow CD=49 PLA-32=20, sample_flow_csv CD=48 PLA-32=23, sample_csv CD=103 PLA-32=24
2026-09-21T15:13:04+00:00 [hardness] clustered: full CD=1024 PLA-32=49, full_flow CD=1024 PLA-32=49, sample CD=443 PLA-32=49, sample_flow CD=443 PLA-32=49, sample_flow_csv CD=443 PLA-32=86, sample_csv CD=430 PLA-32=86
2026-09-21T15:13:04+00:00 [hardness] locally_hard: full CD=8 PLA-32=1, full_flow CD=8 PLA-32=4, sample CD=8 PLA-32=4, sample_flow CD=8 PLA-32=5, sample_flow_csv CD=8 PLA-32=3, sample_csv CD=8 PLA-32=3
2026-09-21T15:13:04+00:00 [hardness] done in 1.1 s
2026-09-21T15:13:04+00:00 [sweep] begin
2026-09-21T15:13:04+00:00 [sweep] force: removed previous sweep
2026-09-21T15:13:04+00:00 [sweep] run: /opt/homebrew/opt/python@3.14/bin/python3.14 /Users/louisvasseur/Downloads/scaleli_sota/experimental/scaleli/tools/run_suite.py --binary /Users/louisvasseur/Downloads/scaleli_sota/build-verify-e2e/experimental/scaleli/scaleli_bench --config /Users/louisvasseur/Downloads/scaleli_sota/experimental/scaleli/results/aidb_dry/aidb.json --output /Users/louisvasseur/Downloads/scaleli_sota/experimental/scaleli/results/aidb_dry/sweep --timeout 14400
2026-09-21T15:13:05+00:00 [sweep] FAILED exit=1 after 1.1 s: python3.14
[1/80] dense_sparse_fixture / read_only / packed_rank seed=29 repeat=0
[2/80] clustered / read_only / packed_rank_flow_forced seed=29 repeat=0
[3/80] locally_hard / read_only / sorted_vector seed=29 repeat=0
[4/80] dense_sparse_fixture / read_only / packed_rank_flow_forced seed=11 repeat=0
[5/80] dense_sparse_fixture / read_only / packed_rank_flow_vp10 seed=29 repeat=0
[6/80] locally_hard / read_only / packed_rank_flow seed=11 repeat=0
[7/80] lognormal / read_only / packed_rank_flow seed=29 repeat=0
Traceback (most recent call last):
  File "/Users/louisvasseur/Downloads/scaleli_sota/experimental/scaleli/tools/run_suite.py", line 70, in <module>
    if __name__ == "__main__": main()
                               ~~~~^^
  File "/Users/louisvasseur/Downloads/scaleli_sota/experimental/scaleli/tools/run_suite.py", line 64, in main
    raise RuntimeError(f"benchmark failed: {proc.stderr}")
RuntimeError: benchmark failed: ERROR: unknown option: fusion
2026-09-21T15:13:05+00:00 [sweep] FAILED: python3.14 exited 1; see /Users/louisvasseur/Downloads/scaleli_sota/experimental/scaleli/results/aidb_dry/pipeline.log
2026-09-21T15:13:05+00:00 [pipeline] start steps=['report'] datasets=['dense_sparse_fixture', 'lognormal', 'clustered', 'locally_hard'] results=/Users/louisvasseur/Downloads/scaleli_sota/experimental/scaleli/results/aidb_dry dry_run=True
2026-09-21T15:13:05+00:00 [report] begin
2026-09-21T15:13:05+00:00 [report] run: /opt/homebrew/opt/python@3.14/bin/python3.14 /Users/louisvasseur/Downloads/scaleli_sota/experimental/scaleli/tools/aidb_report.py --results /Users/louisvasseur/Downloads/scaleli_sota/experimental/scaleli/results/aidb_dry --output /Users/louisvasseur/Downloads/scaleli_sota/experimental/scaleli/results/aidb_dry/report.html
2026-09-21T15:13:05+00:00 [report] ok 0.1 s: python3.14
2026-09-21T15:13:05+00:00 [report] wrote /Users/louisvasseur/Downloads/scaleli_sota/experimental/scaleli/results/aidb_dry/report.html
2026-09-21T15:13:05+00:00 [report] done in 0.1 s
2026-09-21T15:13:05+00:00 [pipeline] finished
2026-09-21T15:14:21+00:00 [pipeline] start steps=['verify-downloads', 'sample', 'flows', 'hardness', 'sweep', 'throughput', 'scores', 'report'] datasets=['dense_sparse_fixture', 'lognormal', 'clustered', 'locally_hard'] results=/Users/louisvasseur/Downloads/scaleli_sota/experimental/scaleli/results/aidb_dry dry_run=True
2026-09-21T15:14:21+00:00 [verify-downloads] begin
2026-09-21T15:14:21+00:00 [verify-downloads] dense_sparse_fixture: copied fixture dense_sparse_fixture_uint64
2026-09-21T15:14:21+00:00 [verify-downloads] run: /Users/louisvasseur/Downloads/scaleli_sota/build-verify-e2e/experimental/scaleli/scaleli_bench --distribution lognormal --n 50000 --seed 42 --ops 1 --profile read_only --load-ratio 1 --verify 0 --instrument 0 --warmup 0 --dump-keys /Users/louisvasseur/Downloads/scaleli_sota/experimental/scaleli/results/aidb_dry/data/lognormal.part
2026-09-21T15:14:21+00:00 [verify-downloads] ok 0.0 s: scaleli_bench
2026-09-21T15:14:21+00:00 [verify-downloads] lognormal: generated 50,000 synthetic lognormal keys
2026-09-21T15:14:21+00:00 [verify-downloads] run: /Users/louisvasseur/Downloads/scaleli_sota/build-verify-e2e/experimental/scaleli/scaleli_bench --distribution clustered --n 50000 --seed 42 --ops 1 --profile read_only --load-ratio 1 --verify 0 --instrument 0 --warmup 0 --dump-keys /Users/louisvasseur/Downloads/scaleli_sota/experimental/scaleli/results/aidb_dry/data/clustered.part
2026-09-21T15:14:21+00:00 [verify-downloads] ok 0.0 s: scaleli_bench
2026-09-21T15:14:21+00:00 [verify-downloads] clustered: generated 50,000 synthetic clustered keys
2026-09-21T15:14:21+00:00 [verify-downloads] run: /Users/louisvasseur/Downloads/scaleli_sota/build-verify-e2e/experimental/scaleli/scaleli_bench --distribution locally_hard --n 50000 --seed 42 --ops 1 --profile read_only --load-ratio 1 --verify 0 --instrument 0 --warmup 0 --dump-keys /Users/louisvasseur/Downloads/scaleli_sota/experimental/scaleli/results/aidb_dry/data/locally_hard.part
2026-09-21T15:14:21+00:00 [verify-downloads] ok 0.0 s: scaleli_bench
2026-09-21T15:14:21+00:00 [verify-downloads] locally_hard: generated 50,000 synthetic locally_hard keys
2026-09-21T15:14:21+00:00 [verify-downloads] dense_sparse_fixture: 16,384 keys, 131,080 bytes, sha256 621f0271a21d5cbb… (0.0 s)
2026-09-21T15:14:21+00:00 [verify-downloads] lognormal: 50,000 keys, 400,008 bytes, sha256 984476070aa3b632… (0.0 s)
2026-09-21T15:14:21+00:00 [verify-downloads] clustered: 50,000 keys, 400,008 bytes, sha256 85b7fc237c451912… (0.0 s)
2026-09-21T15:14:21+00:00 [verify-downloads] locally_hard: 50,000 keys, 400,008 bytes, sha256 56d69ddbb6faea64… (0.0 s)
2026-09-21T15:14:21+00:00 [verify-downloads] done in 0.1 s
2026-09-21T15:14:21+00:00 [sample] begin
2026-09-21T15:14:21+00:00 [sample] run: /opt/homebrew/opt/python@3.14/bin/python3.14 /Users/louisvasseur/Downloads/scaleli_sota/experimental/scaleli/tools/datasets.py sample /Users/louisvasseur/Downloads/scaleli_sota/experimental/scaleli/results/aidb_dry/data/dense_sparse_fixture /Users/louisvasseur/Downloads/scaleli_sota/experimental/scaleli/results/aidb_dry/samples/dense_sparse_fixture_16384_uniform_s42 --n 16384 --dtype uint64 --mode uniform --seed 42
2026-09-21T15:14:21+00:00 [sample] ok 0.1 s: python3.14
2026-09-21T15:14:21+00:00 [sample] dense_sparse_fixture: wrote dense_sparse_fixture_16384_uniform_s42 (16,384 keys)
2026-09-21T15:14:21+00:00 [sample] run: /opt/homebrew/opt/python@3.14/bin/python3.14 /Users/louisvasseur/Downloads/scaleli_sota/experimental/scaleli/tools/datasets.py sample /Users/louisvasseur/Downloads/scaleli_sota/experimental/scaleli/results/aidb_dry/data/lognormal /Users/louisvasseur/Downloads/scaleli_sota/experimental/scaleli/results/aidb_dry/samples/lognormal_20K_uniform_s42 --n 20000 --dtype uint64 --mode uniform --seed 42
2026-09-21T15:14:21+00:00 [sample] ok 0.1 s: python3.14
2026-09-21T15:14:21+00:00 [sample] lognormal: wrote lognormal_20K_uniform_s42 (20,000 keys)
2026-09-21T15:14:21+00:00 [sample] run: /opt/homebrew/opt/python@3.14/bin/python3.14 /Users/louisvasseur/Downloads/scaleli_sota/experimental/scaleli/tools/datasets.py sample /Users/louisvasseur/Downloads/scaleli_sota/experimental/scaleli/results/aidb_dry/data/clustered /Users/louisvasseur/Downloads/scaleli_sota/experimental/scaleli/results/aidb_dry/samples/clustered_20K_uniform_s42 --n 20000 --dtype uint64 --mode uniform --seed 42
2026-09-21T15:14:22+00:00 [sample] ok 0.1 s: python3.14
2026-09-21T15:14:22+00:00 [sample] clustered: wrote clustered_20K_uniform_s42 (20,000 keys)
2026-09-21T15:14:22+00:00 [sample] run: /opt/homebrew/opt/python@3.14/bin/python3.14 /Users/louisvasseur/Downloads/scaleli_sota/experimental/scaleli/tools/datasets.py sample /Users/louisvasseur/Downloads/scaleli_sota/experimental/scaleli/results/aidb_dry/data/locally_hard /Users/louisvasseur/Downloads/scaleli_sota/experimental/scaleli/results/aidb_dry/samples/locally_hard_20K_uniform_s42 --n 20000 --dtype uint64 --mode uniform --seed 42
2026-09-21T15:14:22+00:00 [sample] ok 0.1 s: python3.14
2026-09-21T15:14:22+00:00 [sample] locally_hard: wrote locally_hard_20K_uniform_s42 (20,000 keys)
2026-09-21T15:14:22+00:00 [sample] done in 0.4 s
2026-09-21T15:14:22+00:00 [flows] begin
2026-09-21T15:14:22+00:00 [flows] run: /opt/homebrew/opt/python@3.14/bin/python3.14 /Users/louisvasseur/Downloads/scaleli_sota/experimental/scaleli/tools/train_flow.py /Users/louisvasseur/Downloads/scaleli_sota/experimental/scaleli/results/aidb_dry/samples/dense_sparse_fixture_16384_uniform_s42 --dtype uint64 --output /Users/louisvasseur/Downloads/scaleli_sota/experimental/scaleli/results/aidb_dry/flows/dense_sparse_fixture_2D2H2L.txt --sample 4096 --steps 200 --monotone
2026-09-21T15:14:24+00:00 [flows] ok 2.5 s: python3.14
2026-09-21T15:14:24+00:00 [flows] dense_sparse_fixture: nll 4.1631, tail conflicts 2 -> 2, unordered pairs 0
2026-09-21T15:14:24+00:00 [flows] run: /opt/homebrew/opt/python@3.14/bin/python3.14 /Users/louisvasseur/Downloads/scaleli_sota/experimental/scaleli/tools/train_flow.py /Users/louisvasseur/Downloads/scaleli_sota/experimental/scaleli/results/aidb_dry/samples/lognormal_20K_uniform_s42 --dtype uint64 --output /Users/louisvasseur/Downloads/scaleli_sota/experimental/scaleli/results/aidb_dry/flows/lognormal_2D2H2L.txt --sample 4096 --steps 200 --monotone
2026-09-21T15:14:27+00:00 [flows] ok 2.5 s: python3.14
2026-09-21T15:14:27+00:00 [flows] lognormal: nll 0.5579, tail conflicts 195 -> 81, unordered pairs 0
2026-09-21T15:14:27+00:00 [flows] run: /opt/homebrew/opt/python@3.14/bin/python3.14 /Users/louisvasseur/Downloads/scaleli_sota/experimental/scaleli/tools/train_flow.py /Users/louisvasseur/Downloads/scaleli_sota/experimental/scaleli/results/aidb_dry/samples/clustered_20K_uniform_s42 --dtype uint64 --output /Users/louisvasseur/Downloads/scaleli_sota/experimental/scaleli/results/aidb_dry/flows/clustered_2D2H2L.txt --sample 4096 --steps 200 --monotone
2026-09-21T15:14:29+00:00 [flows] ok 2.5 s: python3.14
2026-09-21T15:14:29+00:00 [flows] clustered: nll 4.1760, tail conflicts 442 -> 442, unordered pairs 0
2026-09-21T15:14:29+00:00 [flows] run: /opt/homebrew/opt/python@3.14/bin/python3.14 /Users/louisvasseur/Downloads/scaleli_sota/experimental/scaleli/tools/train_flow.py /Users/louisvasseur/Downloads/scaleli_sota/experimental/scaleli/results/aidb_dry/samples/locally_hard_20K_uniform_s42 --dtype uint64 --output /Users/louisvasseur/Downloads/scaleli_sota/experimental/scaleli/results/aidb_dry/flows/locally_hard_2D2H2L.txt --sample 4096 --steps 200 --monotone
2026-09-21T15:14:32+00:00 [flows] ok 2.5 s: python3.14
2026-09-21T15:14:32+00:00 [flows] locally_hard: nll 4.1744, tail conflicts 5 -> 5, unordered pairs 0
2026-09-21T15:14:32+00:00 [flows] done in 9.9 s
2026-09-21T15:14:32+00:00 [hardness] begin
2026-09-21T15:14:32+00:00 [hardness] run: /Users/louisvasseur/Downloads/scaleli_sota/build-verify-e2e/experimental/scaleli/scaleli_hardness --data /Users/louisvasseur/Downloads/scaleli_sota/experimental/scaleli/results/aidb_dry/data/dense_sparse_fixture --flow /Users/louisvasseur/Downloads/scaleli_sota/experimental/scaleli/results/aidb_dry/flows/dense_sparse_fixture_2D2H2L.txt --dtype uint64 --region-keys 4096 --pla-eps 32,4096 --check-sorted 1
2026-09-21T15:14:32+00:00 [hardness] ok 0.0 s: scaleli_hardness
2026-09-21T15:14:32+00:00 [hardness] run: /Users/louisvasseur/Downloads/scaleli_sota/build-verify-e2e/experimental/scaleli/scaleli_hardness --data /Users/louisvasseur/Downloads/scaleli_sota/experimental/scaleli/results/aidb_dry/data/lognormal --flow /Users/louisvasseur/Downloads/scaleli_sota/experimental/scaleli/results/aidb_dry/flows/lognormal_2D2H2L.txt --dtype uint64 --region-keys 4096 --pla-eps 32,4096 --check-sorted 1
2026-09-21T15:14:32+00:00 [hardness] ok 0.0 s: scaleli_hardness
2026-09-21T15:14:32+00:00 [hardness] run: /Users/louisvasseur/Downloads/scaleli_sota/build-verify-e2e/experimental/scaleli/scaleli_hardness --data /Users/louisvasseur/Downloads/scaleli_sota/experimental/scaleli/results/aidb_dry/data/clustered --flow /Users/louisvasseur/Downloads/scaleli_sota/experimental/scaleli/results/aidb_dry/flows/clustered_2D2H2L.txt --dtype uint64 --region-keys 4096 --pla-eps 32,4096 --check-sorted 1
2026-09-21T15:14:32+00:00 [hardness] ok 0.0 s: scaleli_hardness
2026-09-21T15:14:32+00:00 [hardness] run: /Users/louisvasseur/Downloads/scaleli_sota/build-verify-e2e/experimental/scaleli/scaleli_hardness --data /Users/louisvasseur/Downloads/scaleli_sota/experimental/scaleli/results/aidb_dry/data/locally_hard --flow /Users/louisvasseur/Downloads/scaleli_sota/experimental/scaleli/results/aidb_dry/flows/locally_hard_2D2H2L.txt --dtype uint64 --region-keys 4096 --pla-eps 32,4096 --check-sorted 1
2026-09-21T15:14:32+00:00 [hardness] ok 0.0 s: scaleli_hardness
2026-09-21T15:14:32+00:00 [hardness] run: /Users/louisvasseur/Downloads/scaleli_sota/build-verify-e2e/experimental/scaleli/scaleli_hardness --data /Users/louisvasseur/Downloads/scaleli_sota/experimental/scaleli/results/aidb_dry/samples/dense_sparse_fixture_16384_uniform_s42 --flow /Users/louisvasseur/Downloads/scaleli_sota/experimental/scaleli/results/aidb_dry/flows/dense_sparse_fixture_2D2H2L.txt --virtual-alpha 0.1 --dtype uint64 --region-keys 4096 --pla-eps 32,4096 --check-sorted 1
2026-09-21T15:14:32+00:00 [hardness] ok 0.1 s: scaleli_hardness
2026-09-21T15:14:32+00:00 [hardness] run: /Users/louisvasseur/Downloads/scaleli_sota/build-verify-e2e/experimental/scaleli/scaleli_hardness --data /Users/louisvasseur/Downloads/scaleli_sota/experimental/scaleli/results/aidb_dry/samples/dense_sparse_fixture_16384_uniform_s42 --virtual-alpha 0.1 --dtype uint64 --region-keys 4096 --pla-eps 32,4096 --check-sorted 1
2026-09-21T15:14:32+00:00 [hardness] ok 0.1 s: scaleli_hardness
2026-09-21T15:14:32+00:00 [hardness] run: /Users/louisvasseur/Downloads/scaleli_sota/build-verify-e2e/experimental/scaleli/scaleli_hardness --data /Users/louisvasseur/Downloads/scaleli_sota/experimental/scaleli/results/aidb_dry/samples/lognormal_20K_uniform_s42 --flow /Users/louisvasseur/Downloads/scaleli_sota/experimental/scaleli/results/aidb_dry/flows/lognormal_2D2H2L.txt --virtual-alpha 0.1 --dtype uint64 --region-keys 4096 --pla-eps 32,4096 --check-sorted 1
2026-09-21T15:14:32+00:00 [hardness] ok 0.1 s: scaleli_hardness
2026-09-21T15:14:32+00:00 [hardness] run: /Users/louisvasseur/Downloads/scaleli_sota/build-verify-e2e/experimental/scaleli/scaleli_hardness --data /Users/louisvasseur/Downloads/scaleli_sota/experimental/scaleli/results/aidb_dry/samples/lognormal_20K_uniform_s42 --virtual-alpha 0.1 --dtype uint64 --region-keys 4096 --pla-eps 32,4096 --check-sorted 1
2026-09-21T15:14:32+00:00 [hardness] ok 0.1 s: scaleli_hardness
2026-09-21T15:14:32+00:00 [hardness] run: /Users/louisvasseur/Downloads/scaleli_sota/build-verify-e2e/experimental/scaleli/scaleli_hardness --data /Users/louisvasseur/Downloads/scaleli_sota/experimental/scaleli/results/aidb_dry/samples/clustered_20K_uniform_s42 --flow /Users/louisvasseur/Downloads/scaleli_sota/experimental/scaleli/results/aidb_dry/flows/clustered_2D2H2L.txt --virtual-alpha 0.1 --dtype uint64 --region-keys 4096 --pla-eps 32,4096 --check-sorted 1
2026-09-21T15:14:32+00:00 [hardness] ok 0.2 s: scaleli_hardness
2026-09-21T15:14:32+00:00 [hardness] run: /Users/louisvasseur/Downloads/scaleli_sota/build-verify-e2e/experimental/scaleli/scaleli_hardness --data /Users/louisvasseur/Downloads/scaleli_sota/experimental/scaleli/results/aidb_dry/samples/clustered_20K_uniform_s42 --virtual-alpha 0.1 --dtype uint64 --region-keys 4096 --pla-eps 32,4096 --check-sorted 1
2026-09-21T15:14:32+00:00 [hardness] ok 0.1 s: scaleli_hardness
2026-09-21T15:14:32+00:00 [hardness] run: /Users/louisvasseur/Downloads/scaleli_sota/build-verify-e2e/experimental/scaleli/scaleli_hardness --data /Users/louisvasseur/Downloads/scaleli_sota/experimental/scaleli/results/aidb_dry/samples/locally_hard_20K_uniform_s42 --flow /Users/louisvasseur/Downloads/scaleli_sota/experimental/scaleli/results/aidb_dry/flows/locally_hard_2D2H2L.txt --virtual-alpha 0.1 --dtype uint64 --region-keys 4096 --pla-eps 32,4096 --check-sorted 1
2026-09-21T15:14:32+00:00 [hardness] ok 0.2 s: scaleli_hardness
2026-09-21T15:14:32+00:00 [hardness] run: /Users/louisvasseur/Downloads/scaleli_sota/build-verify-e2e/experimental/scaleli/scaleli_hardness --data /Users/louisvasseur/Downloads/scaleli_sota/experimental/scaleli/results/aidb_dry/samples/locally_hard_20K_uniform_s42 --virtual-alpha 0.1 --dtype uint64 --region-keys 4096 --pla-eps 32,4096 --check-sorted 1
2026-09-21T15:14:33+00:00 [hardness] ok 0.2 s: scaleli_hardness
2026-09-21T15:14:33+00:00 [hardness] dense_sparse_fixture: full CD=129 PLA-32=107, full_flow CD=129 PLA-32=107, sample CD=129 PLA-32=107, sample_flow CD=129 PLA-32=107, sample_flow_csv CD=129 PLA-32=99, sample_csv CD=129 PLA-32=99
2026-09-21T15:14:33+00:00 [hardness] lognormal: full CD=98 PLA-32=35, full_flow CD=56 PLA-32=33, sample CD=69 PLA-32=22, sample_flow CD=49 PLA-32=20, sample_flow_csv CD=48 PLA-32=23, sample_csv CD=103 PLA-32=24
2026-09-21T15:14:33+00:00 [hardness] clustered: full CD=1024 PLA-32=49, full_flow CD=1024 PLA-32=49, sample CD=443 PLA-32=49, sample_flow CD=443 PLA-32=49, sample_flow_csv CD=443 PLA-32=86, sample_csv CD=430 PLA-32=86
2026-09-21T15:14:33+00:00 [hardness] locally_hard: full CD=8 PLA-32=1, full_flow CD=8 PLA-32=4, sample CD=8 PLA-32=4, sample_flow CD=8 PLA-32=5, sample_flow_csv CD=8 PLA-32=3, sample_csv CD=8 PLA-32=3
2026-09-21T15:14:33+00:00 [hardness] done in 1.1 s
2026-09-21T15:14:33+00:00 [sweep] begin
2026-09-21T15:14:33+00:00 [sweep] force: removed previous sweep
2026-09-21T15:14:33+00:00 [sweep] run: /opt/homebrew/opt/python@3.14/bin/python3.14 /Users/louisvasseur/Downloads/scaleli_sota/experimental/scaleli/tools/run_suite.py --binary /Users/louisvasseur/Downloads/scaleli_sota/build-verify-e2e/experimental/scaleli/scaleli_bench --config /Users/louisvasseur/Downloads/scaleli_sota/experimental/scaleli/results/aidb_dry/aidb.json --output /Users/louisvasseur/Downloads/scaleli_sota/experimental/scaleli/results/aidb_dry/sweep --timeout 14400
2026-09-21T15:15:03+00:00 [sweep] ok 30.6 s: python3.14
2026-09-21T15:15:03+00:00 [sweep] run: /opt/homebrew/opt/python@3.14/bin/python3.14 /Users/louisvasseur/Downloads/scaleli_sota/experimental/scaleli/tools/summarize.py /Users/louisvasseur/Downloads/scaleli_sota/experimental/scaleli/results/aidb_dry/sweep/results.jsonl --baseline packed_rank --output /Users/louisvasseur/Downloads/scaleli_sota/experimental/scaleli/results/aidb_dry/sweep/summary.csv
2026-09-21T15:15:04+00:00 [sweep] ok 0.5 s: python3.14
2026-09-21T15:15:04+00:00 [sweep] run: /opt/homebrew/opt/python@3.14/bin/python3.14 /Users/louisvasseur/Downloads/scaleli_sota/experimental/scaleli/tools/sweep_report.py /Users/louisvasseur/Downloads/scaleli_sota/experimental/scaleli/results/aidb_dry/sweep/summary.csv --output /Users/louisvasseur/Downloads/scaleli_sota/experimental/scaleli/results/aidb_dry/sweep/sweep_report.html
2026-09-21T15:15:04+00:00 [sweep] ok 0.1 s: python3.14
2026-09-21T15:15:04+00:00 [sweep] done in 31.2 s
2026-09-21T15:15:04+00:00 [throughput] begin
2026-09-21T15:15:04+00:00 [throughput] sorted_vector: clustered 20.59, dense_sparse_fixture 21.54, locally_hard 20.65, lognormal 20.67 MOPS
2026-09-21T15:15:04+00:00 [throughput] raw_rank: clustered 9.49, dense_sparse_fixture 10.85, locally_hard 10.75, lognormal 9.07 MOPS
2026-09-21T15:15:04+00:00 [throughput] packed_rank: clustered 3.95, dense_sparse_fixture 4.98, locally_hard 3.39, lognormal 4.31 MOPS
2026-09-21T15:15:04+00:00 [throughput] packed_rank_flow: clustered 3.92, dense_sparse_fixture 4.98, locally_hard 3.18, lognormal 4.16 MOPS
2026-09-21T15:15:04+00:00 [throughput] packed_rank_flow_forced: clustered 3.48, dense_sparse_fixture 4.29, locally_hard 3.02, lognormal 3.91 MOPS
2026-09-21T15:15:04+00:00 [throughput] packed_rank_vp10: clustered 3.95, dense_sparse_fixture 4.98, locally_hard 3.39, lognormal 4.38 MOPS
2026-09-21T15:15:04+00:00 [throughput] packed_rank_flow_vp10: clustered 3.94, dense_sparse_fixture 4.97, locally_hard 2.15, lognormal 4.28 MOPS
2026-09-21T15:15:04+00:00 [throughput] packed_rank_fusion_auto: clustered 3.97, dense_sparse_fixture 3.40, locally_hard 3.34, lognormal 4.40 MOPS
2026-09-21T15:15:04+00:00 [throughput] packed_rank_flow_costsel: clustered 3.99, dense_sparse_fixture 4.96, locally_hard 3.32, lognormal 4.32 MOPS
2026-09-21T15:15:04+00:00 [throughput] packed_byte: clustered 3.88, dense_sparse_fixture 4.96, locally_hard 2.93, lognormal 4.29 MOPS
2026-09-21T15:15:04+00:00 [throughput] done in 0.0 s
2026-09-21T15:15:04+00:00 [scores] begin
2026-09-21T15:15:04+00:00 [scores] run: /opt/homebrew/opt/python@3.14/bin/python3.14 /Users/louisvasseur/Downloads/scaleli_sota/experimental/scaleli/tools/aidb_scores.py --hardness /Users/louisvasseur/Downloads/scaleli_sota/experimental/scaleli/results/aidb_dry/hardness.json --throughput /Users/louisvasseur/Downloads/scaleli_sota/experimental/scaleli/results/aidb_dry/throughput.json --output /Users/louisvasseur/Downloads/scaleli_sota/experimental/scaleli/results/aidb_dry/scores.json
2026-09-21T15:15:04+00:00 [scores] ok 0.1 s: python3.14
2026-09-21T15:15:04+00:00 [scores] full: PLA-32 Conf=-0.79 Cov=1.00, CD Conf=-0.69 Cov=1.00, PLA-32·PLA-4096 Conf=-0.92 Cov=0.33, CD·PLA-32 Conf=-0.76 Cov=0.67
2026-09-21T15:15:04+00:00 [scores] full_flow: PLA-32 Conf=-0.79 Cov=1.00, CD Conf=-0.69 Cov=1.00, PLA-32·PLA-4096 Conf=-0.92 Cov=0.33, CD·PLA-32 Conf=-0.76 Cov=0.67
2026-09-21T15:15:04+00:00 [scores] sample: PLA-32 Conf=-0.79 Cov=1.00, CD Conf=-0.69 Cov=1.00, PLA-32·PLA-4096 Conf=-0.92 Cov=0.33, CD·PLA-32 Conf=-0.76 Cov=0.67
2026-09-21T15:15:04+00:00 [scores] sample_flow: PLA-32 Conf=-0.79 Cov=1.00, CD Conf=-0.69 Cov=1.00, PLA-32·PLA-4096 Conf=-0.92 Cov=0.33, CD·PLA-32 Conf=-0.76 Cov=0.67
2026-09-21T15:15:04+00:00 [scores] sample_csv: PLA-32 Conf=-0.79 Cov=1.00, CD Conf=-0.69 Cov=1.00, PLA-32·PLA-4096 Conf=-0.92 Cov=0.33, CD·PLA-32 Conf=-0.76 Cov=0.67
2026-09-21T15:15:04+00:00 [scores] sample_flow_csv: PLA-32 Conf=-0.79 Cov=1.00, CD Conf=-0.69 Cov=1.00, PLA-32·PLA-4096 Conf=-0.92 Cov=0.33, CD·PLA-32 Conf=-0.76 Cov=0.67
2026-09-21T15:15:04+00:00 [scores] done in 0.1 s
2026-09-21T15:15:04+00:00 [report] begin
2026-09-21T15:15:04+00:00 [report] run: /opt/homebrew/opt/python@3.14/bin/python3.14 /Users/louisvasseur/Downloads/scaleli_sota/experimental/scaleli/tools/aidb_report.py --results /Users/louisvasseur/Downloads/scaleli_sota/experimental/scaleli/results/aidb_dry --output /Users/louisvasseur/Downloads/scaleli_sota/experimental/scaleli/results/aidb_dry/report.html
2026-09-21T15:15:04+00:00 [report] ok 0.1 s: python3.14
2026-09-21T15:15:04+00:00 [report] wrote /Users/louisvasseur/Downloads/scaleli_sota/experimental/scaleli/results/aidb_dry/report.html
2026-09-21T15:15:04+00:00 [report] done in 0.1 s
2026-09-21T15:15:04+00:00 [pipeline] finished
2026-09-21T15:15:04+00:00 [pipeline] start steps=['verify-downloads', 'sample', 'flows', 'hardness', 'sweep', 'throughput', 'scores', 'report'] datasets=['dense_sparse_fixture', 'lognormal', 'clustered', 'locally_hard'] results=/Users/louisvasseur/Downloads/scaleli_sota/experimental/scaleli/results/aidb_dry dry_run=True
2026-09-21T15:15:04+00:00 [verify-downloads] begin
2026-09-21T15:15:04+00:00 [verify-downloads] dense_sparse_fixture: keep provenance (16,384 keys, sha256 621f0271a21d5cbb…)
2026-09-21T15:15:04+00:00 [verify-downloads] lognormal: keep provenance (50,000 keys, sha256 984476070aa3b632…)
2026-09-21T15:15:04+00:00 [verify-downloads] clustered: keep provenance (50,000 keys, sha256 85b7fc237c451912…)
2026-09-21T15:15:04+00:00 [verify-downloads] locally_hard: keep provenance (50,000 keys, sha256 56d69ddbb6faea64…)
2026-09-21T15:15:04+00:00 [verify-downloads] done in 0.0 s
2026-09-21T15:15:04+00:00 [sample] begin
2026-09-21T15:15:04+00:00 [sample] dense_sparse_fixture: keep dense_sparse_fixture_16384_uniform_s42 (16,384 keys)
2026-09-21T15:15:04+00:00 [sample] lognormal: keep lognormal_20K_uniform_s42 (20,000 keys)
2026-09-21T15:15:04+00:00 [sample] clustered: keep clustered_20K_uniform_s42 (20,000 keys)
2026-09-21T15:15:04+00:00 [sample] locally_hard: keep locally_hard_20K_uniform_s42 (20,000 keys)
2026-09-21T15:15:04+00:00 [sample] done in 0.0 s
2026-09-21T15:15:04+00:00 [flows] begin
2026-09-21T15:15:04+00:00 [flows] keep flows/dense_sparse_fixture_training.json
2026-09-21T15:15:04+00:00 [flows] dense_sparse_fixture: nll 4.1631, tail conflicts 2 -> 2, unordered pairs 0
2026-09-21T15:15:04+00:00 [flows] keep flows/lognormal_training.json
2026-09-21T15:15:04+00:00 [flows] lognormal: nll 0.5579, tail conflicts 195 -> 81, unordered pairs 0
2026-09-21T15:15:04+00:00 [flows] keep flows/clustered_training.json
2026-09-21T15:15:04+00:00 [flows] clustered: nll 4.1760, tail conflicts 442 -> 442, unordered pairs 0
2026-09-21T15:15:04+00:00 [flows] keep flows/locally_hard_training.json
2026-09-21T15:15:04+00:00 [flows] locally_hard: nll 4.1744, tail conflicts 5 -> 5, unordered pairs 0
2026-09-21T15:15:04+00:00 [flows] done in 0.0 s
2026-09-21T15:15:04+00:00 [hardness] begin
2026-09-21T15:15:04+00:00 [hardness] keep hardness/dense_sparse_fixture_full.json
2026-09-21T15:15:04+00:00 [hardness] keep hardness/lognormal_full.json
2026-09-21T15:15:04+00:00 [hardness] keep hardness/clustered_full.json
2026-09-21T15:15:04+00:00 [hardness] keep hardness/locally_hard_full.json
2026-09-21T15:15:04+00:00 [hardness] keep hardness/dense_sparse_fixture_sample_flow.json
2026-09-21T15:15:04+00:00 [hardness] keep hardness/dense_sparse_fixture_sample_csv.json
2026-09-21T15:15:04+00:00 [hardness] keep hardness/lognormal_sample_flow.json
2026-09-21T15:15:04+00:00 [hardness] keep hardness/lognormal_sample_csv.json
2026-09-21T15:15:04+00:00 [hardness] keep hardness/clustered_sample_flow.json
2026-09-21T15:15:04+00:00 [hardness] keep hardness/clustered_sample_csv.json
2026-09-21T15:15:04+00:00 [hardness] keep hardness/locally_hard_sample_flow.json
2026-09-21T15:15:04+00:00 [hardness] keep hardness/locally_hard_sample_csv.json
2026-09-21T15:15:04+00:00 [hardness] dense_sparse_fixture: full CD=129 PLA-32=107, full_flow CD=129 PLA-32=107, sample CD=129 PLA-32=107, sample_flow CD=129 PLA-32=107, sample_flow_csv CD=129 PLA-32=99, sample_csv CD=129 PLA-32=99
2026-09-21T15:15:04+00:00 [hardness] lognormal: full CD=98 PLA-32=35, full_flow CD=56 PLA-32=33, sample CD=69 PLA-32=22, sample_flow CD=49 PLA-32=20, sample_flow_csv CD=48 PLA-32=23, sample_csv CD=103 PLA-32=24
2026-09-21T15:15:04+00:00 [hardness] clustered: full CD=1024 PLA-32=49, full_flow CD=1024 PLA-32=49, sample CD=443 PLA-32=49, sample_flow CD=443 PLA-32=49, sample_flow_csv CD=443 PLA-32=86, sample_csv CD=430 PLA-32=86
2026-09-21T15:15:04+00:00 [hardness] locally_hard: full CD=8 PLA-32=1, full_flow CD=8 PLA-32=4, sample CD=8 PLA-32=4, sample_flow CD=8 PLA-32=5, sample_flow_csv CD=8 PLA-32=3, sample_csv CD=8 PLA-32=3
2026-09-21T15:15:04+00:00 [hardness] done in 0.0 s
2026-09-21T15:15:04+00:00 [sweep] begin
2026-09-21T15:15:04+00:00 [sweep] keep results/aidb_dry/sweep/results.jsonl
2026-09-21T15:15:04+00:00 [sweep] done in 0.0 s
2026-09-21T15:15:04+00:00 [throughput] begin
2026-09-21T15:15:04+00:00 [throughput] keep throughput.json
2026-09-21T15:15:04+00:00 [throughput] done in 0.0 s
2026-09-21T15:15:04+00:00 [scores] begin
2026-09-21T15:15:04+00:00 [scores] run: /opt/homebrew/opt/python@3.14/bin/python3.14 /Users/louisvasseur/Downloads/scaleli_sota/experimental/scaleli/tools/aidb_scores.py --hardness /Users/louisvasseur/Downloads/scaleli_sota/experimental/scaleli/results/aidb_dry/hardness.json --throughput /Users/louisvasseur/Downloads/scaleli_sota/experimental/scaleli/results/aidb_dry/throughput.json --output /Users/louisvasseur/Downloads/scaleli_sota/experimental/scaleli/results/aidb_dry/scores.json
2026-09-21T15:15:04+00:00 [scores] ok 0.1 s: python3.14
2026-09-21T15:15:04+00:00 [scores] full: PLA-32 Conf=-0.79 Cov=1.00, CD Conf=-0.69 Cov=1.00, PLA-32·PLA-4096 Conf=-0.92 Cov=0.33, CD·PLA-32 Conf=-0.76 Cov=0.67
2026-09-21T15:15:04+00:00 [scores] full_flow: PLA-32 Conf=-0.79 Cov=1.00, CD Conf=-0.69 Cov=1.00, PLA-32·PLA-4096 Conf=-0.92 Cov=0.33, CD·PLA-32 Conf=-0.76 Cov=0.67
2026-09-21T15:15:04+00:00 [scores] sample: PLA-32 Conf=-0.79 Cov=1.00, CD Conf=-0.69 Cov=1.00, PLA-32·PLA-4096 Conf=-0.92 Cov=0.33, CD·PLA-32 Conf=-0.76 Cov=0.67
2026-09-21T15:15:04+00:00 [scores] sample_flow: PLA-32 Conf=-0.79 Cov=1.00, CD Conf=-0.69 Cov=1.00, PLA-32·PLA-4096 Conf=-0.92 Cov=0.33, CD·PLA-32 Conf=-0.76 Cov=0.67
2026-09-21T15:15:04+00:00 [scores] sample_csv: PLA-32 Conf=-0.79 Cov=1.00, CD Conf=-0.69 Cov=1.00, PLA-32·PLA-4096 Conf=-0.92 Cov=0.33, CD·PLA-32 Conf=-0.76 Cov=0.67
2026-09-21T15:15:04+00:00 [scores] sample_flow_csv: PLA-32 Conf=-0.79 Cov=1.00, CD Conf=-0.69 Cov=1.00, PLA-32·PLA-4096 Conf=-0.92 Cov=0.33, CD·PLA-32 Conf=-0.76 Cov=0.67
2026-09-21T15:15:04+00:00 [scores] done in 0.1 s
2026-09-21T15:15:04+00:00 [report] begin
2026-09-21T15:15:04+00:00 [report] run: /opt/homebrew/opt/python@3.14/bin/python3.14 /Users/louisvasseur/Downloads/scaleli_sota/experimental/scaleli/tools/aidb_report.py --results /Users/louisvasseur/Downloads/scaleli_sota/experimental/scaleli/results/aidb_dry --output /Users/louisvasseur/Downloads/scaleli_sota/experimental/scaleli/results/aidb_dry/report.html
2026-09-21T15:15:04+00:00 [report] ok 0.1 s: python3.14
2026-09-21T15:15:04+00:00 [report] wrote /Users/louisvasseur/Downloads/scaleli_sota/experimental/scaleli/results/aidb_dry/report.html
2026-09-21T15:15:04+00:00 [report] done in 0.1 s
2026-09-21T15:15:04+00:00 [pipeline] finished
2026-09-21T15:15:05+00:00 [pipeline] start steps=['report'] datasets=['dense_sparse_fixture', 'lognormal', 'clustered', 'locally_hard'] results=/Users/louisvasseur/Downloads/scaleli_sota/experimental/scaleli/results/aidb_dry dry_run=True
2026-09-21T15:15:05+00:00 [report] begin
2026-09-21T15:15:05+00:00 [report] keep report.html
2026-09-21T15:15:05+00:00 [report] done in 0.0 s
2026-09-21T15:15:05+00:00 [pipeline] finished
2026-09-21T15:17:37+00:00 [pipeline] start steps=['report'] datasets=['dense_sparse_fixture', 'lognormal', 'clustered', 'locally_hard'] results=/Users/louisvasseur/Downloads/scaleli_sota/experimental/scaleli/results/aidb_dry dry_run=True
2026-09-21T15:17:37+00:00 [report] begin
2026-09-21T15:17:37+00:00 [report] run: /opt/homebrew/opt/python@3.14/bin/python3.14 /Users/louisvasseur/Downloads/scaleli_sota/experimental/scaleli/tools/aidb_report.py --results /Users/louisvasseur/Downloads/scaleli_sota/experimental/scaleli/results/aidb_dry --output /Users/louisvasseur/Downloads/scaleli_sota/experimental/scaleli/results/aidb_dry/report.html
2026-09-21T15:17:37+00:00 [report] ok 0.1 s: python3.14
2026-09-21T15:17:37+00:00 [report] wrote /Users/louisvasseur/Downloads/scaleli_sota/experimental/scaleli/results/aidb_dry/report.html
2026-09-21T15:17:37+00:00 [report] done in 0.1 s
2026-09-21T15:17:37+00:00 [pipeline] finished
2026-09-21T15:17:37+00:00 [pipeline] start steps=['hardness'] datasets=['dense_sparse_fixture', 'lognormal', 'clustered', 'locally_hard'] results=/Users/louisvasseur/Downloads/scaleli_sota/experimental/scaleli/results/aidb_dry dry_run=True
2026-09-21T15:17:37+00:00 [hardness] begin
2026-09-21T15:17:37+00:00 [hardness] run: /Users/louisvasseur/Downloads/scaleli_sota/build-verify-e2e/experimental/scaleli/scaleli_hardness --data /Users/louisvasseur/Downloads/scaleli_sota/experimental/scaleli/results/aidb_dry/data/lognormal --flow /Users/louisvasseur/Downloads/scaleli_sota/experimental/scaleli/results/aidb_dry/flows/lognormal_2D2H2L.txt --dtype uint64 --region-keys 4096 --pla-eps 32,4096 --check-sorted 1
2026-09-21T15:17:37+00:00 [hardness] run: /Users/louisvasseur/Downloads/scaleli_sota/build-verify-e2e/experimental/scaleli/scaleli_hardness --data /Users/louisvasseur/Downloads/scaleli_sota/experimental/scaleli/results/aidb_dry/data/locally_hard --flow /Users/louisvasseur/Downloads/scaleli_sota/experimental/scaleli/results/aidb_dry/flows/locally_hard_2D2H2L.txt --dtype uint64 --region-keys 4096 --pla-eps 32,4096 --check-sorted 1
2026-09-21T15:17:37+00:00 [hardness] run: /Users/louisvasseur/Downloads/scaleli_sota/build-verify-e2e/experimental/scaleli/scaleli_hardness --data /Users/louisvasseur/Downloads/scaleli_sota/experimental/scaleli/results/aidb_dry/data/dense_sparse_fixture --flow /Users/louisvasseur/Downloads/scaleli_sota/experimental/scaleli/results/aidb_dry/flows/dense_sparse_fixture_2D2H2L.txt --dtype uint64 --region-keys 4096 --pla-eps 32,4096 --check-sorted 1
2026-09-21T15:17:37+00:00 [hardness] run: /Users/louisvasseur/Downloads/scaleli_sota/build-verify-e2e/experimental/scaleli/scaleli_hardness --data /Users/louisvasseur/Downloads/scaleli_sota/experimental/scaleli/results/aidb_dry/data/clustered --flow /Users/louisvasseur/Downloads/scaleli_sota/experimental/scaleli/results/aidb_dry/flows/clustered_2D2H2L.txt --dtype uint64 --region-keys 4096 --pla-eps 32,4096 --check-sorted 1
2026-09-21T15:17:37+00:00 [hardness] ok 0.0 s: scaleli_hardness
2026-09-21T15:17:37+00:00 [hardness] ok 0.0 s: scaleli_hardness
2026-09-21T15:17:37+00:00 [hardness] run: /Users/louisvasseur/Downloads/scaleli_sota/build-verify-e2e/experimental/scaleli/scaleli_hardness --data /Users/louisvasseur/Downloads/scaleli_sota/experimental/scaleli/results/aidb_dry/samples/dense_sparse_fixture_16384_uniform_s42 --flow /Users/louisvasseur/Downloads/scaleli_sota/experimental/scaleli/results/aidb_dry/flows/dense_sparse_fixture_2D2H2L.txt --virtual-alpha 0.1 --dtype uint64 --region-keys 4096 --pla-eps 32,4096 --check-sorted 1
2026-09-21T15:17:37+00:00 [hardness] ok 0.0 s: scaleli_hardness
2026-09-21T15:17:37+00:00 [hardness] run: /Users/louisvasseur/Downloads/scaleli_sota/build-verify-e2e/experimental/scaleli/scaleli_hardness --data /Users/louisvasseur/Downloads/scaleli_sota/experimental/scaleli/results/aidb_dry/samples/dense_sparse_fixture_16384_uniform_s42 --virtual-alpha 0.1 --dtype uint64 --region-keys 4096 --pla-eps 32,4096 --check-sorted 1
2026-09-21T15:17:37+00:00 [hardness] run: /Users/louisvasseur/Downloads/scaleli_sota/build-verify-e2e/experimental/scaleli/scaleli_hardness --data /Users/louisvasseur/Downloads/scaleli_sota/experimental/scaleli/results/aidb_dry/samples/lognormal_20K_uniform_s42 --flow /Users/louisvasseur/Downloads/scaleli_sota/experimental/scaleli/results/aidb_dry/flows/lognormal_2D2H2L.txt --virtual-alpha 0.1 --dtype uint64 --region-keys 4096 --pla-eps 32,4096 --check-sorted 1
2026-09-21T15:17:37+00:00 [hardness] ok 0.0 s: scaleli_hardness
2026-09-21T15:17:37+00:00 [hardness] run: /Users/louisvasseur/Downloads/scaleli_sota/build-verify-e2e/experimental/scaleli/scaleli_hardness --data /Users/louisvasseur/Downloads/scaleli_sota/experimental/scaleli/results/aidb_dry/samples/lognormal_20K_uniform_s42 --virtual-alpha 0.1 --dtype uint64 --region-keys 4096 --pla-eps 32,4096 --check-sorted 1
2026-09-21T15:17:37+00:00 [hardness] ok 0.1 s: scaleli_hardness
2026-09-21T15:17:37+00:00 [hardness] run: /Users/louisvasseur/Downloads/scaleli_sota/build-verify-e2e/experimental/scaleli/scaleli_hardness --data /Users/louisvasseur/Downloads/scaleli_sota/experimental/scaleli/results/aidb_dry/samples/clustered_20K_uniform_s42 --flow /Users/louisvasseur/Downloads/scaleli_sota/experimental/scaleli/results/aidb_dry/flows/clustered_2D2H2L.txt --virtual-alpha 0.1 --dtype uint64 --region-keys 4096 --pla-eps 32,4096 --check-sorted 1
2026-09-21T15:17:37+00:00 [hardness] ok 0.1 s: scaleli_hardness
2026-09-21T15:17:37+00:00 [hardness] run: /Users/louisvasseur/Downloads/scaleli_sota/build-verify-e2e/experimental/scaleli/scaleli_hardness --data /Users/louisvasseur/Downloads/scaleli_sota/experimental/scaleli/results/aidb_dry/samples/clustered_20K_uniform_s42 --virtual-alpha 0.1 --dtype uint64 --region-keys 4096 --pla-eps 32,4096 --check-sorted 1
2026-09-21T15:17:37+00:00 [hardness] ok 0.1 s: scaleli_hardness
2026-09-21T15:17:37+00:00 [hardness] run: /Users/louisvasseur/Downloads/scaleli_sota/build-verify-e2e/experimental/scaleli/scaleli_hardness --data /Users/louisvasseur/Downloads/scaleli_sota/experimental/scaleli/results/aidb_dry/samples/locally_hard_20K_uniform_s42 --flow /Users/louisvasseur/Downloads/scaleli_sota/experimental/scaleli/results/aidb_dry/flows/locally_hard_2D2H2L.txt --virtual-alpha 0.1 --dtype uint64 --region-keys 4096 --pla-eps 32,4096 --check-sorted 1
2026-09-21T15:17:37+00:00 [hardness] ok 0.2 s: scaleli_hardness
2026-09-21T15:17:37+00:00 [hardness] run: /Users/louisvasseur/Downloads/scaleli_sota/build-verify-e2e/experimental/scaleli/scaleli_hardness --data /Users/louisvasseur/Downloads/scaleli_sota/experimental/scaleli/results/aidb_dry/samples/locally_hard_20K_uniform_s42 --virtual-alpha 0.1 --dtype uint64 --region-keys 4096 --pla-eps 32,4096 --check-sorted 1
2026-09-21T15:17:37+00:00 [hardness] ok 0.2 s: scaleli_hardness
2026-09-21T15:17:37+00:00 [hardness] ok 0.2 s: scaleli_hardness
2026-09-21T15:17:37+00:00 [hardness] ok 0.2 s: scaleli_hardness
2026-09-21T15:17:37+00:00 [hardness] ok 0.2 s: scaleli_hardness
2026-09-21T15:17:37+00:00 [hardness] dense_sparse_fixture: full CD=129 PLA-32=107, full_flow CD=129 PLA-32=107, sample CD=129 PLA-32=107, sample_flow CD=129 PLA-32=107, sample_flow_csv CD=129 PLA-32=99, sample_csv CD=129 PLA-32=99
2026-09-21T15:17:37+00:00 [hardness] lognormal: full CD=98 PLA-32=35, full_flow CD=56 PLA-32=33, sample CD=69 PLA-32=22, sample_flow CD=49 PLA-32=20, sample_flow_csv CD=48 PLA-32=23, sample_csv CD=103 PLA-32=24
2026-09-21T15:17:37+00:00 [hardness] clustered: full CD=1024 PLA-32=49, full_flow CD=1024 PLA-32=49, sample CD=443 PLA-32=49, sample_flow CD=443 PLA-32=49, sample_flow_csv CD=443 PLA-32=86, sample_csv CD=430 PLA-32=86
2026-09-21T15:17:37+00:00 [hardness] locally_hard: full CD=8 PLA-32=1, full_flow CD=8 PLA-32=4, sample CD=8 PLA-32=4, sample_flow CD=8 PLA-32=5, sample_flow_csv CD=8 PLA-32=3, sample_csv CD=8 PLA-32=3
2026-09-21T15:17:37+00:00 [hardness] done in 0.4 s
2026-09-21T15:17:37+00:00 [pipeline] finished
2026-09-21T15:20:44+00:00 [pipeline] start steps=['verify-downloads', 'sort', 'sample', 'flows', 'hardness', 'sweep', 'throughput', 'scores', 'report'] datasets=['dense_sparse_fixture', 'lognormal', 'clustered', 'locally_hard'] results=/Users/louisvasseur/Downloads/scaleli_sota/experimental/scaleli/results/aidb_dry dry_run=True
2026-09-21T15:20:44+00:00 [verify-downloads] begin
2026-09-21T15:20:44+00:00 [verify-downloads] dense_sparse_fixture: copied fixture dense_sparse_fixture_uint64
2026-09-21T15:20:44+00:00 [verify-downloads] run: /Users/louisvasseur/Downloads/scaleli_sota/build-verify-e2e/experimental/scaleli/scaleli_bench --distribution lognormal --n 50000 --seed 42 --ops 1 --profile read_only --load-ratio 1 --verify 0 --instrument 0 --warmup 0 --dump-keys /Users/louisvasseur/Downloads/scaleli_sota/experimental/scaleli/results/aidb_dry/data/lognormal.part
2026-09-21T15:20:44+00:00 [verify-downloads] ok 0.0 s: scaleli_bench
2026-09-21T15:20:44+00:00 [verify-downloads] lognormal: generated 50,000 synthetic lognormal keys
2026-09-21T15:20:44+00:00 [verify-downloads] run: /Users/louisvasseur/Downloads/scaleli_sota/build-verify-e2e/experimental/scaleli/scaleli_bench --distribution clustered --n 50000 --seed 42 --ops 1 --profile read_only --load-ratio 1 --verify 0 --instrument 0 --warmup 0 --dump-keys /Users/louisvasseur/Downloads/scaleli_sota/experimental/scaleli/results/aidb_dry/data/clustered.part
2026-09-21T15:20:44+00:00 [verify-downloads] ok 0.0 s: scaleli_bench
2026-09-21T15:20:44+00:00 [verify-downloads] clustered: generated 50,000 synthetic clustered keys
2026-09-21T15:20:44+00:00 [verify-downloads] run: /Users/louisvasseur/Downloads/scaleli_sota/build-verify-e2e/experimental/scaleli/scaleli_bench --distribution locally_hard --n 50000 --seed 42 --ops 1 --profile read_only --load-ratio 1 --verify 0 --instrument 0 --warmup 0 --dump-keys /Users/louisvasseur/Downloads/scaleli_sota/experimental/scaleli/results/aidb_dry/data/locally_hard.part
2026-09-21T15:20:44+00:00 [verify-downloads] ok 0.0 s: scaleli_bench
2026-09-21T15:20:44+00:00 [verify-downloads] locally_hard: generated 50,000 synthetic locally_hard keys
2026-09-21T15:20:44+00:00 [verify-downloads] dense_sparse_fixture: 16,384 keys, 131,080 bytes, sha256 621f0271a21d5cbb… (0.0 s)
2026-09-21T15:20:44+00:00 [verify-downloads] lognormal: 50,000 keys, 400,008 bytes, sha256 984476070aa3b632… (0.0 s)
2026-09-21T15:20:44+00:00 [verify-downloads] clustered: 50,000 keys, 400,008 bytes, sha256 85b7fc237c451912… (0.0 s)
2026-09-21T15:20:44+00:00 [verify-downloads] locally_hard: 50,000 keys, 400,008 bytes, sha256 56d69ddbb6faea64… (0.0 s)
2026-09-21T15:20:44+00:00 [verify-downloads] done in 0.1 s
2026-09-21T15:20:44+00:00 [sort] begin
2026-09-21T15:20:44+00:00 [sort] run: /Users/louisvasseur/Downloads/scaleli_sota/build-verify-e2e/experimental/scaleli/scaleli_hardness --data /Users/louisvasseur/Downloads/scaleli_sota/experimental/scaleli/results/aidb_dry/data/dense_sparse_fixture --dtype uint64 --check-sorted 0 --sort-only 1 --write-sorted /Users/louisvasseur/Downloads/scaleli_sota/experimental/scaleli/results/aidb_dry/data/dense_sparse_fixture.sorted
2026-09-21T15:20:44+00:00 [sort] ok 0.0 s: scaleli_hardness
2026-09-21T15:20:44+00:00 [sort] dense_sparse_fixture: sorted=True duplicates=0
2026-09-21T15:20:44+00:00 [sort] run: /Users/louisvasseur/Downloads/scaleli_sota/build-verify-e2e/experimental/scaleli/scaleli_hardness --data /Users/louisvasseur/Downloads/scaleli_sota/experimental/scaleli/results/aidb_dry/data/lognormal --dtype uint64 --check-sorted 0 --sort-only 1 --write-sorted /Users/louisvasseur/Downloads/scaleli_sota/experimental/scaleli/results/aidb_dry/data/lognormal.sorted
2026-09-21T15:20:44+00:00 [sort] ok 0.0 s: scaleli_hardness
2026-09-21T15:20:44+00:00 [sort] lognormal: sorted=True duplicates=0
2026-09-21T15:20:45+00:00 [sort] run: /Users/louisvasseur/Downloads/scaleli_sota/build-verify-e2e/experimental/scaleli/scaleli_hardness --data /Users/louisvasseur/Downloads/scaleli_sota/experimental/scaleli/results/aidb_dry/data/clustered --dtype uint64 --check-sorted 0 --sort-only 1 --write-sorted /Users/louisvasseur/Downloads/scaleli_sota/experimental/scaleli/results/aidb_dry/data/clustered.sorted
2026-09-21T15:20:45+00:00 [sort] ok 0.0 s: scaleli_hardness
2026-09-21T15:20:45+00:00 [sort] clustered: sorted=True duplicates=0
2026-09-21T15:20:45+00:00 [sort] run: /Users/louisvasseur/Downloads/scaleli_sota/build-verify-e2e/experimental/scaleli/scaleli_hardness --data /Users/louisvasseur/Downloads/scaleli_sota/experimental/scaleli/results/aidb_dry/data/locally_hard --dtype uint64 --check-sorted 0 --sort-only 1 --write-sorted /Users/louisvasseur/Downloads/scaleli_sota/experimental/scaleli/results/aidb_dry/data/locally_hard.sorted
2026-09-21T15:20:45+00:00 [sort] ok 0.0 s: scaleli_hardness
2026-09-21T15:20:45+00:00 [sort] locally_hard: sorted=True duplicates=0
2026-09-21T15:20:45+00:00 [sort] done in 0.0 s
2026-09-21T15:20:45+00:00 [sample] begin
2026-09-21T15:20:45+00:00 [sample] run: /opt/homebrew/opt/python@3.14/bin/python3.14 /Users/louisvasseur/Downloads/scaleli_sota/experimental/scaleli/tools/datasets.py sample /Users/louisvasseur/Downloads/scaleli_sota/experimental/scaleli/results/aidb_dry/data/dense_sparse_fixture /Users/louisvasseur/Downloads/scaleli_sota/experimental/scaleli/results/aidb_dry/samples/dense_sparse_fixture_16384_uniform_s42 --n 16384 --dtype uint64 --mode uniform --seed 42
2026-09-21T15:20:45+00:00 [sample] ok 0.1 s: python3.14
2026-09-21T15:20:45+00:00 [sample] dense_sparse_fixture: wrote dense_sparse_fixture_16384_uniform_s42 (16,384 keys)
2026-09-21T15:20:45+00:00 [sample] run: /opt/homebrew/opt/python@3.14/bin/python3.14 /Users/louisvasseur/Downloads/scaleli_sota/experimental/scaleli/tools/datasets.py sample /Users/louisvasseur/Downloads/scaleli_sota/experimental/scaleli/results/aidb_dry/data/lognormal /Users/louisvasseur/Downloads/scaleli_sota/experimental/scaleli/results/aidb_dry/samples/lognormal_20K_uniform_s42 --n 20000 --dtype uint64 --mode uniform --seed 42
2026-09-21T15:20:45+00:00 [sample] ok 0.1 s: python3.14
2026-09-21T15:20:45+00:00 [sample] lognormal: wrote lognormal_20K_uniform_s42 (20,000 keys)
2026-09-21T15:20:45+00:00 [sample] run: /opt/homebrew/opt/python@3.14/bin/python3.14 /Users/louisvasseur/Downloads/scaleli_sota/experimental/scaleli/tools/datasets.py sample /Users/louisvasseur/Downloads/scaleli_sota/experimental/scaleli/results/aidb_dry/data/clustered /Users/louisvasseur/Downloads/scaleli_sota/experimental/scaleli/results/aidb_dry/samples/clustered_20K_uniform_s42 --n 20000 --dtype uint64 --mode uniform --seed 42
2026-09-21T15:20:45+00:00 [sample] ok 0.1 s: python3.14
2026-09-21T15:20:45+00:00 [sample] clustered: wrote clustered_20K_uniform_s42 (20,000 keys)
2026-09-21T15:20:45+00:00 [sample] run: /opt/homebrew/opt/python@3.14/bin/python3.14 /Users/louisvasseur/Downloads/scaleli_sota/experimental/scaleli/tools/datasets.py sample /Users/louisvasseur/Downloads/scaleli_sota/experimental/scaleli/results/aidb_dry/data/locally_hard /Users/louisvasseur/Downloads/scaleli_sota/experimental/scaleli/results/aidb_dry/samples/locally_hard_20K_uniform_s42 --n 20000 --dtype uint64 --mode uniform --seed 42
2026-09-21T15:20:45+00:00 [sample] ok 0.1 s: python3.14
2026-09-21T15:20:45+00:00 [sample] locally_hard: wrote locally_hard_20K_uniform_s42 (20,000 keys)
2026-09-21T15:20:45+00:00 [sample] done in 0.5 s
2026-09-21T15:20:45+00:00 [flows] begin
2026-09-21T15:20:45+00:00 [flows] run: /opt/homebrew/opt/python@3.14/bin/python3.14 /Users/louisvasseur/Downloads/scaleli_sota/experimental/scaleli/tools/train_flow.py /Users/louisvasseur/Downloads/scaleli_sota/experimental/scaleli/results/aidb_dry/samples/dense_sparse_fixture_16384_uniform_s42 --dtype uint64 --output /Users/louisvasseur/Downloads/scaleli_sota/experimental/scaleli/results/aidb_dry/flows/dense_sparse_fixture_2D2H2L.txt --sample 4096 --steps 200 --monotone
2026-09-21T15:20:47+00:00 [flows] ok 2.5 s: python3.14
2026-09-21T15:20:47+00:00 [flows] dense_sparse_fixture: nll 4.1631, tail conflicts 2 -> 2, unordered pairs 0
2026-09-21T15:20:47+00:00 [flows] run: /opt/homebrew/opt/python@3.14/bin/python3.14 /Users/louisvasseur/Downloads/scaleli_sota/experimental/scaleli/tools/train_flow.py /Users/louisvasseur/Downloads/scaleli_sota/experimental/scaleli/results/aidb_dry/samples/lognormal_20K_uniform_s42 --dtype uint64 --output /Users/louisvasseur/Downloads/scaleli_sota/experimental/scaleli/results/aidb_dry/flows/lognormal_2D2H2L.txt --sample 4096 --steps 200 --monotone
2026-09-21T15:20:50+00:00 [flows] ok 2.5 s: python3.14
2026-09-21T15:20:50+00:00 [flows] lognormal: nll 0.5579, tail conflicts 195 -> 81, unordered pairs 0
2026-09-21T15:20:50+00:00 [flows] run: /opt/homebrew/opt/python@3.14/bin/python3.14 /Users/louisvasseur/Downloads/scaleli_sota/experimental/scaleli/tools/train_flow.py /Users/louisvasseur/Downloads/scaleli_sota/experimental/scaleli/results/aidb_dry/samples/clustered_20K_uniform_s42 --dtype uint64 --output /Users/louisvasseur/Downloads/scaleli_sota/experimental/scaleli/results/aidb_dry/flows/clustered_2D2H2L.txt --sample 4096 --steps 200 --monotone
2026-09-21T15:20:52+00:00 [flows] ok 2.5 s: python3.14
2026-09-21T15:20:52+00:00 [flows] clustered: nll 4.1760, tail conflicts 442 -> 442, unordered pairs 0
2026-09-21T15:20:52+00:00 [flows] run: /opt/homebrew/opt/python@3.14/bin/python3.14 /Users/louisvasseur/Downloads/scaleli_sota/experimental/scaleli/tools/train_flow.py /Users/louisvasseur/Downloads/scaleli_sota/experimental/scaleli/results/aidb_dry/samples/locally_hard_20K_uniform_s42 --dtype uint64 --output /Users/louisvasseur/Downloads/scaleli_sota/experimental/scaleli/results/aidb_dry/flows/locally_hard_2D2H2L.txt --sample 4096 --steps 200 --monotone
2026-09-21T15:20:55+00:00 [flows] ok 2.5 s: python3.14
2026-09-21T15:20:55+00:00 [flows] locally_hard: nll 4.1744, tail conflicts 5 -> 5, unordered pairs 0
2026-09-21T15:20:55+00:00 [flows] done in 10.0 s
2026-09-21T15:20:55+00:00 [hardness] begin
2026-09-21T15:20:55+00:00 [hardness] run: /Users/louisvasseur/Downloads/scaleli_sota/build-verify-e2e/experimental/scaleli/scaleli_hardness --data /Users/louisvasseur/Downloads/scaleli_sota/experimental/scaleli/results/aidb_dry/data/dense_sparse_fixture --flow /Users/louisvasseur/Downloads/scaleli_sota/experimental/scaleli/results/aidb_dry/flows/dense_sparse_fixture_2D2H2L.txt --dtype uint64 --region-keys 4096 --pla-eps 32,4096 --check-sorted 1
2026-09-21T15:20:55+00:00 [hardness] ok 0.0 s: scaleli_hardness
2026-09-21T15:20:55+00:00 [hardness] run: /Users/louisvasseur/Downloads/scaleli_sota/build-verify-e2e/experimental/scaleli/scaleli_hardness --data /Users/louisvasseur/Downloads/scaleli_sota/experimental/scaleli/results/aidb_dry/data/lognormal --flow /Users/louisvasseur/Downloads/scaleli_sota/experimental/scaleli/results/aidb_dry/flows/lognormal_2D2H2L.txt --dtype uint64 --region-keys 4096 --pla-eps 32,4096 --check-sorted 1
2026-09-21T15:20:55+00:00 [hardness] ok 0.0 s: scaleli_hardness
2026-09-21T15:20:55+00:00 [hardness] run: /Users/louisvasseur/Downloads/scaleli_sota/build-verify-e2e/experimental/scaleli/scaleli_hardness --data /Users/louisvasseur/Downloads/scaleli_sota/experimental/scaleli/results/aidb_dry/data/clustered --flow /Users/louisvasseur/Downloads/scaleli_sota/experimental/scaleli/results/aidb_dry/flows/clustered_2D2H2L.txt --dtype uint64 --region-keys 4096 --pla-eps 32,4096 --check-sorted 1
2026-09-21T15:20:55+00:00 [hardness] ok 0.0 s: scaleli_hardness
2026-09-21T15:20:55+00:00 [hardness] run: /Users/louisvasseur/Downloads/scaleli_sota/build-verify-e2e/experimental/scaleli/scaleli_hardness --data /Users/louisvasseur/Downloads/scaleli_sota/experimental/scaleli/results/aidb_dry/data/locally_hard --flow /Users/louisvasseur/Downloads/scaleli_sota/experimental/scaleli/results/aidb_dry/flows/locally_hard_2D2H2L.txt --dtype uint64 --region-keys 4096 --pla-eps 32,4096 --check-sorted 1
2026-09-21T15:20:55+00:00 [hardness] ok 0.0 s: scaleli_hardness
2026-09-21T15:20:55+00:00 [hardness] run: /Users/louisvasseur/Downloads/scaleli_sota/build-verify-e2e/experimental/scaleli/scaleli_hardness --data /Users/louisvasseur/Downloads/scaleli_sota/experimental/scaleli/results/aidb_dry/samples/dense_sparse_fixture_16384_uniform_s42 --flow /Users/louisvasseur/Downloads/scaleli_sota/experimental/scaleli/results/aidb_dry/flows/dense_sparse_fixture_2D2H2L.txt --virtual-alpha 0.1 --dtype uint64 --region-keys 4096 --pla-eps 32,4096 --check-sorted 1
2026-09-21T15:20:55+00:00 [hardness] ok 0.1 s: scaleli_hardness
2026-09-21T15:20:55+00:00 [hardness] run: /Users/louisvasseur/Downloads/scaleli_sota/build-verify-e2e/experimental/scaleli/scaleli_hardness --data /Users/louisvasseur/Downloads/scaleli_sota/experimental/scaleli/results/aidb_dry/samples/dense_sparse_fixture_16384_uniform_s42 --virtual-alpha 0.1 --dtype uint64 --region-keys 4096 --pla-eps 32,4096 --check-sorted 1
2026-09-21T15:20:55+00:00 [hardness] ok 0.1 s: scaleli_hardness
2026-09-21T15:20:55+00:00 [hardness] run: /Users/louisvasseur/Downloads/scaleli_sota/build-verify-e2e/experimental/scaleli/scaleli_hardness --data /Users/louisvasseur/Downloads/scaleli_sota/experimental/scaleli/results/aidb_dry/samples/lognormal_20K_uniform_s42 --flow /Users/louisvasseur/Downloads/scaleli_sota/experimental/scaleli/results/aidb_dry/flows/lognormal_2D2H2L.txt --virtual-alpha 0.1 --dtype uint64 --region-keys 4096 --pla-eps 32,4096 --check-sorted 1
2026-09-21T15:20:55+00:00 [hardness] ok 0.1 s: scaleli_hardness
2026-09-21T15:20:55+00:00 [hardness] run: /Users/louisvasseur/Downloads/scaleli_sota/build-verify-e2e/experimental/scaleli/scaleli_hardness --data /Users/louisvasseur/Downloads/scaleli_sota/experimental/scaleli/results/aidb_dry/samples/lognormal_20K_uniform_s42 --virtual-alpha 0.1 --dtype uint64 --region-keys 4096 --pla-eps 32,4096 --check-sorted 1
2026-09-21T15:20:55+00:00 [hardness] ok 0.1 s: scaleli_hardness
2026-09-21T15:20:55+00:00 [hardness] run: /Users/louisvasseur/Downloads/scaleli_sota/build-verify-e2e/experimental/scaleli/scaleli_hardness --data /Users/louisvasseur/Downloads/scaleli_sota/experimental/scaleli/results/aidb_dry/samples/clustered_20K_uniform_s42 --flow /Users/louisvasseur/Downloads/scaleli_sota/experimental/scaleli/results/aidb_dry/flows/clustered_2D2H2L.txt --virtual-alpha 0.1 --dtype uint64 --region-keys 4096 --pla-eps 32,4096 --check-sorted 1
2026-09-21T15:20:56+00:00 [hardness] ok 0.2 s: scaleli_hardness
2026-09-21T15:20:56+00:00 [hardness] run: /Users/louisvasseur/Downloads/scaleli_sota/build-verify-e2e/experimental/scaleli/scaleli_hardness --data /Users/louisvasseur/Downloads/scaleli_sota/experimental/scaleli/results/aidb_dry/samples/clustered_20K_uniform_s42 --virtual-alpha 0.1 --dtype uint64 --region-keys 4096 --pla-eps 32,4096 --check-sorted 1
2026-09-21T15:20:56+00:00 [hardness] ok 0.1 s: scaleli_hardness
2026-09-21T15:20:56+00:00 [hardness] run: /Users/louisvasseur/Downloads/scaleli_sota/build-verify-e2e/experimental/scaleli/scaleli_hardness --data /Users/louisvasseur/Downloads/scaleli_sota/experimental/scaleli/results/aidb_dry/samples/locally_hard_20K_uniform_s42 --flow /Users/louisvasseur/Downloads/scaleli_sota/experimental/scaleli/results/aidb_dry/flows/locally_hard_2D2H2L.txt --virtual-alpha 0.1 --dtype uint64 --region-keys 4096 --pla-eps 32,4096 --check-sorted 1
2026-09-21T15:20:56+00:00 [hardness] ok 0.2 s: scaleli_hardness
2026-09-21T15:20:56+00:00 [hardness] run: /Users/louisvasseur/Downloads/scaleli_sota/build-verify-e2e/experimental/scaleli/scaleli_hardness --data /Users/louisvasseur/Downloads/scaleli_sota/experimental/scaleli/results/aidb_dry/samples/locally_hard_20K_uniform_s42 --virtual-alpha 0.1 --dtype uint64 --region-keys 4096 --pla-eps 32,4096 --check-sorted 1
2026-09-21T15:20:56+00:00 [hardness] ok 0.2 s: scaleli_hardness
2026-09-21T15:20:56+00:00 [hardness] dense_sparse_fixture: full CD=129 PLA-32=107, full_flow CD=129 PLA-32=107, sample CD=129 PLA-32=107, sample_flow CD=129 PLA-32=107, sample_flow_csv CD=129 PLA-32=99, sample_csv CD=129 PLA-32=99
2026-09-21T15:20:56+00:00 [hardness] lognormal: full CD=98 PLA-32=35, full_flow CD=56 PLA-32=33, sample CD=69 PLA-32=22, sample_flow CD=49 PLA-32=20, sample_flow_csv CD=48 PLA-32=23, sample_csv CD=103 PLA-32=24
2026-09-21T15:20:56+00:00 [hardness] clustered: full CD=1024 PLA-32=49, full_flow CD=1024 PLA-32=49, sample CD=443 PLA-32=49, sample_flow CD=443 PLA-32=49, sample_flow_csv CD=443 PLA-32=86, sample_csv CD=430 PLA-32=86
2026-09-21T15:20:56+00:00 [hardness] locally_hard: full CD=8 PLA-32=1, full_flow CD=8 PLA-32=4, sample CD=8 PLA-32=4, sample_flow CD=8 PLA-32=5, sample_flow_csv CD=8 PLA-32=3, sample_csv CD=8 PLA-32=3
2026-09-21T15:20:56+00:00 [hardness] done in 1.1 s
2026-09-21T15:20:56+00:00 [sweep] begin
2026-09-21T15:20:56+00:00 [sweep] force: removed previous sweep
2026-09-21T15:20:56+00:00 [sweep] run: /opt/homebrew/opt/python@3.14/bin/python3.14 /Users/louisvasseur/Downloads/scaleli_sota/experimental/scaleli/tools/run_suite.py --binary /Users/louisvasseur/Downloads/scaleli_sota/build-verify-e2e/experimental/scaleli/scaleli_bench --config /Users/louisvasseur/Downloads/scaleli_sota/experimental/scaleli/results/aidb_dry/aidb.json --output /Users/louisvasseur/Downloads/scaleli_sota/experimental/scaleli/results/aidb_dry/sweep --timeout 14400
2026-09-21T15:21:05+00:00 [sweep] ok 8.8 s: python3.14
2026-09-21T15:21:05+00:00 [sweep] run: /opt/homebrew/opt/python@3.14/bin/python3.14 /Users/louisvasseur/Downloads/scaleli_sota/experimental/scaleli/tools/summarize.py /Users/louisvasseur/Downloads/scaleli_sota/experimental/scaleli/results/aidb_dry/sweep/results.jsonl --baseline packed_rank --output /Users/louisvasseur/Downloads/scaleli_sota/experimental/scaleli/results/aidb_dry/sweep/summary.csv
2026-09-21T15:21:05+00:00 [sweep] ok 0.5 s: python3.14
2026-09-21T15:21:05+00:00 [sweep] run: /opt/homebrew/opt/python@3.14/bin/python3.14 /Users/louisvasseur/Downloads/scaleli_sota/experimental/scaleli/tools/sweep_report.py /Users/louisvasseur/Downloads/scaleli_sota/experimental/scaleli/results/aidb_dry/sweep/summary.csv --output /Users/louisvasseur/Downloads/scaleli_sota/experimental/scaleli/results/aidb_dry/sweep/sweep_report.html
2026-09-21T15:21:05+00:00 [sweep] ok 0.1 s: python3.14
2026-09-21T15:21:05+00:00 [sweep] done in 9.4 s
2026-09-21T15:21:05+00:00 [throughput] begin
2026-09-21T15:21:05+00:00 [throughput] sorted_vector: clustered 20.52, dense_sparse_fixture 21.64, locally_hard 20.67, lognormal 20.60 MOPS
2026-09-21T15:21:05+00:00 [throughput] raw_rank: clustered 9.41, dense_sparse_fixture 10.88, locally_hard 10.81, lognormal 9.03 MOPS
2026-09-21T15:21:05+00:00 [throughput] packed_rank: clustered 3.97, dense_sparse_fixture 5.08, locally_hard 3.25, lognormal 4.34 MOPS
2026-09-21T15:21:05+00:00 [throughput] packed_rank_flow: clustered 3.93, dense_sparse_fixture 5.06, locally_hard 3.20, lognormal 4.23 MOPS
2026-09-21T15:21:05+00:00 [throughput] packed_rank_flow_forced: clustered 3.51, dense_sparse_fixture 4.29, locally_hard 3.00, lognormal 3.96 MOPS
2026-09-21T15:21:05+00:00 [throughput] packed_rank_vp10: clustered 3.97, dense_sparse_fixture 5.08, locally_hard 3.30, lognormal 4.47 MOPS
2026-09-21T15:21:05+00:00 [throughput] packed_rank_flow_vp10: clustered 3.96, dense_sparse_fixture 5.03, locally_hard 3.39, lognormal 4.34 MOPS
2026-09-21T15:21:05+00:00 [throughput] packed_rank_fusion_auto: clustered 3.97, dense_sparse_fixture 5.01, locally_hard 3.26, lognormal 4.47 MOPS
2026-09-21T15:21:05+00:00 [throughput] packed_rank_flow_costsel: clustered 3.97, dense_sparse_fixture 5.09, locally_hard 3.36, lognormal 4.36 MOPS
2026-09-21T15:21:05+00:00 [throughput] packed_byte: clustered 3.99, dense_sparse_fixture 5.00, locally_hard 3.38, lognormal 4.37 MOPS
2026-09-21T15:21:05+00:00 [throughput] done in 0.0 s
2026-09-21T15:21:05+00:00 [scores] begin
2026-09-21T15:21:05+00:00 [scores] run: /opt/homebrew/opt/python@3.14/bin/python3.14 /Users/louisvasseur/Downloads/scaleli_sota/experimental/scaleli/tools/aidb_scores.py --hardness /Users/louisvasseur/Downloads/scaleli_sota/experimental/scaleli/results/aidb_dry/hardness.json --throughput /Users/louisvasseur/Downloads/scaleli_sota/experimental/scaleli/results/aidb_dry/throughput.json --output /Users/louisvasseur/Downloads/scaleli_sota/experimental/scaleli/results/aidb_dry/scores.json
2026-09-21T15:21:05+00:00 [scores] ok 0.1 s: python3.14
2026-09-21T15:21:05+00:00 [scores] full: PLA-32 Conf=-0.80 Cov=1.00, CD Conf=-0.67 Cov=1.00, PLA-32·PLA-4096 Conf=-0.90 Cov=0.33, CD·PLA-32 Conf=-0.74 Cov=0.67
2026-09-21T15:21:05+00:00 [scores] full_flow: PLA-32 Conf=-0.80 Cov=1.00, CD Conf=-0.67 Cov=1.00, PLA-32·PLA-4096 Conf=-0.90 Cov=0.33, CD·PLA-32 Conf=-0.74 Cov=0.67
2026-09-21T15:21:05+00:00 [scores] sample: PLA-32 Conf=-0.80 Cov=1.00, CD Conf=-0.67 Cov=1.00, PLA-32·PLA-4096 Conf=-0.90 Cov=0.33, CD·PLA-32 Conf=-0.74 Cov=0.67
2026-09-21T15:21:05+00:00 [scores] sample_flow: PLA-32 Conf=-0.80 Cov=1.00, CD Conf=-0.67 Cov=1.00, PLA-32·PLA-4096 Conf=-0.90 Cov=0.33, CD·PLA-32 Conf=-0.74 Cov=0.67
2026-09-21T15:21:05+00:00 [scores] sample_csv: PLA-32 Conf=-0.80 Cov=1.00, CD Conf=-0.67 Cov=1.00, PLA-32·PLA-4096 Conf=-0.90 Cov=0.33, CD·PLA-32 Conf=-0.74 Cov=0.67
2026-09-21T15:21:05+00:00 [scores] sample_flow_csv: PLA-32 Conf=-0.80 Cov=1.00, CD Conf=-0.67 Cov=1.00, PLA-32·PLA-4096 Conf=-0.90 Cov=0.33, CD·PLA-32 Conf=-0.74 Cov=0.67
2026-09-21T15:21:05+00:00 [scores] done in 0.1 s
2026-09-21T15:21:05+00:00 [report] begin
2026-09-21T15:21:05+00:00 [report] run: /opt/homebrew/opt/python@3.14/bin/python3.14 /Users/louisvasseur/Downloads/scaleli_sota/experimental/scaleli/tools/aidb_report.py --results /Users/louisvasseur/Downloads/scaleli_sota/experimental/scaleli/results/aidb_dry --output /Users/louisvasseur/Downloads/scaleli_sota/experimental/scaleli/results/aidb_dry/report.html
2026-09-21T15:21:06+00:00 [report] ok 0.1 s: python3.14
2026-09-21T15:21:06+00:00 [report] wrote /Users/louisvasseur/Downloads/scaleli_sota/experimental/scaleli/results/aidb_dry/report.html
2026-09-21T15:21:06+00:00 [report] done in 0.1 s
2026-09-21T15:21:06+00:00 [pipeline] finished
2026-09-21T15:21:06+00:00 [pipeline] start steps=['verify-downloads', 'sort', 'sample', 'flows', 'hardness', 'sweep', 'throughput', 'scores', 'report'] datasets=['dense_sparse_fixture', 'lognormal', 'clustered', 'locally_hard'] results=/Users/louisvasseur/Downloads/scaleli_sota/experimental/scaleli/results/aidb_dry dry_run=True
2026-09-21T15:21:06+00:00 [verify-downloads] begin
2026-09-21T15:21:06+00:00 [verify-downloads] dense_sparse_fixture: keep provenance (16,384 keys, sha256 621f0271a21d5cbb…)
2026-09-21T15:21:06+00:00 [verify-downloads] lognormal: keep provenance (50,000 keys, sha256 984476070aa3b632…)
2026-09-21T15:21:06+00:00 [verify-downloads] clustered: keep provenance (50,000 keys, sha256 85b7fc237c451912…)
2026-09-21T15:21:06+00:00 [verify-downloads] locally_hard: keep provenance (50,000 keys, sha256 56d69ddbb6faea64…)
2026-09-21T15:21:06+00:00 [verify-downloads] done in 0.0 s
2026-09-21T15:21:06+00:00 [sort] begin
2026-09-21T15:21:06+00:00 [sort] dense_sparse_fixture: keep audit (sorted=True, duplicates=0)
2026-09-21T15:21:06+00:00 [sort] lognormal: keep audit (sorted=True, duplicates=0)
2026-09-21T15:21:06+00:00 [sort] clustered: keep audit (sorted=True, duplicates=0)
2026-09-21T15:21:06+00:00 [sort] locally_hard: keep audit (sorted=True, duplicates=0)
2026-09-21T15:21:06+00:00 [sort] done in 0.0 s
2026-09-21T15:21:06+00:00 [sample] begin
2026-09-21T15:21:06+00:00 [sample] dense_sparse_fixture: keep dense_sparse_fixture_16384_uniform_s42 (16,384 keys)
2026-09-21T15:21:06+00:00 [sample] lognormal: keep lognormal_20K_uniform_s42 (20,000 keys)
2026-09-21T15:21:06+00:00 [sample] clustered: keep clustered_20K_uniform_s42 (20,000 keys)
2026-09-21T15:21:06+00:00 [sample] locally_hard: keep locally_hard_20K_uniform_s42 (20,000 keys)
2026-09-21T15:21:06+00:00 [sample] done in 0.0 s
2026-09-21T15:21:06+00:00 [flows] begin
2026-09-21T15:21:06+00:00 [flows] keep flows/dense_sparse_fixture_training.json
2026-09-21T15:21:06+00:00 [flows] dense_sparse_fixture: nll 4.1631, tail conflicts 2 -> 2, unordered pairs 0
2026-09-21T15:21:06+00:00 [flows] keep flows/lognormal_training.json
2026-09-21T15:21:06+00:00 [flows] lognormal: nll 0.5579, tail conflicts 195 -> 81, unordered pairs 0
2026-09-21T15:21:06+00:00 [flows] keep flows/clustered_training.json
2026-09-21T15:21:06+00:00 [flows] clustered: nll 4.1760, tail conflicts 442 -> 442, unordered pairs 0
2026-09-21T15:21:06+00:00 [flows] keep flows/locally_hard_training.json
2026-09-21T15:21:06+00:00 [flows] locally_hard: nll 4.1744, tail conflicts 5 -> 5, unordered pairs 0
2026-09-21T15:21:06+00:00 [flows] done in 0.0 s
2026-09-21T15:21:06+00:00 [hardness] begin
2026-09-21T15:21:06+00:00 [hardness] keep hardness/dense_sparse_fixture_full.json
2026-09-21T15:21:06+00:00 [hardness] keep hardness/lognormal_full.json
2026-09-21T15:21:06+00:00 [hardness] keep hardness/clustered_full.json
2026-09-21T15:21:06+00:00 [hardness] keep hardness/locally_hard_full.json
2026-09-21T15:21:06+00:00 [hardness] keep hardness/dense_sparse_fixture_sample_flow.json
2026-09-21T15:21:06+00:00 [hardness] keep hardness/dense_sparse_fixture_sample_csv.json
2026-09-21T15:21:06+00:00 [hardness] keep hardness/lognormal_sample_flow.json
2026-09-21T15:21:06+00:00 [hardness] keep hardness/lognormal_sample_csv.json
2026-09-21T15:21:06+00:00 [hardness] keep hardness/clustered_sample_flow.json
2026-09-21T15:21:06+00:00 [hardness] keep hardness/clustered_sample_csv.json
2026-09-21T15:21:06+00:00 [hardness] keep hardness/locally_hard_sample_flow.json
2026-09-21T15:21:06+00:00 [hardness] keep hardness/locally_hard_sample_csv.json
2026-09-21T15:21:06+00:00 [hardness] dense_sparse_fixture: full CD=129 PLA-32=107, full_flow CD=129 PLA-32=107, sample CD=129 PLA-32=107, sample_flow CD=129 PLA-32=107, sample_flow_csv CD=129 PLA-32=99, sample_csv CD=129 PLA-32=99
2026-09-21T15:21:06+00:00 [hardness] lognormal: full CD=98 PLA-32=35, full_flow CD=56 PLA-32=33, sample CD=69 PLA-32=22, sample_flow CD=49 PLA-32=20, sample_flow_csv CD=48 PLA-32=23, sample_csv CD=103 PLA-32=24
2026-09-21T15:21:06+00:00 [hardness] clustered: full CD=1024 PLA-32=49, full_flow CD=1024 PLA-32=49, sample CD=443 PLA-32=49, sample_flow CD=443 PLA-32=49, sample_flow_csv CD=443 PLA-32=86, sample_csv CD=430 PLA-32=86
2026-09-21T15:21:06+00:00 [hardness] locally_hard: full CD=8 PLA-32=1, full_flow CD=8 PLA-32=4, sample CD=8 PLA-32=4, sample_flow CD=8 PLA-32=5, sample_flow_csv CD=8 PLA-32=3, sample_csv CD=8 PLA-32=3
2026-09-21T15:21:06+00:00 [hardness] done in 0.0 s
2026-09-21T15:21:06+00:00 [sweep] begin
2026-09-21T15:21:06+00:00 [sweep] keep results/aidb_dry/sweep/results.jsonl
2026-09-21T15:21:06+00:00 [sweep] done in 0.0 s
2026-09-21T15:21:06+00:00 [throughput] begin
2026-09-21T15:21:06+00:00 [throughput] keep throughput.json
2026-09-21T15:21:06+00:00 [throughput] done in 0.0 s
2026-09-21T15:21:06+00:00 [scores] begin
2026-09-21T15:21:06+00:00 [scores] run: /opt/homebrew/opt/python@3.14/bin/python3.14 /Users/louisvasseur/Downloads/scaleli_sota/experimental/scaleli/tools/aidb_scores.py --hardness /Users/louisvasseur/Downloads/scaleli_sota/experimental/scaleli/results/aidb_dry/hardness.json --throughput /Users/louisvasseur/Downloads/scaleli_sota/experimental/scaleli/results/aidb_dry/throughput.json --output /Users/louisvasseur/Downloads/scaleli_sota/experimental/scaleli/results/aidb_dry/scores.json
2026-09-21T15:21:06+00:00 [scores] ok 0.1 s: python3.14
2026-09-21T15:21:06+00:00 [scores] full: PLA-32 Conf=-0.80 Cov=1.00, CD Conf=-0.67 Cov=1.00, PLA-32·PLA-4096 Conf=-0.90 Cov=0.33, CD·PLA-32 Conf=-0.74 Cov=0.67
2026-09-21T15:21:06+00:00 [scores] full_flow: PLA-32 Conf=-0.80 Cov=1.00, CD Conf=-0.67 Cov=1.00, PLA-32·PLA-4096 Conf=-0.90 Cov=0.33, CD·PLA-32 Conf=-0.74 Cov=0.67
2026-09-21T15:21:06+00:00 [scores] sample: PLA-32 Conf=-0.80 Cov=1.00, CD Conf=-0.67 Cov=1.00, PLA-32·PLA-4096 Conf=-0.90 Cov=0.33, CD·PLA-32 Conf=-0.74 Cov=0.67
2026-09-21T15:21:06+00:00 [scores] sample_flow: PLA-32 Conf=-0.80 Cov=1.00, CD Conf=-0.67 Cov=1.00, PLA-32·PLA-4096 Conf=-0.90 Cov=0.33, CD·PLA-32 Conf=-0.74 Cov=0.67
2026-09-21T15:21:06+00:00 [scores] sample_csv: PLA-32 Conf=-0.80 Cov=1.00, CD Conf=-0.67 Cov=1.00, PLA-32·PLA-4096 Conf=-0.90 Cov=0.33, CD·PLA-32 Conf=-0.74 Cov=0.67
2026-09-21T15:21:06+00:00 [scores] sample_flow_csv: PLA-32 Conf=-0.80 Cov=1.00, CD Conf=-0.67 Cov=1.00, PLA-32·PLA-4096 Conf=-0.90 Cov=0.33, CD·PLA-32 Conf=-0.74 Cov=0.67
2026-09-21T15:21:06+00:00 [scores] done in 0.1 s
2026-09-21T15:21:06+00:00 [report] begin
2026-09-21T15:21:06+00:00 [report] run: /opt/homebrew/opt/python@3.14/bin/python3.14 /Users/louisvasseur/Downloads/scaleli_sota/experimental/scaleli/tools/aidb_report.py --results /Users/louisvasseur/Downloads/scaleli_sota/experimental/scaleli/results/aidb_dry --output /Users/louisvasseur/Downloads/scaleli_sota/experimental/scaleli/results/aidb_dry/report.html
2026-09-21T15:21:06+00:00 [report] ok 0.1 s: python3.14
2026-09-21T15:21:06+00:00 [report] wrote /Users/louisvasseur/Downloads/scaleli_sota/experimental/scaleli/results/aidb_dry/report.html
2026-09-21T15:21:06+00:00 [report] done in 0.1 s
2026-09-21T15:21:06+00:00 [pipeline] finished
2026-09-21T15:21:06+00:00 [pipeline] start steps=['report'] datasets=['dense_sparse_fixture', 'lognormal', 'clustered', 'locally_hard'] results=/Users/louisvasseur/Downloads/scaleli_sota/experimental/scaleli/results/aidb_dry dry_run=True
2026-09-21T15:21:06+00:00 [report] begin
2026-09-21T15:21:06+00:00 [report] keep report.html
2026-09-21T15:21:06+00:00 [report] done in 0.0 s
2026-09-21T15:21:06+00:00 [pipeline] finished
2026-09-21T15:39:33+00:00 [pipeline] start steps=['verify-downloads', 'sort', 'sample', 'flows', 'hardness', 'sweep', 'throughput', 'scores', 'report'] datasets=['dense_sparse_fixture', 'lognormal', 'clustered', 'locally_hard', 'shuffled_dups'] results=/Users/louisvasseur/Downloads/scaleli_sota/experimental/scaleli/results/aidb_dry dry_run=True variants=['sorted_vector', 'raw_rank', 'packed_rank', 'packed_rank_flow', 'packed_rank_flow_forced', 'packed_rank_vp10', 'packed_rank_flow_vp10', 'packed_byte']
2026-09-21T15:39:33+00:00 [verify-downloads] begin
2026-09-21T15:39:33+00:00 [verify-downloads] dense_sparse_fixture: copied fixture dense_sparse_fixture_uint64
2026-09-21T15:39:33+00:00 [verify-downloads] run: /Users/louisvasseur/Downloads/scaleli_sota/build-fix/experimental/scaleli/scaleli_bench --distribution lognormal --n 50000 --seed 42 --ops 1 --profile read_only --load-ratio 1 --verify 0 --instrument 0 --warmup 0 --dump-keys /Users/louisvasseur/Downloads/scaleli_sota/experimental/scaleli/results/aidb_dry/data/lognormal.part
2026-09-21T15:39:33+00:00 [verify-downloads] ok 0.0 s: scaleli_bench
2026-09-21T15:39:33+00:00 [verify-downloads] lognormal: generated 50,000 synthetic lognormal keys
2026-09-21T15:39:33+00:00 [verify-downloads] run: /Users/louisvasseur/Downloads/scaleli_sota/build-fix/experimental/scaleli/scaleli_bench --distribution clustered --n 50000 --seed 42 --ops 1 --profile read_only --load-ratio 1 --verify 0 --instrument 0 --warmup 0 --dump-keys /Users/louisvasseur/Downloads/scaleli_sota/experimental/scaleli/results/aidb_dry/data/clustered.part
2026-09-21T15:39:33+00:00 [verify-downloads] ok 0.0 s: scaleli_bench
2026-09-21T15:39:33+00:00 [verify-downloads] clustered: generated 50,000 synthetic clustered keys
2026-09-21T15:39:33+00:00 [verify-downloads] run: /Users/louisvasseur/Downloads/scaleli_sota/build-fix/experimental/scaleli/scaleli_bench --distribution locally_hard --n 50000 --seed 42 --ops 1 --profile read_only --load-ratio 1 --verify 0 --instrument 0 --warmup 0 --dump-keys /Users/louisvasseur/Downloads/scaleli_sota/experimental/scaleli/results/aidb_dry/data/locally_hard.part
2026-09-21T15:39:33+00:00 [verify-downloads] ok 0.0 s: scaleli_bench
2026-09-21T15:39:33+00:00 [verify-downloads] locally_hard: generated 50,000 synthetic locally_hard keys
2026-09-21T15:39:33+00:00 [verify-downloads] run: /Users/louisvasseur/Downloads/scaleli_sota/build-fix/experimental/scaleli/scaleli_bench --distribution lognormal --n 50000 --seed 7 --ops 1 --profile read_only --load-ratio 1 --verify 0 --instrument 0 --warmup 0 --dump-keys /Users/louisvasseur/Downloads/scaleli_sota/experimental/scaleli/results/aidb_dry/data/shuffled_dups.part
2026-09-21T15:39:33+00:00 [verify-downloads] ok 0.0 s: scaleli_bench
2026-09-21T15:39:33+00:00 [verify-downloads] shuffled_dups: generated 50,000 synthetic lognormal keys, then shuffled with 500 duplicates appended (50,500 keys on disk)
2026-09-21T15:39:33+00:00 [verify-downloads] dense_sparse_fixture: 16,384 keys, 131,080 bytes, sha256 621f0271a21d5cbb… (0.0 s)
2026-09-21T15:39:33+00:00 [verify-downloads] lognormal: 50,000 keys, 400,008 bytes, sha256 984476070aa3b632… (0.0 s)
2026-09-21T15:39:33+00:00 [verify-downloads] clustered: 50,000 keys, 400,008 bytes, sha256 85b7fc237c451912… (0.0 s)
2026-09-21T15:39:33+00:00 [verify-downloads] locally_hard: 50,000 keys, 400,008 bytes, sha256 56d69ddbb6faea64… (0.0 s)
2026-09-21T15:39:33+00:00 [verify-downloads] shuffled_dups: 50,500 keys, 404,008 bytes, sha256 ad66293a3866a30c… (0.0 s)
2026-09-21T15:39:33+00:00 [verify-downloads] done in 0.1 s
2026-09-21T15:39:33+00:00 [sort] begin
2026-09-21T15:39:33+00:00 [sort] run: /Users/louisvasseur/Downloads/scaleli_sota/build-fix/experimental/scaleli/scaleli_hardness --data /Users/louisvasseur/Downloads/scaleli_sota/experimental/scaleli/results/aidb_dry/data/dense_sparse_fixture --dtype uint64 --check-sorted 0 --sort-only 1 --write-sorted /Users/louisvasseur/Downloads/scaleli_sota/experimental/scaleli/results/aidb_dry/data/dense_sparse_fixture.sorted
2026-09-21T15:39:33+00:00 [sort] ok 0.0 s: scaleli_hardness
2026-09-21T15:39:33+00:00 [sort] dense_sparse_fixture: sorted=True duplicates=0
2026-09-21T15:39:33+00:00 [sort] run: /Users/louisvasseur/Downloads/scaleli_sota/build-fix/experimental/scaleli/scaleli_hardness --data /Users/louisvasseur/Downloads/scaleli_sota/experimental/scaleli/results/aidb_dry/data/lognormal --dtype uint64 --check-sorted 0 --sort-only 1 --write-sorted /Users/louisvasseur/Downloads/scaleli_sota/experimental/scaleli/results/aidb_dry/data/lognormal.sorted
2026-09-21T15:39:33+00:00 [sort] ok 0.0 s: scaleli_hardness
2026-09-21T15:39:33+00:00 [sort] lognormal: sorted=True duplicates=0
2026-09-21T15:39:33+00:00 [sort] run: /Users/louisvasseur/Downloads/scaleli_sota/build-fix/experimental/scaleli/scaleli_hardness --data /Users/louisvasseur/Downloads/scaleli_sota/experimental/scaleli/results/aidb_dry/data/clustered --dtype uint64 --check-sorted 0 --sort-only 1 --write-sorted /Users/louisvasseur/Downloads/scaleli_sota/experimental/scaleli/results/aidb_dry/data/clustered.sorted
2026-09-21T15:39:33+00:00 [sort] ok 0.0 s: scaleli_hardness
2026-09-21T15:39:33+00:00 [sort] clustered: sorted=True duplicates=0
2026-09-21T15:39:33+00:00 [sort] run: /Users/louisvasseur/Downloads/scaleli_sota/build-fix/experimental/scaleli/scaleli_hardness --data /Users/louisvasseur/Downloads/scaleli_sota/experimental/scaleli/results/aidb_dry/data/locally_hard --dtype uint64 --check-sorted 0 --sort-only 1 --write-sorted /Users/louisvasseur/Downloads/scaleli_sota/experimental/scaleli/results/aidb_dry/data/locally_hard.sorted
2026-09-21T15:39:33+00:00 [sort] ok 0.0 s: scaleli_hardness
2026-09-21T15:39:33+00:00 [sort] locally_hard: sorted=True duplicates=0
2026-09-21T15:39:33+00:00 [sort] run: /Users/louisvasseur/Downloads/scaleli_sota/build-fix/experimental/scaleli/scaleli_hardness --data /Users/louisvasseur/Downloads/scaleli_sota/experimental/scaleli/results/aidb_dry/data/shuffled_dups --dtype uint64 --check-sorted 0 --sort-only 1 --write-sorted /Users/louisvasseur/Downloads/scaleli_sota/experimental/scaleli/results/aidb_dry/data/shuffled_dups.sorted
2026-09-21T15:39:33+00:00 [sort] ok 0.0 s: scaleli_hardness
2026-09-21T15:39:33+00:00 [sort] shuffled_dups: sorted=False duplicates=500 -> wrote shuffled_dups.sorted (50,000 keys, sort 0.0 s, sha256 c1ebf163142adb86…)
2026-09-21T15:39:33+00:00 [sort] done in 0.0 s
2026-09-21T15:39:33+00:00 [sample] begin
2026-09-21T15:39:33+00:00 [sample] dense_sparse_fixture: redo sample: forced
2026-09-21T15:39:33+00:00 [sample] run: /opt/homebrew/opt/python@3.14/bin/python3.14 /Users/louisvasseur/Downloads/scaleli_sota/experimental/scaleli/tools/datasets.py sample /Users/louisvasseur/Downloads/scaleli_sota/experimental/scaleli/results/aidb_dry/data/dense_sparse_fixture /Users/louisvasseur/Downloads/scaleli_sota/experimental/scaleli/results/aidb_dry/samples/dense_sparse_fixture_16384_uniform_s42 --n 16384 --dtype uint64 --mode uniform --seed 42
2026-09-21T15:39:33+00:00 [sample] ok 0.1 s: python3.14
2026-09-21T15:39:33+00:00 [sample] dense_sparse_fixture: wrote dense_sparse_fixture_16384_uniform_s42 (16,384 keys from dense_sparse_fixture)
2026-09-21T15:39:33+00:00 [sample] lognormal: redo sample: forced
2026-09-21T15:39:33+00:00 [sample] run: /opt/homebrew/opt/python@3.14/bin/python3.14 /Users/louisvasseur/Downloads/scaleli_sota/experimental/scaleli/tools/datasets.py sample /Users/louisvasseur/Downloads/scaleli_sota/experimental/scaleli/results/aidb_dry/data/lognormal /Users/louisvasseur/Downloads/scaleli_sota/experimental/scaleli/results/aidb_dry/samples/lognormal_20K_uniform_s42 --n 20000 --dtype uint64 --mode uniform --seed 42
2026-09-21T15:39:33+00:00 [sample] ok 0.1 s: python3.14
2026-09-21T15:39:33+00:00 [sample] lognormal: wrote lognormal_20K_uniform_s42 (20,000 keys from lognormal)
2026-09-21T15:39:33+00:00 [sample] clustered: redo sample: forced
2026-09-21T15:39:33+00:00 [sample] run: /opt/homebrew/opt/python@3.14/bin/python3.14 /Users/louisvasseur/Downloads/scaleli_sota/experimental/scaleli/tools/datasets.py sample /Users/louisvasseur/Downloads/scaleli_sota/experimental/scaleli/results/aidb_dry/data/clustered /Users/louisvasseur/Downloads/scaleli_sota/experimental/scaleli/results/aidb_dry/samples/clustered_20K_uniform_s42 --n 20000 --dtype uint64 --mode uniform --seed 42
2026-09-21T15:39:33+00:00 [sample] ok 0.1 s: python3.14
2026-09-21T15:39:33+00:00 [sample] clustered: wrote clustered_20K_uniform_s42 (20,000 keys from clustered)
2026-09-21T15:39:33+00:00 [sample] locally_hard: redo sample: forced
2026-09-21T15:39:33+00:00 [sample] run: /opt/homebrew/opt/python@3.14/bin/python3.14 /Users/louisvasseur/Downloads/scaleli_sota/experimental/scaleli/tools/datasets.py sample /Users/louisvasseur/Downloads/scaleli_sota/experimental/scaleli/results/aidb_dry/data/locally_hard /Users/louisvasseur/Downloads/scaleli_sota/experimental/scaleli/results/aidb_dry/samples/locally_hard_20K_uniform_s42 --n 20000 --dtype uint64 --mode uniform --seed 42
2026-09-21T15:39:34+00:00 [sample] ok 0.1 s: python3.14
2026-09-21T15:39:34+00:00 [sample] locally_hard: wrote locally_hard_20K_uniform_s42 (20,000 keys from locally_hard)
2026-09-21T15:39:34+00:00 [sample] shuffled_dups: redo sample: forced
2026-09-21T15:39:34+00:00 [sample] run: /opt/homebrew/opt/python@3.14/bin/python3.14 /Users/louisvasseur/Downloads/scaleli_sota/experimental/scaleli/tools/datasets.py sample /Users/louisvasseur/Downloads/scaleli_sota/experimental/scaleli/results/aidb_dry/data/shuffled_dups.sorted /Users/louisvasseur/Downloads/scaleli_sota/experimental/scaleli/results/aidb_dry/samples/shuffled_dups_20K_uniform_s42 --n 20000 --dtype uint64 --mode uniform --seed 42
2026-09-21T15:39:34+00:00 [sample] ok 0.1 s: python3.14
2026-09-21T15:39:34+00:00 [sample] shuffled_dups: wrote shuffled_dups_20K_uniform_s42 (20,000 keys from shuffled_dups.sorted)
2026-09-21T15:39:34+00:00 [sample] done in 0.6 s
2026-09-21T15:39:34+00:00 [flows] begin
2026-09-21T15:39:34+00:00 [flows] run: /opt/homebrew/opt/python@3.14/bin/python3.14 /Users/louisvasseur/Downloads/scaleli_sota/experimental/scaleli/tools/train_flow.py /Users/louisvasseur/Downloads/scaleli_sota/experimental/scaleli/results/aidb_dry/samples/dense_sparse_fixture_16384_uniform_s42 --dtype uint64 --output /Users/louisvasseur/Downloads/scaleli_sota/experimental/scaleli/results/aidb_dry/flows/dense_sparse_fixture_2D2H2L.txt --sample 4096 --steps 200 --monotone
2026-09-21T15:39:36+00:00 [flows] ok 2.8 s: python3.14
2026-09-21T15:39:36+00:00 [flows] dense_sparse_fixture: nll 4.1631, tail conflicts 2 -> 2, unordered pairs 0
2026-09-21T15:39:36+00:00 [flows] run: /opt/homebrew/opt/python@3.14/bin/python3.14 /Users/louisvasseur/Downloads/scaleli_sota/experimental/scaleli/tools/train_flow.py /Users/louisvasseur/Downloads/scaleli_sota/experimental/scaleli/results/aidb_dry/samples/lognormal_20K_uniform_s42 --dtype uint64 --output /Users/louisvasseur/Downloads/scaleli_sota/experimental/scaleli/results/aidb_dry/flows/lognormal_2D2H2L.txt --sample 4096 --steps 200 --monotone
2026-09-21T15:39:39+00:00 [flows] ok 2.9 s: python3.14
2026-09-21T15:39:39+00:00 [flows] lognormal: nll 0.5579, tail conflicts 195 -> 81, unordered pairs 0
2026-09-21T15:39:39+00:00 [flows] run: /opt/homebrew/opt/python@3.14/bin/python3.14 /Users/louisvasseur/Downloads/scaleli_sota/experimental/scaleli/tools/train_flow.py /Users/louisvasseur/Downloads/scaleli_sota/experimental/scaleli/results/aidb_dry/samples/clustered_20K_uniform_s42 --dtype uint64 --output /Users/louisvasseur/Downloads/scaleli_sota/experimental/scaleli/results/aidb_dry/flows/clustered_2D2H2L.txt --sample 4096 --steps 200 --monotone
2026-09-21T15:39:42+00:00 [flows] ok 3.0 s: python3.14
2026-09-21T15:39:42+00:00 [flows] clustered: nll 4.1760, tail conflicts 442 -> 442, unordered pairs 0
2026-09-21T15:39:42+00:00 [flows] run: /opt/homebrew/opt/python@3.14/bin/python3.14 /Users/louisvasseur/Downloads/scaleli_sota/experimental/scaleli/tools/train_flow.py /Users/louisvasseur/Downloads/scaleli_sota/experimental/scaleli/results/aidb_dry/samples/locally_hard_20K_uniform_s42 --dtype uint64 --output /Users/louisvasseur/Downloads/scaleli_sota/experimental/scaleli/results/aidb_dry/flows/locally_hard_2D2H2L.txt --sample 4096 --steps 200 --monotone
2026-09-21T15:39:45+00:00 [flows] ok 2.6 s: python3.14
2026-09-21T15:39:45+00:00 [flows] locally_hard: nll 4.1744, tail conflicts 5 -> 5, unordered pairs 0
2026-09-21T15:39:45+00:00 [flows] run: /opt/homebrew/opt/python@3.14/bin/python3.14 /Users/louisvasseur/Downloads/scaleli_sota/experimental/scaleli/tools/train_flow.py /Users/louisvasseur/Downloads/scaleli_sota/experimental/scaleli/results/aidb_dry/samples/shuffled_dups_20K_uniform_s42 --dtype uint64 --output /Users/louisvasseur/Downloads/scaleli_sota/experimental/scaleli/results/aidb_dry/flows/shuffled_dups_2D2H2L.txt --sample 4096 --steps 200 --monotone
2026-09-21T15:39:48+00:00 [flows] ok 2.6 s: python3.14
2026-09-21T15:39:48+00:00 [flows] shuffled_dups: nll 0.7084, tail conflicts 200 -> 68, unordered pairs 0
2026-09-21T15:39:48+00:00 [flows] done in 14.0 s
2026-09-21T15:39:48+00:00 [hardness] begin
2026-09-21T15:39:48+00:00 [hardness] run: /Users/louisvasseur/Downloads/scaleli_sota/build-fix/experimental/scaleli/scaleli_hardness --data /Users/louisvasseur/Downloads/scaleli_sota/experimental/scaleli/results/aidb_dry/data/dense_sparse_fixture --flow /Users/louisvasseur/Downloads/scaleli_sota/experimental/scaleli/results/aidb_dry/flows/dense_sparse_fixture_2D2H2L.txt --dtype uint64 --region-keys 4096 --pla-eps 32,4096 --check-sorted 1
2026-09-21T15:39:48+00:00 [hardness] ok 0.0 s: scaleli_hardness
2026-09-21T15:39:48+00:00 [hardness] run: /Users/louisvasseur/Downloads/scaleli_sota/build-fix/experimental/scaleli/scaleli_hardness --data /Users/louisvasseur/Downloads/scaleli_sota/experimental/scaleli/results/aidb_dry/data/lognormal --flow /Users/louisvasseur/Downloads/scaleli_sota/experimental/scaleli/results/aidb_dry/flows/lognormal_2D2H2L.txt --dtype uint64 --region-keys 4096 --pla-eps 32,4096 --check-sorted 1
2026-09-21T15:39:48+00:00 [hardness] ok 0.0 s: scaleli_hardness
2026-09-21T15:39:48+00:00 [hardness] run: /Users/louisvasseur/Downloads/scaleli_sota/build-fix/experimental/scaleli/scaleli_hardness --data /Users/louisvasseur/Downloads/scaleli_sota/experimental/scaleli/results/aidb_dry/data/clustered --flow /Users/louisvasseur/Downloads/scaleli_sota/experimental/scaleli/results/aidb_dry/flows/clustered_2D2H2L.txt --dtype uint64 --region-keys 4096 --pla-eps 32,4096 --check-sorted 1
2026-09-21T15:39:48+00:00 [hardness] ok 0.0 s: scaleli_hardness
2026-09-21T15:39:48+00:00 [hardness] run: /Users/louisvasseur/Downloads/scaleli_sota/build-fix/experimental/scaleli/scaleli_hardness --data /Users/louisvasseur/Downloads/scaleli_sota/experimental/scaleli/results/aidb_dry/data/locally_hard --flow /Users/louisvasseur/Downloads/scaleli_sota/experimental/scaleli/results/aidb_dry/flows/locally_hard_2D2H2L.txt --dtype uint64 --region-keys 4096 --pla-eps 32,4096 --check-sorted 1
2026-09-21T15:39:48+00:00 [hardness] ok 0.0 s: scaleli_hardness
2026-09-21T15:39:48+00:00 [hardness] run: /Users/louisvasseur/Downloads/scaleli_sota/build-fix/experimental/scaleli/scaleli_hardness --data /Users/louisvasseur/Downloads/scaleli_sota/experimental/scaleli/results/aidb_dry/data/shuffled_dups.sorted --flow /Users/louisvasseur/Downloads/scaleli_sota/experimental/scaleli/results/aidb_dry/flows/shuffled_dups_2D2H2L.txt --dtype uint64 --region-keys 4096 --pla-eps 32,4096 --check-sorted 1
2026-09-21T15:39:48+00:00 [hardness] ok 0.0 s: scaleli_hardness
2026-09-21T15:39:48+00:00 [hardness] run: /Users/louisvasseur/Downloads/scaleli_sota/build-fix/experimental/scaleli/scaleli_hardness --data /Users/louisvasseur/Downloads/scaleli_sota/experimental/scaleli/results/aidb_dry/samples/dense_sparse_fixture_16384_uniform_s42 --flow /Users/louisvasseur/Downloads/scaleli_sota/experimental/scaleli/results/aidb_dry/flows/dense_sparse_fixture_2D2H2L.txt --virtual-alpha 0.1 --dtype uint64 --region-keys 4096 --pla-eps 32,4096 --check-sorted 1
2026-09-21T15:39:48+00:00 [hardness] ok 0.2 s: scaleli_hardness
2026-09-21T15:39:48+00:00 [hardness] run: /Users/louisvasseur/Downloads/scaleli_sota/build-fix/experimental/scaleli/scaleli_hardness --data /Users/louisvasseur/Downloads/scaleli_sota/experimental/scaleli/results/aidb_dry/samples/dense_sparse_fixture_16384_uniform_s42 --virtual-alpha 0.1 --dtype uint64 --region-keys 4096 --pla-eps 32,4096 --check-sorted 1
2026-09-21T15:39:48+00:00 [hardness] ok 0.1 s: scaleli_hardness
2026-09-21T15:39:48+00:00 [hardness] run: /Users/louisvasseur/Downloads/scaleli_sota/build-fix/experimental/scaleli/scaleli_hardness --data /Users/louisvasseur/Downloads/scaleli_sota/experimental/scaleli/results/aidb_dry/samples/lognormal_20K_uniform_s42 --flow /Users/louisvasseur/Downloads/scaleli_sota/experimental/scaleli/results/aidb_dry/flows/lognormal_2D2H2L.txt --virtual-alpha 0.1 --dtype uint64 --region-keys 4096 --pla-eps 32,4096 --check-sorted 1
2026-09-21T15:39:48+00:00 [hardness] ok 0.1 s: scaleli_hardness
2026-09-21T15:39:48+00:00 [hardness] run: /Users/louisvasseur/Downloads/scaleli_sota/build-fix/experimental/scaleli/scaleli_hardness --data /Users/louisvasseur/Downloads/scaleli_sota/experimental/scaleli/results/aidb_dry/samples/lognormal_20K_uniform_s42 --virtual-alpha 0.1 --dtype uint64 --region-keys 4096 --pla-eps 32,4096 --check-sorted 1
2026-09-21T15:39:48+00:00 [hardness] ok 0.1 s: scaleli_hardness
2026-09-21T15:39:48+00:00 [hardness] run: /Users/louisvasseur/Downloads/scaleli_sota/build-fix/experimental/scaleli/scaleli_hardness --data /Users/louisvasseur/Downloads/scaleli_sota/experimental/scaleli/results/aidb_dry/samples/clustered_20K_uniform_s42 --flow /Users/louisvasseur/Downloads/scaleli_sota/experimental/scaleli/results/aidb_dry/flows/clustered_2D2H2L.txt --virtual-alpha 0.1 --dtype uint64 --region-keys 4096 --pla-eps 32,4096 --check-sorted 1
2026-09-21T15:39:48+00:00 [hardness] ok 0.2 s: scaleli_hardness
2026-09-21T15:39:48+00:00 [hardness] run: /Users/louisvasseur/Downloads/scaleli_sota/build-fix/experimental/scaleli/scaleli_hardness --data /Users/louisvasseur/Downloads/scaleli_sota/experimental/scaleli/results/aidb_dry/samples/clustered_20K_uniform_s42 --virtual-alpha 0.1 --dtype uint64 --region-keys 4096 --pla-eps 32,4096 --check-sorted 1
2026-09-21T15:39:49+00:00 [hardness] ok 0.1 s: scaleli_hardness
2026-09-21T15:39:49+00:00 [hardness] run: /Users/louisvasseur/Downloads/scaleli_sota/build-fix/experimental/scaleli/scaleli_hardness --data /Users/louisvasseur/Downloads/scaleli_sota/experimental/scaleli/results/aidb_dry/samples/locally_hard_20K_uniform_s42 --flow /Users/louisvasseur/Downloads/scaleli_sota/experimental/scaleli/results/aidb_dry/flows/locally_hard_2D2H2L.txt --virtual-alpha 0.1 --dtype uint64 --region-keys 4096 --pla-eps 32,4096 --check-sorted 1
2026-09-21T15:39:49+00:00 [hardness] ok 0.2 s: scaleli_hardness
2026-09-21T15:39:49+00:00 [hardness] run: /Users/louisvasseur/Downloads/scaleli_sota/build-fix/experimental/scaleli/scaleli_hardness --data /Users/louisvasseur/Downloads/scaleli_sota/experimental/scaleli/results/aidb_dry/samples/locally_hard_20K_uniform_s42 --virtual-alpha 0.1 --dtype uint64 --region-keys 4096 --pla-eps 32,4096 --check-sorted 1
2026-09-21T15:39:49+00:00 [hardness] ok 0.2 s: scaleli_hardness
2026-09-21T15:39:49+00:00 [hardness] run: /Users/louisvasseur/Downloads/scaleli_sota/build-fix/experimental/scaleli/scaleli_hardness --data /Users/louisvasseur/Downloads/scaleli_sota/experimental/scaleli/results/aidb_dry/samples/shuffled_dups_20K_uniform_s42 --flow /Users/louisvasseur/Downloads/scaleli_sota/experimental/scaleli/results/aidb_dry/flows/shuffled_dups_2D2H2L.txt --virtual-alpha 0.1 --dtype uint64 --region-keys 4096 --pla-eps 32,4096 --check-sorted 1
2026-09-21T15:39:49+00:00 [hardness] ok 0.1 s: scaleli_hardness
2026-09-21T15:39:49+00:00 [hardness] run: /Users/louisvasseur/Downloads/scaleli_sota/build-fix/experimental/scaleli/scaleli_hardness --data /Users/louisvasseur/Downloads/scaleli_sota/experimental/scaleli/results/aidb_dry/samples/shuffled_dups_20K_uniform_s42 --virtual-alpha 0.1 --dtype uint64 --region-keys 4096 --pla-eps 32,4096 --check-sorted 1
2026-09-21T15:39:49+00:00 [hardness] ok 0.2 s: scaleli_hardness
2026-09-21T15:39:49+00:00 [hardness] dense_sparse_fixture: full CD=129 PLA-32=107, full_flow CD=129 PLA-32=107, sample CD=129 PLA-32=107, sample_flow CD=129 PLA-32=107, sample_flow_csv CD=129 PLA-32=99, sample_csv CD=129 PLA-32=99
2026-09-21T15:39:49+00:00 [hardness] lognormal: full CD=98 PLA-32=35, full_flow CD=56 PLA-32=33, sample CD=69 PLA-32=22, sample_flow CD=49 PLA-32=20, sample_flow_csv CD=48 PLA-32=23, sample_csv CD=103 PLA-32=24
2026-09-21T15:39:49+00:00 [hardness] clustered: full CD=1024 PLA-32=49, full_flow CD=1024 PLA-32=49, sample CD=443 PLA-32=49, sample_flow CD=443 PLA-32=49, sample_flow_csv CD=443 PLA-32=86, sample_csv CD=430 PLA-32=86
2026-09-21T15:39:49+00:00 [hardness] locally_hard: full CD=8 PLA-32=1, full_flow CD=8 PLA-32=4, sample CD=8 PLA-32=4, sample_flow CD=8 PLA-32=5, sample_flow_csv CD=8 PLA-32=3, sample_csv CD=8 PLA-32=3
2026-09-21T15:39:49+00:00 [hardness] shuffled_dups: full CD=108 PLA-32=36, full_flow CD=54 PLA-32=34, sample CD=71 PLA-32=22, sample_flow CD=46 PLA-32=20, sample_flow_csv CD=42 PLA-32=23, sample_csv CD=107 PLA-32=24
2026-09-21T15:39:49+00:00 [hardness] done in 1.6 s
2026-09-21T15:39:49+00:00 [sweep] begin
2026-09-21T15:39:49+00:00 [sweep] force: removed previous sweep
2026-09-21T15:39:49+00:00 [sweep] run: /opt/homebrew/opt/python@3.14/bin/python3.14 /Users/louisvasseur/Downloads/scaleli_sota/experimental/scaleli/tools/run_suite.py --binary /Users/louisvasseur/Downloads/scaleli_sota/build-fix/experimental/scaleli/scaleli_bench --config /Users/louisvasseur/Downloads/scaleli_sota/experimental/scaleli/results/aidb_dry/aidb.json --output /Users/louisvasseur/Downloads/scaleli_sota/experimental/scaleli/results/aidb_dry/sweep --timeout 14400
2026-09-21T15:40:08+00:00 [sweep] ok 19.2 s: python3.14
2026-09-21T15:40:08+00:00 [sweep] run: /opt/homebrew/opt/python@3.14/bin/python3.14 /Users/louisvasseur/Downloads/scaleli_sota/experimental/scaleli/tools/summarize.py /Users/louisvasseur/Downloads/scaleli_sota/experimental/scaleli/results/aidb_dry/sweep/results.jsonl --baseline packed_rank --output /Users/louisvasseur/Downloads/scaleli_sota/experimental/scaleli/results/aidb_dry/sweep/summary.csv
2026-09-21T15:40:09+00:00 [sweep] ok 0.5 s: python3.14
2026-09-21T15:40:09+00:00 [sweep] run: /opt/homebrew/opt/python@3.14/bin/python3.14 /Users/louisvasseur/Downloads/scaleli_sota/experimental/scaleli/tools/sweep_report.py /Users/louisvasseur/Downloads/scaleli_sota/experimental/scaleli/results/aidb_dry/sweep/summary.csv --output /Users/louisvasseur/Downloads/scaleli_sota/experimental/scaleli/results/aidb_dry/sweep/sweep_report.html
2026-09-21T15:40:09+00:00 [sweep] ok 0.1 s: python3.14
2026-09-21T15:40:09+00:00 [sweep] done in 19.9 s
2026-09-21T15:40:09+00:00 [throughput] begin
2026-09-21T15:40:09+00:00 [throughput] sorted_vector: clustered 11.88, dense_sparse_fixture 16.60, locally_hard 12.73, lognormal 16.79, shuffled_dups 15.34 MOPS
2026-09-21T15:40:09+00:00 [throughput] raw_rank: clustered 7.14, dense_sparse_fixture 9.44, locally_hard 10.95, lognormal 7.98, shuffled_dups 6.03 MOPS
2026-09-21T15:40:09+00:00 [throughput] packed_rank: clustered 3.53, dense_sparse_fixture 3.92, locally_hard 3.11, lognormal 3.91, shuffled_dups 4.39 MOPS
2026-09-21T15:40:09+00:00 [throughput] packed_rank_flow: clustered 3.99, dense_sparse_fixture 4.12, locally_hard 3.31, lognormal 4.07, shuffled_dups 4.28 MOPS
2026-09-21T15:40:09+00:00 [throughput] packed_rank_flow_forced: clustered 3.18, dense_sparse_fixture 4.08, locally_hard 2.97, lognormal 3.81, shuffled_dups 3.80 MOPS
2026-09-21T15:40:09+00:00 [throughput] packed_rank_vp10: clustered 3.86, dense_sparse_fixture 5.10, locally_hard 2.59, lognormal 4.49, shuffled_dups 4.49 MOPS
2026-09-21T15:40:09+00:00 [throughput] packed_rank_flow_vp10: clustered 3.96, dense_sparse_fixture 5.06, locally_hard 3.33, lognormal 4.36, shuffled_dups 4.35 MOPS
2026-09-21T15:40:09+00:00 [throughput] packed_byte: clustered 3.64, dense_sparse_fixture 4.99, locally_hard 3.16, lognormal 4.05, shuffled_dups 4.10 MOPS
2026-09-21T15:40:09+00:00 [throughput] done in 0.0 s
2026-09-21T15:40:09+00:00 [scores] begin
2026-09-21T15:40:09+00:00 [scores] run: /opt/homebrew/opt/python@3.14/bin/python3.14 /Users/louisvasseur/Downloads/scaleli_sota/experimental/scaleli/tools/aidb_scores.py --hardness /Users/louisvasseur/Downloads/scaleli_sota/experimental/scaleli/results/aidb_dry/hardness.json --throughput /Users/louisvasseur/Downloads/scaleli_sota/experimental/scaleli/results/aidb_dry/throughput.json --output /Users/louisvasseur/Downloads/scaleli_sota/experimental/scaleli/results/aidb_dry/scores.json
2026-09-21T15:40:09+00:00 [scores] ok 0.1 s: python3.14
2026-09-21T15:40:09+00:00 [scores] full: PLA-32 Conf=-0.65 Cov=1.00, CD Conf=-0.54 Cov=1.00, PLA-32·PLA-4096 Conf=-0.75 Cov=0.20, CD·PLA-32 Conf=-0.60 Cov=0.80
2026-09-21T15:40:09+00:00 [scores] full_flow: PLA-32 Conf=-0.65 Cov=1.00, CD Conf=-0.60 Cov=1.00, PLA-32·PLA-4096 Conf=-0.75 Cov=0.20, CD·PLA-32 Conf=-0.66 Cov=0.60
2026-09-21T15:40:09+00:00 [scores] sample: PLA-32 Conf=-0.72 Cov=0.80, CD Conf=-0.54 Cov=1.00, PLA-32·PLA-4096 Conf=-0.87 Cov=0.00, CD·PLA-32 Conf=-0.60 Cov=0.80
2026-09-21T15:40:09+00:00 [scores] sample_flow: PLA-32 Conf=-0.72 Cov=0.80, CD Conf=-0.60 Cov=1.00, PLA-32·PLA-4096 Conf=-0.87 Cov=0.00, CD·PLA-32 Conf=-0.65 Cov=0.80
2026-09-21T15:40:09+00:00 [scores] sample_csv: PLA-32 Conf=-0.72 Cov=0.80, CD Conf=-0.54 Cov=1.00, PLA-32·PLA-4096 Conf=-0.87 Cov=0.00, CD·PLA-32 Conf=-0.60 Cov=0.80
2026-09-21T15:40:09+00:00 [scores] sample_flow_csv: PLA-32 Conf=-0.72 Cov=0.80, CD Conf=-0.60 Cov=1.00, PLA-32·PLA-4096 Conf=-0.87 Cov=0.00, CD·PLA-32 Conf=-0.65 Cov=0.80
2026-09-21T15:40:09+00:00 [scores] done in 0.1 s
2026-09-21T15:40:09+00:00 [report] begin
2026-09-21T15:40:09+00:00 [report] run: /opt/homebrew/opt/python@3.14/bin/python3.14 /Users/louisvasseur/Downloads/scaleli_sota/experimental/scaleli/tools/aidb_report.py --results /Users/louisvasseur/Downloads/scaleli_sota/experimental/scaleli/results/aidb_dry --output /Users/louisvasseur/Downloads/scaleli_sota/experimental/scaleli/results/aidb_dry/report.html
2026-09-21T15:40:09+00:00 [report] ok 0.2 s: python3.14
2026-09-21T15:40:09+00:00 [report] wrote /Users/louisvasseur/Downloads/scaleli_sota/experimental/scaleli/results/aidb_dry/report.html
2026-09-21T15:40:09+00:00 [report] done in 0.2 s
2026-09-21T15:40:09+00:00 [pipeline] finished
2026-09-21T15:40:52+00:00 [pipeline] start steps=['verify-downloads', 'sort', 'sample', 'flows', 'hardness', 'sweep', 'throughput', 'scores', 'report'] datasets=['dense_sparse_fixture', 'lognormal', 'clustered', 'locally_hard', 'shuffled_dups'] results=/Users/louisvasseur/Downloads/scaleli_sota/experimental/scaleli/results/aidb_dry dry_run=True variants=['sorted_vector', 'raw_rank', 'packed_rank', 'packed_rank_flow', 'packed_rank_flow_forced', 'packed_rank_vp10', 'packed_rank_flow_vp10', 'packed_byte']
2026-09-21T15:40:52+00:00 [verify-downloads] begin
2026-09-21T15:40:52+00:00 [verify-downloads] dense_sparse_fixture: keep provenance (16,384 keys, sha256 621f0271a21d5cbb…)
2026-09-21T15:40:52+00:00 [verify-downloads] lognormal: keep provenance (50,000 keys, sha256 984476070aa3b632…)
2026-09-21T15:40:52+00:00 [verify-downloads] clustered: keep provenance (50,000 keys, sha256 85b7fc237c451912…)
2026-09-21T15:40:52+00:00 [verify-downloads] locally_hard: keep provenance (50,000 keys, sha256 56d69ddbb6faea64…)
2026-09-21T15:40:52+00:00 [verify-downloads] shuffled_dups: keep provenance (50,500 keys, sha256 ad66293a3866a30c…)
2026-09-21T15:40:52+00:00 [verify-downloads] done in 0.0 s
2026-09-21T15:40:52+00:00 [sort] begin
2026-09-21T15:40:52+00:00 [sort] dense_sparse_fixture: keep audit (sorted on disk, duplicates=0)
2026-09-21T15:40:52+00:00 [sort] lognormal: keep audit (sorted on disk, duplicates=0)
2026-09-21T15:40:52+00:00 [sort] clustered: keep audit (sorted on disk, duplicates=0)
2026-09-21T15:40:52+00:00 [sort] locally_hard: keep audit (sorted on disk, duplicates=0)
2026-09-21T15:40:52+00:00 [sort] shuffled_dups: keep audit (sorted=False, duplicates=500, using shuffled_dups.sorted)
2026-09-21T15:40:52+00:00 [sort] done in 0.0 s
2026-09-21T15:40:52+00:00 [sample] begin
2026-09-21T15:40:52+00:00 [sample] dense_sparse_fixture: keep dense_sparse_fixture_16384_uniform_s42 (16,384 keys)
2026-09-21T15:40:52+00:00 [sample] lognormal: keep lognormal_20K_uniform_s42 (20,000 keys)
2026-09-21T15:40:52+00:00 [sample] clustered: keep clustered_20K_uniform_s42 (20,000 keys)
2026-09-21T15:40:52+00:00 [sample] locally_hard: keep locally_hard_20K_uniform_s42 (20,000 keys)
2026-09-21T15:40:52+00:00 [sample] shuffled_dups: keep shuffled_dups_20K_uniform_s42 (20,000 keys)
2026-09-21T15:40:52+00:00 [sample] done in 0.0 s
2026-09-21T15:40:52+00:00 [flows] begin
2026-09-21T15:40:52+00:00 [flows] keep flows/dense_sparse_fixture_training.json
2026-09-21T15:40:52+00:00 [flows] dense_sparse_fixture: nll 4.1631, tail conflicts 2 -> 2, unordered pairs 0
2026-09-21T15:40:52+00:00 [flows] keep flows/lognormal_training.json
2026-09-21T15:40:52+00:00 [flows] lognormal: nll 0.5579, tail conflicts 195 -> 81, unordered pairs 0
2026-09-21T15:40:52+00:00 [flows] keep flows/clustered_training.json
2026-09-21T15:40:52+00:00 [flows] clustered: nll 4.1760, tail conflicts 442 -> 442, unordered pairs 0
2026-09-21T15:40:52+00:00 [flows] keep flows/locally_hard_training.json
2026-09-21T15:40:52+00:00 [flows] locally_hard: nll 4.1744, tail conflicts 5 -> 5, unordered pairs 0
2026-09-21T15:40:52+00:00 [flows] keep flows/shuffled_dups_training.json
2026-09-21T15:40:52+00:00 [flows] shuffled_dups: nll 0.7084, tail conflicts 200 -> 68, unordered pairs 0
2026-09-21T15:40:52+00:00 [flows] done in 0.0 s
2026-09-21T15:40:52+00:00 [hardness] begin
2026-09-21T15:40:52+00:00 [hardness] keep hardness/dense_sparse_fixture_full.json
2026-09-21T15:40:52+00:00 [hardness] keep hardness/lognormal_full.json
2026-09-21T15:40:52+00:00 [hardness] keep hardness/clustered_full.json
2026-09-21T15:40:52+00:00 [hardness] keep hardness/locally_hard_full.json
2026-09-21T15:40:52+00:00 [hardness] keep hardness/shuffled_dups_full.json
2026-09-21T15:40:52+00:00 [hardness] keep hardness/dense_sparse_fixture_sample_flow.json
2026-09-21T15:40:52+00:00 [hardness] keep hardness/dense_sparse_fixture_sample_csv.json
2026-09-21T15:40:52+00:00 [hardness] keep hardness/lognormal_sample_flow.json
2026-09-21T15:40:52+00:00 [hardness] keep hardness/lognormal_sample_csv.json
2026-09-21T15:40:52+00:00 [hardness] keep hardness/clustered_sample_flow.json
2026-09-21T15:40:52+00:00 [hardness] keep hardness/clustered_sample_csv.json
2026-09-21T15:40:52+00:00 [hardness] keep hardness/locally_hard_sample_flow.json
2026-09-21T15:40:52+00:00 [hardness] keep hardness/locally_hard_sample_csv.json
2026-09-21T15:40:52+00:00 [hardness] keep hardness/shuffled_dups_sample_flow.json
2026-09-21T15:40:52+00:00 [hardness] keep hardness/shuffled_dups_sample_csv.json
2026-09-21T15:40:52+00:00 [hardness] dense_sparse_fixture: full CD=129 PLA-32=107, full_flow CD=129 PLA-32=107, sample CD=129 PLA-32=107, sample_flow CD=129 PLA-32=107, sample_flow_csv CD=129 PLA-32=99, sample_csv CD=129 PLA-32=99
2026-09-21T15:40:52+00:00 [hardness] lognormal: full CD=98 PLA-32=35, full_flow CD=56 PLA-32=33, sample CD=69 PLA-32=22, sample_flow CD=49 PLA-32=20, sample_flow_csv CD=48 PLA-32=23, sample_csv CD=103 PLA-32=24
2026-09-21T15:40:52+00:00 [hardness] clustered: full CD=1024 PLA-32=49, full_flow CD=1024 PLA-32=49, sample CD=443 PLA-32=49, sample_flow CD=443 PLA-32=49, sample_flow_csv CD=443 PLA-32=86, sample_csv CD=430 PLA-32=86
2026-09-21T15:40:52+00:00 [hardness] locally_hard: full CD=8 PLA-32=1, full_flow CD=8 PLA-32=4, sample CD=8 PLA-32=4, sample_flow CD=8 PLA-32=5, sample_flow_csv CD=8 PLA-32=3, sample_csv CD=8 PLA-32=3
2026-09-21T15:40:52+00:00 [hardness] shuffled_dups: full CD=108 PLA-32=36, full_flow CD=54 PLA-32=34, sample CD=71 PLA-32=22, sample_flow CD=46 PLA-32=20, sample_flow_csv CD=42 PLA-32=23, sample_csv CD=107 PLA-32=24
2026-09-21T15:40:52+00:00 [hardness] done in 0.0 s
2026-09-21T15:40:52+00:00 [sweep] begin
2026-09-21T15:40:52+00:00 [sweep] keep results/aidb_dry/sweep/results.jsonl (same settings and scaleli_bench sha256 3cc4fa88fedc1fd6…)
2026-09-21T15:40:52+00:00 [sweep] done in 0.0 s
2026-09-21T15:40:52+00:00 [throughput] begin
2026-09-21T15:40:52+00:00 [throughput] keep throughput.json
2026-09-21T15:40:52+00:00 [throughput] done in 0.0 s
2026-09-21T15:40:52+00:00 [scores] begin
2026-09-21T15:40:52+00:00 [scores] keep scores.json
2026-09-21T15:40:52+00:00 [scores] done in 0.0 s
2026-09-21T15:40:52+00:00 [report] begin
2026-09-21T15:40:52+00:00 [report] keep report.html
2026-09-21T15:40:52+00:00 [report] done in 0.0 s
2026-09-21T15:40:52+00:00 [pipeline] finished
2026-09-21T15:40:52+00:00 [pipeline] start steps=['report'] datasets=['dense_sparse_fixture', 'lognormal', 'clustered', 'locally_hard', 'shuffled_dups'] results=/Users/louisvasseur/Downloads/scaleli_sota/experimental/scaleli/results/aidb_dry dry_run=True variants=['sorted_vector', 'raw_rank', 'packed_rank', 'packed_rank_flow', 'packed_rank_flow_forced', 'packed_rank_vp10', 'packed_rank_flow_vp10', 'packed_byte']
2026-09-21T15:40:52+00:00 [report] begin
2026-09-21T15:40:52+00:00 [report] run: /opt/homebrew/opt/python@3.14/bin/python3.14 /Users/louisvasseur/Downloads/scaleli_sota/experimental/scaleli/tools/aidb_report.py --results /Users/louisvasseur/Downloads/scaleli_sota/experimental/scaleli/results/aidb_dry --output /Users/louisvasseur/Downloads/scaleli_sota/experimental/scaleli/results/aidb_dry/report.html
2026-09-21T15:40:52+00:00 [report] ok 0.1 s: python3.14
2026-09-21T15:40:52+00:00 [report] wrote /Users/louisvasseur/Downloads/scaleli_sota/experimental/scaleli/results/aidb_dry/report.html
2026-09-21T15:40:52+00:00 [report] done in 0.1 s
2026-09-21T15:40:52+00:00 [pipeline] finished
2026-09-21T15:45:18+00:00 [pipeline] start steps=['sweep'] datasets=['dense_sparse_fixture', 'lognormal', 'clustered', 'locally_hard', 'shuffled_dups'] results=/Users/louisvasseur/Downloads/scaleli_sota/experimental/scaleli/results/aidb_dry dry_run=True variants=['sorted_vector', 'raw_rank', 'packed_rank', 'packed_rank_flow', 'packed_rank_flow_forced', 'packed_rank_vp10', 'packed_rank_flow_vp10', 'packed_byte']
2026-09-21T15:45:18+00:00 [sweep] begin
2026-09-21T15:45:18+00:00 [sweep] FAILED: /Users/louisvasseur/Downloads/scaleli_sota/experimental/scaleli/results/aidb_dry/sweep holds a sweep produced with different scaleli_bench binary (sha256 3cc4fa88fedc1fd6… vs 3cc4fa88fedc1fd6…); pass --force or use another --results
2026-09-21T15:47:27+00:00 [pipeline] start steps=['hardness'] datasets=['lognormal'] results=/Users/louisvasseur/Downloads/scaleli_sota/experimental/scaleli/results/aidb_dry dry_run=True variants=['sorted_vector', 'raw_rank', 'packed_rank', 'packed_rank_flow', 'packed_rank_flow_forced', 'packed_rank_vp10', 'packed_rank_flow_vp10', 'packed_byte']
2026-09-21T15:47:27+00:00 [hardness] begin
2026-09-21T15:47:27+00:00 [hardness] run: /Users/louisvasseur/Downloads/scaleli_sota/build-verify-e2e/experimental/scaleli/scaleli_hardness --data /Users/louisvasseur/Downloads/scaleli_sota/experimental/scaleli/results/aidb_dry/data/lognormal --flow /Users/louisvasseur/Downloads/scaleli_sota/experimental/scaleli/results/aidb_dry/flows/lognormal_2D2H2L.txt --dtype uint64 --region-keys 4096 --pla-eps 32,4096 --check-sorted 1
2026-09-21T15:47:27+00:00 [hardness] ok 0.1 s: scaleli_hardness
2026-09-21T15:47:27+00:00 [hardness] run: /Users/louisvasseur/Downloads/scaleli_sota/build-verify-e2e/experimental/scaleli/scaleli_hardness --data /Users/louisvasseur/Downloads/scaleli_sota/experimental/scaleli/results/aidb_dry/samples/lognormal_20K_uniform_s42 --flow /Users/louisvasseur/Downloads/scaleli_sota/experimental/scaleli/results/aidb_dry/flows/lognormal_2D2H2L.txt --virtual-alpha 0.1 --dtype uint64 --region-keys 4096 --pla-eps 32,4096 --check-sorted 1
2026-09-21T15:47:29+00:00 [hardness] ok 1.7 s: scaleli_hardness
2026-09-21T15:47:29+00:00 [hardness] run: /Users/louisvasseur/Downloads/scaleli_sota/build-verify-e2e/experimental/scaleli/scaleli_hardness --data /Users/louisvasseur/Downloads/scaleli_sota/experimental/scaleli/results/aidb_dry/samples/lognormal_20K_uniform_s42 --virtual-alpha 0.1 --dtype uint64 --region-keys 4096 --pla-eps 32,4096 --check-sorted 1
2026-09-21T15:47:30+00:00 [hardness] ok 1.4 s: scaleli_hardness
2026-09-21T15:47:30+00:00 [hardness] lognormal: full CD=98 PLA-32=35, full_flow CD=56 PLA-32=33, sample CD=69 PLA-32=22, sample_flow CD=49 PLA-32=20, sample_flow_csv CD=48 PLA-32=23, sample_csv CD=103 PLA-32=24
2026-09-21T15:47:30+00:00 [hardness] done in 3.2 s
2026-09-21T15:47:30+00:00 [pipeline] finished
2026-09-21T15:47:34+00:00 [pipeline] start steps=['hardness'] datasets=['lognormal'] results=/Users/louisvasseur/Downloads/scaleli_sota/experimental/scaleli/results/aidb_dry dry_run=True variants=['sorted_vector', 'raw_rank', 'packed_rank', 'packed_rank_flow', 'packed_rank_flow_forced', 'packed_rank_vp10', 'packed_rank_flow_vp10', 'packed_byte']
2026-09-21T15:47:34+00:00 [hardness] begin
2026-09-21T15:47:34+00:00 [hardness] run: /Users/louisvasseur/Downloads/scaleli_sota/build-fix/experimental/scaleli/scaleli_hardness --data /Users/louisvasseur/Downloads/scaleli_sota/experimental/scaleli/results/aidb_dry/data/lognormal --flow /Users/louisvasseur/Downloads/scaleli_sota/experimental/scaleli/results/aidb_dry/flows/lognormal_2D2H2L.txt --dtype uint64 --region-keys 4096 --pla-eps 32,4096 --check-sorted 1
2026-09-21T15:47:34+00:00 [hardness] ok 0.1 s: scaleli_hardness
2026-09-21T15:47:34+00:00 [hardness] run: /Users/louisvasseur/Downloads/scaleli_sota/build-fix/experimental/scaleli/scaleli_hardness --data /Users/louisvasseur/Downloads/scaleli_sota/experimental/scaleli/results/aidb_dry/samples/lognormal_20K_uniform_s42 --flow /Users/louisvasseur/Downloads/scaleli_sota/experimental/scaleli/results/aidb_dry/flows/lognormal_2D2H2L.txt --virtual-alpha 0.1 --dtype uint64 --region-keys 4096 --pla-eps 32,4096 --check-sorted 1
2026-09-21T15:47:39+00:00 [hardness] ok 4.4 s: scaleli_hardness
2026-09-21T15:47:39+00:00 [hardness] run: /Users/louisvasseur/Downloads/scaleli_sota/build-fix/experimental/scaleli/scaleli_hardness --data /Users/louisvasseur/Downloads/scaleli_sota/experimental/scaleli/results/aidb_dry/samples/lognormal_20K_uniform_s42 --virtual-alpha 0.1 --dtype uint64 --region-keys 4096 --pla-eps 32,4096 --check-sorted 1
2026-09-21T15:47:42+00:00 [hardness] ok 3.8 s: scaleli_hardness
2026-09-21T15:47:43+00:00 [hardness] lognormal: full CD=98 PLA-32=35, full_flow CD=56 PLA-32=33, sample CD=69 PLA-32=22, sample_flow CD=49 PLA-32=20, sample_flow_csv CD=48 PLA-32=23, sample_csv CD=103 PLA-32=24
2026-09-21T15:47:43+00:00 [hardness] done in 9.1 s
2026-09-21T15:47:43+00:00 [pipeline] finished
2026-09-21T15:47:47+00:00 [pipeline] start steps=['sweep'] datasets=['dense_sparse_fixture', 'lognormal', 'clustered', 'locally_hard', 'shuffled_dups'] results=/Users/louisvasseur/Downloads/scaleli_sota/experimental/scaleli/results/aidb_dry dry_run=True variants=['sorted_vector', 'raw_rank', 'packed_rank', 'packed_rank_flow', 'packed_rank_flow_forced', 'packed_rank_vp10', 'packed_rank_flow_vp10', 'packed_byte']
2026-09-21T15:47:47+00:00 [sweep] begin
2026-09-21T15:47:47+00:00 [sweep] keep results/aidb_dry/sweep/results.jsonl (same settings and scaleli_bench sha256 3cc4fa88fedc1fd6…, built as /Users/louisvasseur/Downloads/scaleli_sota/build-fix/experimental/scaleli/scaleli_bench)
2026-09-21T15:47:47+00:00 [sweep] done in 0.0 s
2026-09-21T15:47:47+00:00 [pipeline] finished
2026-09-21T15:47:51+00:00 [pipeline] start steps=['sweep'] datasets=['dense_sparse_fixture', 'lognormal', 'clustered', 'locally_hard', 'shuffled_dups'] results=/Users/louisvasseur/Downloads/scaleli_sota/experimental/scaleli/results/aidb_dry dry_run=True variants=['sorted_vector', 'raw_rank', 'packed_rank', 'packed_rank_flow', 'packed_rank_flow_forced', 'packed_rank_vp10', 'packed_rank_flow_vp10', 'packed_byte']
2026-09-21T15:47:51+00:00 [sweep] begin
2026-09-21T15:47:51+00:00 [sweep] FAILED: /Users/louisvasseur/Downloads/scaleli_sota/experimental/scaleli/results/aidb_dry/sweep holds a sweep produced with different scaleli_bench binary (sha256 3cc4fa88fedc1fd6… at /Users/louisvasseur/Downloads/scaleli_sota/build-fix/experimental/scaleli/scaleli_bench vs f8df60c44c897138… at /private/tmp/claude-501/-Users-louisvasseur-Downloads-scaleli-sota/ac6d4251-6384-4db6-8aba-a17e1917a2ab/scratchpad/fakebin/scaleli_bench); pass --force or use another --results
2026-09-21T15:47:55+00:00 [pipeline] start steps=['verify-downloads', 'sort', 'sample', 'flows', 'hardness', 'sweep', 'throughput', 'scores', 'report'] datasets=['dense_sparse_fixture', 'lognormal', 'clustered', 'locally_hard', 'shuffled_dups'] results=/Users/louisvasseur/Downloads/scaleli_sota/experimental/scaleli/results/aidb_dry dry_run=True variants=['sorted_vector', 'raw_rank', 'packed_rank', 'packed_rank_flow', 'packed_rank_flow_forced', 'packed_rank_vp10', 'packed_rank_flow_vp10', 'packed_byte']
2026-09-21T15:47:55+00:00 [verify-downloads] begin
2026-09-21T15:47:55+00:00 [verify-downloads] dense_sparse_fixture: keep provenance (16,384 keys, sha256 621f0271a21d5cbb…)
2026-09-21T15:47:55+00:00 [verify-downloads] lognormal: keep provenance (50,000 keys, sha256 984476070aa3b632…)
2026-09-21T15:47:55+00:00 [verify-downloads] clustered: keep provenance (50,000 keys, sha256 85b7fc237c451912…)
2026-09-21T15:47:55+00:00 [verify-downloads] locally_hard: keep provenance (50,000 keys, sha256 56d69ddbb6faea64…)
2026-09-21T15:47:55+00:00 [verify-downloads] shuffled_dups: keep provenance (50,500 keys, sha256 ad66293a3866a30c…)
2026-09-21T15:47:55+00:00 [verify-downloads] done in 0.0 s
2026-09-21T15:47:55+00:00 [sort] begin
2026-09-21T15:47:55+00:00 [sort] dense_sparse_fixture: keep audit (sorted on disk, duplicates=0)
2026-09-21T15:47:55+00:00 [sort] lognormal: keep audit (sorted on disk, duplicates=0)
2026-09-21T15:47:55+00:00 [sort] clustered: keep audit (sorted on disk, duplicates=0)
2026-09-21T15:47:55+00:00 [sort] locally_hard: keep audit (sorted on disk, duplicates=0)
2026-09-21T15:47:55+00:00 [sort] shuffled_dups: keep audit (sorted=False, duplicates=500, using shuffled_dups.sorted)
2026-09-21T15:47:55+00:00 [sort] done in 0.0 s
2026-09-21T15:47:55+00:00 [sample] begin
2026-09-21T15:47:55+00:00 [sample] dense_sparse_fixture: keep dense_sparse_fixture_16384_uniform_s42 (16,384 keys)
2026-09-21T15:47:55+00:00 [sample] lognormal: keep lognormal_20K_uniform_s42 (20,000 keys)
2026-09-21T15:47:55+00:00 [sample] clustered: keep clustered_20K_uniform_s42 (20,000 keys)
2026-09-21T15:47:55+00:00 [sample] locally_hard: keep locally_hard_20K_uniform_s42 (20,000 keys)
2026-09-21T15:47:55+00:00 [sample] shuffled_dups: keep shuffled_dups_20K_uniform_s42 (20,000 keys)
2026-09-21T15:47:55+00:00 [sample] done in 0.1 s
2026-09-21T15:47:55+00:00 [flows] begin
2026-09-21T15:47:55+00:00 [flows] keep flows/dense_sparse_fixture_training.json
2026-09-21T15:47:55+00:00 [flows] dense_sparse_fixture: nll 4.1631, tail conflicts 2 -> 2, unordered pairs 0
2026-09-21T15:47:55+00:00 [flows] keep flows/lognormal_training.json
2026-09-21T15:47:55+00:00 [flows] lognormal: nll 0.5579, tail conflicts 195 -> 81, unordered pairs 0
2026-09-21T15:47:55+00:00 [flows] keep flows/clustered_training.json
2026-09-21T15:47:56+00:00 [flows] clustered: nll 4.1760, tail conflicts 442 -> 442, unordered pairs 0
2026-09-21T15:47:56+00:00 [flows] keep flows/locally_hard_training.json
2026-09-21T15:47:56+00:00 [flows] locally_hard: nll 4.1744, tail conflicts 5 -> 5, unordered pairs 0
2026-09-21T15:47:56+00:00 [flows] keep flows/shuffled_dups_training.json
2026-09-21T15:47:56+00:00 [flows] shuffled_dups: nll 0.7084, tail conflicts 200 -> 68, unordered pairs 0
2026-09-21T15:47:56+00:00 [flows] done in 0.5 s
2026-09-21T15:47:56+00:00 [hardness] begin
2026-09-21T15:47:56+00:00 [hardness] keep hardness/dense_sparse_fixture_full.json
2026-09-21T15:47:56+00:00 [hardness] keep hardness/lognormal_full.json
2026-09-21T15:47:56+00:00 [hardness] keep hardness/clustered_full.json
2026-09-21T15:47:56+00:00 [hardness] keep hardness/locally_hard_full.json
2026-09-21T15:47:56+00:00 [hardness] keep hardness/shuffled_dups_full.json
2026-09-21T15:47:56+00:00 [hardness] keep hardness/dense_sparse_fixture_sample_flow.json
2026-09-21T15:47:56+00:00 [hardness] keep hardness/dense_sparse_fixture_sample_csv.json
2026-09-21T15:47:56+00:00 [hardness] keep hardness/lognormal_sample_flow.json
2026-09-21T15:47:56+00:00 [hardness] keep hardness/lognormal_sample_csv.json
2026-09-21T15:47:56+00:00 [hardness] keep hardness/clustered_sample_flow.json
2026-09-21T15:47:56+00:00 [hardness] keep hardness/clustered_sample_csv.json
2026-09-21T15:47:56+00:00 [hardness] keep hardness/locally_hard_sample_flow.json
2026-09-21T15:47:56+00:00 [hardness] keep hardness/locally_hard_sample_csv.json
2026-09-21T15:47:56+00:00 [hardness] keep hardness/shuffled_dups_sample_flow.json
2026-09-21T15:47:56+00:00 [hardness] keep hardness/shuffled_dups_sample_csv.json
2026-09-21T15:47:56+00:00 [hardness] dense_sparse_fixture: full CD=129 PLA-32=107, full_flow CD=129 PLA-32=107, sample CD=129 PLA-32=107, sample_flow CD=129 PLA-32=107, sample_flow_csv CD=129 PLA-32=99, sample_csv CD=129 PLA-32=99
2026-09-21T15:47:56+00:00 [hardness] lognormal: full CD=98 PLA-32=35, full_flow CD=56 PLA-32=33, sample CD=69 PLA-32=22, sample_flow CD=49 PLA-32=20, sample_flow_csv CD=48 PLA-32=23, sample_csv CD=103 PLA-32=24
2026-09-21T15:47:56+00:00 [hardness] clustered: full CD=1024 PLA-32=49, full_flow CD=1024 PLA-32=49, sample CD=443 PLA-32=49, sample_flow CD=443 PLA-32=49, sample_flow_csv CD=443 PLA-32=86, sample_csv CD=430 PLA-32=86
2026-09-21T15:47:56+00:00 [hardness] locally_hard: full CD=8 PLA-32=1, full_flow CD=8 PLA-32=4, sample CD=8 PLA-32=4, sample_flow CD=8 PLA-32=5, sample_flow_csv CD=8 PLA-32=3, sample_csv CD=8 PLA-32=3
2026-09-21T15:47:56+00:00 [hardness] shuffled_dups: full CD=108 PLA-32=36, full_flow CD=54 PLA-32=34, sample CD=71 PLA-32=22, sample_flow CD=46 PLA-32=20, sample_flow_csv CD=42 PLA-32=23, sample_csv CD=107 PLA-32=24
2026-09-21T15:47:56+00:00 [hardness] done in 0.1 s
2026-09-21T15:47:56+00:00 [sweep] begin
2026-09-21T15:47:56+00:00 [sweep] keep results/aidb_dry/sweep/results.jsonl (same settings and scaleli_bench sha256 3cc4fa88fedc1fd6…, built as /Users/louisvasseur/Downloads/scaleli_sota/build-fix/experimental/scaleli/scaleli_bench)
2026-09-21T15:47:56+00:00 [sweep] done in 0.0 s
2026-09-21T15:47:56+00:00 [throughput] begin
2026-09-21T15:47:56+00:00 [throughput] keep throughput.json
2026-09-21T15:47:56+00:00 [throughput] done in 0.1 s
2026-09-21T15:47:56+00:00 [scores] begin
2026-09-21T15:47:56+00:00 [scores] keep scores.json
2026-09-21T15:47:56+00:00 [scores] done in 0.0 s
2026-09-21T15:47:56+00:00 [report] begin
2026-09-21T15:47:56+00:00 [report] keep report.html
2026-09-21T15:47:56+00:00 [report] done in 0.0 s
2026-09-21T15:47:56+00:00 [pipeline] finished
2026-09-21T15:50:13+00:00 [pipeline] start steps=['hardness'] datasets=['lognormal'] results=/Users/louisvasseur/Downloads/scaleli_sota/experimental/scaleli/results/aidb_dry dry_run=True variants=['sorted_vector', 'raw_rank', 'packed_rank', 'packed_rank_flow', 'packed_rank_flow_forced', 'packed_rank_vp10', 'packed_rank_flow_vp10', 'packed_byte']
2026-09-21T15:50:13+00:00 [hardness] begin
2026-09-21T15:50:13+00:00 [hardness] redo hardness/lognormal_full.json: same arguments, different binary/script sha256 (scaleli_hardness 4cbad796be72…)
2026-09-21T15:50:13+00:00 [hardness] run: /Users/louisvasseur/Downloads/scaleli_sota/build-verify-e2e/experimental/scaleli/scaleli_hardness --data /Users/louisvasseur/Downloads/scaleli_sota/experimental/scaleli/results/aidb_dry/data/lognormal --flow /Users/louisvasseur/Downloads/scaleli_sota/experimental/scaleli/results/aidb_dry/flows/lognormal_2D2H2L.txt --dtype uint64 --region-keys 4096 --pla-eps 32,4096 --check-sorted 1
2026-09-21T15:50:13+00:00 [hardness] ok 0.0 s: scaleli_hardness
2026-09-21T15:50:13+00:00 [hardness] redo hardness/lognormal_sample_flow.json: same arguments, different binary/script sha256 (scaleli_hardness 4cbad796be72…)
2026-09-21T15:50:13+00:00 [hardness] run: /Users/louisvasseur/Downloads/scaleli_sota/build-verify-e2e/experimental/scaleli/scaleli_hardness --data /Users/louisvasseur/Downloads/scaleli_sota/experimental/scaleli/results/aidb_dry/samples/lognormal_20K_uniform_s42 --flow /Users/louisvasseur/Downloads/scaleli_sota/experimental/scaleli/results/aidb_dry/flows/lognormal_2D2H2L.txt --virtual-alpha 0.1 --dtype uint64 --region-keys 4096 --pla-eps 32,4096 --check-sorted 1
2026-09-21T15:50:14+00:00 [hardness] ok 1.1 s: scaleli_hardness
2026-09-21T15:50:14+00:00 [hardness] redo hardness/lognormal_sample_csv.json: same arguments, different binary/script sha256 (scaleli_hardness 4cbad796be72…)
2026-09-21T15:50:14+00:00 [hardness] run: /Users/louisvasseur/Downloads/scaleli_sota/build-verify-e2e/experimental/scaleli/scaleli_hardness --data /Users/louisvasseur/Downloads/scaleli_sota/experimental/scaleli/results/aidb_dry/samples/lognormal_20K_uniform_s42 --virtual-alpha 0.1 --dtype uint64 --region-keys 4096 --pla-eps 32,4096 --check-sorted 1
2026-09-21T15:50:16+00:00 [hardness] ok 1.8 s: scaleli_hardness
2026-09-21T15:50:16+00:00 [hardness] lognormal: full CD=98 PLA-32=35, full_flow CD=56 PLA-32=33, sample CD=69 PLA-32=22, sample_flow CD=49 PLA-32=20, sample_flow_csv CD=48 PLA-32=23, sample_csv CD=103 PLA-32=24
2026-09-21T15:50:16+00:00 [hardness] done in 3.0 s
2026-09-21T15:50:16+00:00 [pipeline] finished
2026-09-21T15:50:17+00:00 [pipeline] start steps=['hardness'] datasets=['lognormal'] results=/Users/louisvasseur/Downloads/scaleli_sota/experimental/scaleli/results/aidb_dry dry_run=True variants=['sorted_vector', 'raw_rank', 'packed_rank', 'packed_rank_flow', 'packed_rank_flow_forced', 'packed_rank_vp10', 'packed_rank_flow_vp10', 'packed_byte']
2026-09-21T15:50:17+00:00 [hardness] begin
2026-09-21T15:50:17+00:00 [hardness] redo hardness/lognormal_full.json: same arguments, different binary/script sha256 (scaleli_hardness 1a414ce41813…)
2026-09-21T15:50:17+00:00 [hardness] run: /Users/louisvasseur/Downloads/scaleli_sota/build-fix/experimental/scaleli/scaleli_hardness --data /Users/louisvasseur/Downloads/scaleli_sota/experimental/scaleli/results/aidb_dry/data/lognormal --flow /Users/louisvasseur/Downloads/scaleli_sota/experimental/scaleli/results/aidb_dry/flows/lognormal_2D2H2L.txt --dtype uint64 --region-keys 4096 --pla-eps 32,4096 --check-sorted 1
2026-09-21T15:50:17+00:00 [hardness] ok 0.0 s: scaleli_hardness
2026-09-21T15:50:17+00:00 [hardness] redo hardness/lognormal_sample_flow.json: same arguments, different binary/script sha256 (scaleli_hardness 1a414ce41813…)
2026-09-21T15:50:17+00:00 [hardness] run: /Users/louisvasseur/Downloads/scaleli_sota/build-fix/experimental/scaleli/scaleli_hardness --data /Users/louisvasseur/Downloads/scaleli_sota/experimental/scaleli/results/aidb_dry/samples/lognormal_20K_uniform_s42 --flow /Users/louisvasseur/Downloads/scaleli_sota/experimental/scaleli/results/aidb_dry/flows/lognormal_2D2H2L.txt --virtual-alpha 0.1 --dtype uint64 --region-keys 4096 --pla-eps 32,4096 --check-sorted 1
2026-09-21T15:50:18+00:00 [hardness] ok 1.4 s: scaleli_hardness
2026-09-21T15:50:18+00:00 [hardness] redo hardness/lognormal_sample_csv.json: same arguments, different binary/script sha256 (scaleli_hardness 1a414ce41813…)
2026-09-21T15:50:18+00:00 [hardness] run: /Users/louisvasseur/Downloads/scaleli_sota/build-fix/experimental/scaleli/scaleli_hardness --data /Users/louisvasseur/Downloads/scaleli_sota/experimental/scaleli/results/aidb_dry/samples/lognormal_20K_uniform_s42 --virtual-alpha 0.1 --dtype uint64 --region-keys 4096 --pla-eps 32,4096 --check-sorted 1
2026-09-21T15:50:20+00:00 [hardness] ok 1.1 s: scaleli_hardness
2026-09-21T15:50:20+00:00 [hardness] lognormal: full CD=98 PLA-32=35, full_flow CD=56 PLA-32=33, sample CD=69 PLA-32=22, sample_flow CD=49 PLA-32=20, sample_flow_csv CD=48 PLA-32=23, sample_csv CD=103 PLA-32=24
2026-09-21T15:50:20+00:00 [hardness] done in 2.6 s
2026-09-21T15:50:20+00:00 [pipeline] finished
2026-09-21T15:50:21+00:00 [pipeline] start steps=['verify-downloads', 'sort', 'sample', 'flows', 'hardness', 'sweep', 'throughput', 'scores', 'report'] datasets=['dense_sparse_fixture', 'lognormal', 'clustered', 'locally_hard', 'shuffled_dups'] results=/Users/louisvasseur/Downloads/scaleli_sota/experimental/scaleli/results/aidb_dry dry_run=True variants=['sorted_vector', 'raw_rank', 'packed_rank', 'packed_rank_flow', 'packed_rank_flow_forced', 'packed_rank_vp10', 'packed_rank_flow_vp10', 'packed_byte']
2026-09-21T15:50:21+00:00 [verify-downloads] begin
2026-09-21T15:50:21+00:00 [verify-downloads] dense_sparse_fixture: keep provenance (16,384 keys, sha256 621f0271a21d5cbb…)
2026-09-21T15:50:21+00:00 [verify-downloads] lognormal: keep provenance (50,000 keys, sha256 984476070aa3b632…)
2026-09-21T15:50:21+00:00 [verify-downloads] clustered: keep provenance (50,000 keys, sha256 85b7fc237c451912…)
2026-09-21T15:50:21+00:00 [verify-downloads] locally_hard: keep provenance (50,000 keys, sha256 56d69ddbb6faea64…)
2026-09-21T15:50:21+00:00 [verify-downloads] shuffled_dups: keep provenance (50,500 keys, sha256 ad66293a3866a30c…)
2026-09-21T15:50:21+00:00 [verify-downloads] done in 0.3 s
2026-09-21T15:50:21+00:00 [sort] begin
2026-09-21T15:50:21+00:00 [sort] dense_sparse_fixture: keep audit (sorted on disk, duplicates=0)
2026-09-21T15:50:21+00:00 [sort] lognormal: keep audit (sorted on disk, duplicates=0)
2026-09-21T15:50:21+00:00 [sort] clustered: keep audit (sorted on disk, duplicates=0)
2026-09-21T15:50:21+00:00 [sort] locally_hard: keep audit (sorted on disk, duplicates=0)
2026-09-21T15:50:21+00:00 [sort] shuffled_dups: keep audit (sorted=False, duplicates=500, using shuffled_dups.sorted)
2026-09-21T15:50:21+00:00 [sort] done in 0.0 s
2026-09-21T15:50:21+00:00 [sample] begin
2026-09-21T15:50:21+00:00 [sample] dense_sparse_fixture: keep dense_sparse_fixture_16384_uniform_s42 (16,384 keys)
2026-09-21T15:50:21+00:00 [sample] lognormal: keep lognormal_20K_uniform_s42 (20,000 keys)
2026-09-21T15:50:21+00:00 [sample] clustered: keep clustered_20K_uniform_s42 (20,000 keys)
2026-09-21T15:50:21+00:00 [sample] locally_hard: keep locally_hard_20K_uniform_s42 (20,000 keys)
2026-09-21T15:50:21+00:00 [sample] shuffled_dups: keep shuffled_dups_20K_uniform_s42 (20,000 keys)
2026-09-21T15:50:21+00:00 [sample] done in 0.1 s
2026-09-21T15:50:21+00:00 [flows] begin
2026-09-21T15:50:21+00:00 [flows] keep flows/dense_sparse_fixture_training.json
2026-09-21T15:50:21+00:00 [flows] dense_sparse_fixture: nll 4.1631, tail conflicts 2 -> 2, unordered pairs 0
2026-09-21T15:50:21+00:00 [flows] keep flows/lognormal_training.json
2026-09-21T15:50:21+00:00 [flows] lognormal: nll 0.5579, tail conflicts 195 -> 81, unordered pairs 0
2026-09-21T15:50:21+00:00 [flows] keep flows/clustered_training.json
2026-09-21T15:50:21+00:00 [flows] clustered: nll 4.1760, tail conflicts 442 -> 442, unordered pairs 0
2026-09-21T15:50:21+00:00 [flows] keep flows/locally_hard_training.json
2026-09-21T15:50:21+00:00 [flows] locally_hard: nll 4.1744, tail conflicts 5 -> 5, unordered pairs 0
2026-09-21T15:50:21+00:00 [flows] keep flows/shuffled_dups_training.json
2026-09-21T15:50:21+00:00 [flows] shuffled_dups: nll 0.7084, tail conflicts 200 -> 68, unordered pairs 0
2026-09-21T15:50:21+00:00 [flows] done in 0.0 s
2026-09-21T15:50:21+00:00 [hardness] begin
2026-09-21T15:50:21+00:00 [hardness] keep hardness/dense_sparse_fixture_full.json
2026-09-21T15:50:21+00:00 [hardness] keep hardness/lognormal_full.json
2026-09-21T15:50:21+00:00 [hardness] keep hardness/clustered_full.json
2026-09-21T15:50:21+00:00 [hardness] keep hardness/locally_hard_full.json
2026-09-21T15:50:21+00:00 [hardness] keep hardness/shuffled_dups_full.json
2026-09-21T15:50:21+00:00 [hardness] keep hardness/dense_sparse_fixture_sample_flow.json
2026-09-21T15:50:21+00:00 [hardness] keep hardness/dense_sparse_fixture_sample_csv.json
2026-09-21T15:50:21+00:00 [hardness] keep hardness/lognormal_sample_flow.json
2026-09-21T15:50:21+00:00 [hardness] keep hardness/lognormal_sample_csv.json
2026-09-21T15:50:21+00:00 [hardness] keep hardness/clustered_sample_flow.json
2026-09-21T15:50:21+00:00 [hardness] keep hardness/clustered_sample_csv.json
2026-09-21T15:50:21+00:00 [hardness] keep hardness/locally_hard_sample_flow.json
2026-09-21T15:50:21+00:00 [hardness] keep hardness/locally_hard_sample_csv.json
2026-09-21T15:50:21+00:00 [hardness] keep hardness/shuffled_dups_sample_flow.json
2026-09-21T15:50:21+00:00 [hardness] keep hardness/shuffled_dups_sample_csv.json
2026-09-21T15:50:21+00:00 [hardness] dense_sparse_fixture: full CD=129 PLA-32=107, full_flow CD=129 PLA-32=107, sample CD=129 PLA-32=107, sample_flow CD=129 PLA-32=107, sample_flow_csv CD=129 PLA-32=99, sample_csv CD=129 PLA-32=99
2026-09-21T15:50:21+00:00 [hardness] lognormal: full CD=98 PLA-32=35, full_flow CD=56 PLA-32=33, sample CD=69 PLA-32=22, sample_flow CD=49 PLA-32=20, sample_flow_csv CD=48 PLA-32=23, sample_csv CD=103 PLA-32=24
2026-09-21T15:50:21+00:00 [hardness] clustered: full CD=1024 PLA-32=49, full_flow CD=1024 PLA-32=49, sample CD=443 PLA-32=49, sample_flow CD=443 PLA-32=49, sample_flow_csv CD=443 PLA-32=86, sample_csv CD=430 PLA-32=86
2026-09-21T15:50:21+00:00 [hardness] locally_hard: full CD=8 PLA-32=1, full_flow CD=8 PLA-32=4, sample CD=8 PLA-32=4, sample_flow CD=8 PLA-32=5, sample_flow_csv CD=8 PLA-32=3, sample_csv CD=8 PLA-32=3
2026-09-21T15:50:21+00:00 [hardness] shuffled_dups: full CD=108 PLA-32=36, full_flow CD=54 PLA-32=34, sample CD=71 PLA-32=22, sample_flow CD=46 PLA-32=20, sample_flow_csv CD=42 PLA-32=23, sample_csv CD=107 PLA-32=24
2026-09-21T15:50:21+00:00 [hardness] done in 0.2 s
2026-09-21T15:50:21+00:00 [sweep] begin
2026-09-21T15:50:21+00:00 [sweep] keep results/aidb_dry/sweep/results.jsonl (same settings and scaleli_bench sha256 3cc4fa88fedc1fd6…, built as /Users/louisvasseur/Downloads/scaleli_sota/build-fix/experimental/scaleli/scaleli_bench)
2026-09-21T15:50:21+00:00 [sweep] done in 0.0 s
2026-09-21T15:50:21+00:00 [throughput] begin
2026-09-21T15:50:21+00:00 [throughput] keep throughput.json
2026-09-21T15:50:21+00:00 [throughput] done in 0.0 s
2026-09-21T15:50:21+00:00 [scores] begin
2026-09-21T15:50:21+00:00 [scores] keep scores.json
2026-09-21T15:50:21+00:00 [scores] done in 0.0 s
2026-09-21T15:50:21+00:00 [report] begin
2026-09-21T15:50:21+00:00 [report] keep report.html
2026-09-21T15:50:21+00:00 [report] done in 0.0 s
2026-09-21T15:50:21+00:00 [pipeline] finished
2026-09-21T15:50:56+00:00 [pipeline] start steps=['verify-downloads', 'sort', 'sample', 'flows', 'hardness', 'sweep', 'throughput', 'scores', 'report'] datasets=['dense_sparse_fixture', 'lognormal', 'clustered', 'locally_hard', 'shuffled_dups'] results=/Users/louisvasseur/Downloads/scaleli_sota/experimental/scaleli/results/aidb_dry dry_run=True variants=['sorted_vector', 'raw_rank', 'packed_rank', 'packed_rank_flow', 'packed_rank_flow_forced', 'packed_rank_vp10', 'packed_rank_flow_vp10', 'packed_byte']
2026-09-21T15:50:56+00:00 [verify-downloads] begin
2026-09-21T15:50:56+00:00 [verify-downloads] dense_sparse_fixture: copied fixture dense_sparse_fixture_uint64
2026-09-21T15:50:56+00:00 [verify-downloads] run: /Users/louisvasseur/Downloads/scaleli_sota/build-fix/experimental/scaleli/scaleli_bench --distribution lognormal --n 50000 --seed 42 --ops 1 --profile read_only --load-ratio 1 --verify 0 --instrument 0 --warmup 0 --dump-keys /Users/louisvasseur/Downloads/scaleli_sota/experimental/scaleli/results/aidb_dry/data/lognormal.part
2026-09-21T15:50:56+00:00 [verify-downloads] ok 0.2 s: scaleli_bench
2026-09-21T15:50:56+00:00 [verify-downloads] lognormal: generated 50,000 synthetic lognormal keys
2026-09-21T15:50:56+00:00 [verify-downloads] run: /Users/louisvasseur/Downloads/scaleli_sota/build-fix/experimental/scaleli/scaleli_bench --distribution clustered --n 50000 --seed 42 --ops 1 --profile read_only --load-ratio 1 --verify 0 --instrument 0 --warmup 0 --dump-keys /Users/louisvasseur/Downloads/scaleli_sota/experimental/scaleli/results/aidb_dry/data/clustered.part
2026-09-21T15:50:57+00:00 [verify-downloads] ok 0.2 s: scaleli_bench
2026-09-21T15:50:57+00:00 [verify-downloads] clustered: generated 50,000 synthetic clustered keys
2026-09-21T15:50:57+00:00 [verify-downloads] run: /Users/louisvasseur/Downloads/scaleli_sota/build-fix/experimental/scaleli/scaleli_bench --distribution locally_hard --n 50000 --seed 42 --ops 1 --profile read_only --load-ratio 1 --verify 0 --instrument 0 --warmup 0 --dump-keys /Users/louisvasseur/Downloads/scaleli_sota/experimental/scaleli/results/aidb_dry/data/locally_hard.part
2026-09-21T15:50:57+00:00 [verify-downloads] ok 0.4 s: scaleli_bench
2026-09-21T15:50:57+00:00 [verify-downloads] locally_hard: generated 50,000 synthetic locally_hard keys
2026-09-21T15:50:57+00:00 [verify-downloads] run: /Users/louisvasseur/Downloads/scaleli_sota/build-fix/experimental/scaleli/scaleli_bench --distribution lognormal --n 50000 --seed 7 --ops 1 --profile read_only --load-ratio 1 --verify 0 --instrument 0 --warmup 0 --dump-keys /Users/louisvasseur/Downloads/scaleli_sota/experimental/scaleli/results/aidb_dry/data/shuffled_dups.part
2026-09-21T15:50:57+00:00 [verify-downloads] ok 0.2 s: scaleli_bench
2026-09-21T15:50:57+00:00 [verify-downloads] shuffled_dups: generated 50,000 synthetic lognormal keys, then shuffled with 500 duplicates appended (50,500 keys on disk)
2026-09-21T15:50:57+00:00 [verify-downloads] dense_sparse_fixture: 16,384 keys, 131,080 bytes, sha256 621f0271a21d5cbb… (0.0 s)
2026-09-21T15:50:57+00:00 [verify-downloads] lognormal: 50,000 keys, 400,008 bytes, sha256 984476070aa3b632… (0.0 s)
2026-09-21T15:50:57+00:00 [verify-downloads] clustered: 50,000 keys, 400,008 bytes, sha256 85b7fc237c451912… (0.0 s)
2026-09-21T15:50:57+00:00 [verify-downloads] locally_hard: 50,000 keys, 400,008 bytes, sha256 56d69ddbb6faea64… (0.0 s)
2026-09-21T15:50:57+00:00 [verify-downloads] shuffled_dups: 50,500 keys, 404,008 bytes, sha256 ad66293a3866a30c… (0.0 s)
2026-09-21T15:50:57+00:00 [verify-downloads] done in 1.2 s
2026-09-21T15:50:57+00:00 [sort] begin
2026-09-21T15:50:57+00:00 [sort] run: /Users/louisvasseur/Downloads/scaleli_sota/build-fix/experimental/scaleli/scaleli_hardness --data /Users/louisvasseur/Downloads/scaleli_sota/experimental/scaleli/results/aidb_dry/data/dense_sparse_fixture --dtype uint64 --check-sorted 0 --sort-only 1 --write-sorted /Users/louisvasseur/Downloads/scaleli_sota/experimental/scaleli/results/aidb_dry/data/dense_sparse_fixture.sorted
2026-09-21T15:50:58+00:00 [sort] ok 0.1 s: scaleli_hardness
2026-09-21T15:50:58+00:00 [sort] dense_sparse_fixture: sorted=True duplicates=0
2026-09-21T15:50:58+00:00 [sort] run: /Users/louisvasseur/Downloads/scaleli_sota/build-fix/experimental/scaleli/scaleli_hardness --data /Users/louisvasseur/Downloads/scaleli_sota/experimental/scaleli/results/aidb_dry/data/lognormal --dtype uint64 --check-sorted 0 --sort-only 1 --write-sorted /Users/louisvasseur/Downloads/scaleli_sota/experimental/scaleli/results/aidb_dry/data/lognormal.sorted
2026-09-21T15:50:58+00:00 [sort] ok 0.0 s: scaleli_hardness
2026-09-21T15:50:58+00:00 [sort] lognormal: sorted=True duplicates=0
2026-09-21T15:50:58+00:00 [sort] run: /Users/louisvasseur/Downloads/scaleli_sota/build-fix/experimental/scaleli/scaleli_hardness --data /Users/louisvasseur/Downloads/scaleli_sota/experimental/scaleli/results/aidb_dry/data/clustered --dtype uint64 --check-sorted 0 --sort-only 1 --write-sorted /Users/louisvasseur/Downloads/scaleli_sota/experimental/scaleli/results/aidb_dry/data/clustered.sorted
2026-09-21T15:50:58+00:00 [sort] ok 0.2 s: scaleli_hardness
2026-09-21T15:50:58+00:00 [sort] clustered: sorted=True duplicates=0
2026-09-21T15:50:58+00:00 [sort] run: /Users/louisvasseur/Downloads/scaleli_sota/build-fix/experimental/scaleli/scaleli_hardness --data /Users/louisvasseur/Downloads/scaleli_sota/experimental/scaleli/results/aidb_dry/data/locally_hard --dtype uint64 --check-sorted 0 --sort-only 1 --write-sorted /Users/louisvasseur/Downloads/scaleli_sota/experimental/scaleli/results/aidb_dry/data/locally_hard.sorted
2026-09-21T15:50:58+00:00 [sort] ok 0.0 s: scaleli_hardness
2026-09-21T15:50:58+00:00 [sort] locally_hard: sorted=True duplicates=0
2026-09-21T15:50:58+00:00 [sort] run: /Users/louisvasseur/Downloads/scaleli_sota/build-fix/experimental/scaleli/scaleli_hardness --data /Users/louisvasseur/Downloads/scaleli_sota/experimental/scaleli/results/aidb_dry/data/shuffled_dups --dtype uint64 --check-sorted 0 --sort-only 1 --write-sorted /Users/louisvasseur/Downloads/scaleli_sota/experimental/scaleli/results/aidb_dry/data/shuffled_dups.sorted
2026-09-21T15:50:58+00:00 [sort] ok 0.1 s: scaleli_hardness
2026-09-21T15:50:58+00:00 [sort] shuffled_dups: sorted=False duplicates=500 -> wrote shuffled_dups.sorted (50,000 keys, sort 0.0 s, sha256 c1ebf163142adb86…)
2026-09-21T15:50:58+00:00 [sort] done in 0.6 s
2026-09-21T15:50:58+00:00 [sample] begin
2026-09-21T15:50:58+00:00 [sample] dense_sparse_fixture: redo sample: forced
2026-09-21T15:50:58+00:00 [sample] run: /opt/homebrew/opt/python@3.14/bin/python3.14 /Users/louisvasseur/Downloads/scaleli_sota/experimental/scaleli/tools/datasets.py sample /Users/louisvasseur/Downloads/scaleli_sota/experimental/scaleli/results/aidb_dry/data/dense_sparse_fixture /Users/louisvasseur/Downloads/scaleli_sota/experimental/scaleli/results/aidb_dry/samples/dense_sparse_fixture_16384_uniform_s42 --n 16384 --dtype uint64 --mode uniform --seed 42
2026-09-21T15:51:00+00:00 [sample] ok 1.7 s: python3.14
2026-09-21T15:51:00+00:00 [sample] dense_sparse_fixture: wrote dense_sparse_fixture_16384_uniform_s42 (16,384 keys from dense_sparse_fixture)
2026-09-21T15:51:00+00:00 [sample] lognormal: redo sample: forced
2026-09-21T15:51:00+00:00 [sample] run: /opt/homebrew/opt/python@3.14/bin/python3.14 /Users/louisvasseur/Downloads/scaleli_sota/experimental/scaleli/tools/datasets.py sample /Users/louisvasseur/Downloads/scaleli_sota/experimental/scaleli/results/aidb_dry/data/lognormal /Users/louisvasseur/Downloads/scaleli_sota/experimental/scaleli/results/aidb_dry/samples/lognormal_20K_uniform_s42 --n 20000 --dtype uint64 --mode uniform --seed 42
2026-09-21T15:51:01+00:00 [sample] ok 1.8 s: python3.14
2026-09-21T15:51:01+00:00 [sample] lognormal: wrote lognormal_20K_uniform_s42 (20,000 keys from lognormal)
2026-09-21T15:51:01+00:00 [sample] clustered: redo sample: forced
2026-09-21T15:51:01+00:00 [sample] run: /opt/homebrew/opt/python@3.14/bin/python3.14 /Users/louisvasseur/Downloads/scaleli_sota/experimental/scaleli/tools/datasets.py sample /Users/louisvasseur/Downloads/scaleli_sota/experimental/scaleli/results/aidb_dry/data/clustered /Users/louisvasseur/Downloads/scaleli_sota/experimental/scaleli/results/aidb_dry/samples/clustered_20K_uniform_s42 --n 20000 --dtype uint64 --mode uniform --seed 42
2026-09-21T15:51:03+00:00 [sample] ok 1.8 s: python3.14
2026-09-21T15:51:03+00:00 [sample] clustered: wrote clustered_20K_uniform_s42 (20,000 keys from clustered)
2026-09-21T15:51:03+00:00 [sample] locally_hard: redo sample: forced
2026-09-21T15:51:03+00:00 [sample] run: /opt/homebrew/opt/python@3.14/bin/python3.14 /Users/louisvasseur/Downloads/scaleli_sota/experimental/scaleli/tools/datasets.py sample /Users/louisvasseur/Downloads/scaleli_sota/experimental/scaleli/results/aidb_dry/data/locally_hard /Users/louisvasseur/Downloads/scaleli_sota/experimental/scaleli/results/aidb_dry/samples/locally_hard_20K_uniform_s42 --n 20000 --dtype uint64 --mode uniform --seed 42
2026-09-21T15:51:05+00:00 [sample] ok 1.6 s: python3.14
2026-09-21T15:51:05+00:00 [sample] locally_hard: wrote locally_hard_20K_uniform_s42 (20,000 keys from locally_hard)
2026-09-21T15:51:05+00:00 [sample] shuffled_dups: redo sample: forced
2026-09-21T15:51:05+00:00 [sample] run: /opt/homebrew/opt/python@3.14/bin/python3.14 /Users/louisvasseur/Downloads/scaleli_sota/experimental/scaleli/tools/datasets.py sample /Users/louisvasseur/Downloads/scaleli_sota/experimental/scaleli/results/aidb_dry/data/shuffled_dups.sorted /Users/louisvasseur/Downloads/scaleli_sota/experimental/scaleli/results/aidb_dry/samples/shuffled_dups_20K_uniform_s42 --n 20000 --dtype uint64 --mode uniform --seed 42
2026-09-21T15:51:06+00:00 [sample] ok 1.6 s: python3.14
2026-09-21T15:51:06+00:00 [sample] shuffled_dups: wrote shuffled_dups_20K_uniform_s42 (20,000 keys from shuffled_dups.sorted)
2026-09-21T15:51:06+00:00 [sample] done in 8.5 s
2026-09-21T15:51:06+00:00 [flows] begin
2026-09-21T15:51:06+00:00 [flows] run: /opt/homebrew/opt/python@3.14/bin/python3.14 /Users/louisvasseur/Downloads/scaleli_sota/experimental/scaleli/tools/train_flow.py /Users/louisvasseur/Downloads/scaleli_sota/experimental/scaleli/results/aidb_dry/samples/dense_sparse_fixture_16384_uniform_s42 --dtype uint64 --output /Users/louisvasseur/Downloads/scaleli_sota/experimental/scaleli/results/aidb_dry/flows/dense_sparse_fixture_2D2H2L.txt --sample 4096 --steps 200 --monotone
2026-09-21T15:51:49+00:00 [flows] ok 42.4 s: python3.14
2026-09-21T15:51:49+00:00 [flows] dense_sparse_fixture: nll 4.1631, tail conflicts 2 -> 2, unordered pairs 0
2026-09-21T15:51:49+00:00 [flows] run: /opt/homebrew/opt/python@3.14/bin/python3.14 /Users/louisvasseur/Downloads/scaleli_sota/experimental/scaleli/tools/train_flow.py /Users/louisvasseur/Downloads/scaleli_sota/experimental/scaleli/results/aidb_dry/samples/lognormal_20K_uniform_s42 --dtype uint64 --output /Users/louisvasseur/Downloads/scaleli_sota/experimental/scaleli/results/aidb_dry/flows/lognormal_2D2H2L.txt --sample 4096 --steps 200 --monotone
2026-09-21T15:52:36+00:00 [flows] ok 47.0 s: python3.14
2026-09-21T15:52:36+00:00 [flows] lognormal: nll 0.5579, tail conflicts 195 -> 81, unordered pairs 0
2026-09-21T15:52:36+00:00 [flows] run: /opt/homebrew/opt/python@3.14/bin/python3.14 /Users/louisvasseur/Downloads/scaleli_sota/experimental/scaleli/tools/train_flow.py /Users/louisvasseur/Downloads/scaleli_sota/experimental/scaleli/results/aidb_dry/samples/clustered_20K_uniform_s42 --dtype uint64 --output /Users/louisvasseur/Downloads/scaleli_sota/experimental/scaleli/results/aidb_dry/flows/clustered_2D2H2L.txt --sample 4096 --steps 200 --monotone
2026-09-21T15:53:39+00:00 [flows] ok 63.1 s: python3.14
2026-09-21T15:53:39+00:00 [flows] clustered: nll 4.1760, tail conflicts 442 -> 442, unordered pairs 0
2026-09-21T15:53:39+00:00 [flows] run: /opt/homebrew/opt/python@3.14/bin/python3.14 /Users/louisvasseur/Downloads/scaleli_sota/experimental/scaleli/tools/train_flow.py /Users/louisvasseur/Downloads/scaleli_sota/experimental/scaleli/results/aidb_dry/samples/locally_hard_20K_uniform_s42 --dtype uint64 --output /Users/louisvasseur/Downloads/scaleli_sota/experimental/scaleli/results/aidb_dry/flows/locally_hard_2D2H2L.txt --sample 4096 --steps 200 --monotone
2026-09-21T15:54:22+00:00 [flows] ok 43.0 s: python3.14
2026-09-21T15:54:22+00:00 [flows] locally_hard: nll 4.1744, tail conflicts 5 -> 5, unordered pairs 0
2026-09-21T15:54:22+00:00 [flows] run: /opt/homebrew/opt/python@3.14/bin/python3.14 /Users/louisvasseur/Downloads/scaleli_sota/experimental/scaleli/tools/train_flow.py /Users/louisvasseur/Downloads/scaleli_sota/experimental/scaleli/results/aidb_dry/samples/shuffled_dups_20K_uniform_s42 --dtype uint64 --output /Users/louisvasseur/Downloads/scaleli_sota/experimental/scaleli/results/aidb_dry/flows/shuffled_dups_2D2H2L.txt --sample 4096 --steps 200 --monotone
2026-09-21T15:54:46+00:00 [flows] ok 23.6 s: python3.14
2026-09-21T15:54:46+00:00 [flows] shuffled_dups: nll 0.7084, tail conflicts 200 -> 68, unordered pairs 0
2026-09-21T15:54:46+00:00 [flows] done in 219.2 s
2026-09-21T15:54:46+00:00 [hardness] begin
2026-09-21T15:54:46+00:00 [hardness] run: /Users/louisvasseur/Downloads/scaleli_sota/build-fix/experimental/scaleli/scaleli_hardness --data /Users/louisvasseur/Downloads/scaleli_sota/experimental/scaleli/results/aidb_dry/data/dense_sparse_fixture --flow /Users/louisvasseur/Downloads/scaleli_sota/experimental/scaleli/results/aidb_dry/flows/dense_sparse_fixture_2D2H2L.txt --dtype uint64 --region-keys 4096 --pla-eps 32,4096 --check-sorted 1
2026-09-21T15:54:46+00:00 [hardness] ok 0.1 s: scaleli_hardness
2026-09-21T15:54:46+00:00 [hardness] run: /Users/louisvasseur/Downloads/scaleli_sota/build-fix/experimental/scaleli/scaleli_hardness --data /Users/louisvasseur/Downloads/scaleli_sota/experimental/scaleli/results/aidb_dry/data/lognormal --flow /Users/louisvasseur/Downloads/scaleli_sota/experimental/scaleli/results/aidb_dry/flows/lognormal_2D2H2L.txt --dtype uint64 --region-keys 4096 --pla-eps 32,4096 --check-sorted 1
2026-09-21T15:54:46+00:00 [hardness] ok 0.1 s: scaleli_hardness
2026-09-21T15:54:46+00:00 [hardness] run: /Users/louisvasseur/Downloads/scaleli_sota/build-fix/experimental/scaleli/scaleli_hardness --data /Users/louisvasseur/Downloads/scaleli_sota/experimental/scaleli/results/aidb_dry/data/clustered --flow /Users/louisvasseur/Downloads/scaleli_sota/experimental/scaleli/results/aidb_dry/flows/clustered_2D2H2L.txt --dtype uint64 --region-keys 4096 --pla-eps 32,4096 --check-sorted 1
2026-09-21T15:54:46+00:00 [hardness] ok 0.1 s: scaleli_hardness
2026-09-21T15:54:46+00:00 [hardness] run: /Users/louisvasseur/Downloads/scaleli_sota/build-fix/experimental/scaleli/scaleli_hardness --data /Users/louisvasseur/Downloads/scaleli_sota/experimental/scaleli/results/aidb_dry/data/locally_hard --flow /Users/louisvasseur/Downloads/scaleli_sota/experimental/scaleli/results/aidb_dry/flows/locally_hard_2D2H2L.txt --dtype uint64 --region-keys 4096 --pla-eps 32,4096 --check-sorted 1
2026-09-21T15:54:46+00:00 [hardness] ok 0.1 s: scaleli_hardness
2026-09-21T15:54:46+00:00 [hardness] run: /Users/louisvasseur/Downloads/scaleli_sota/build-fix/experimental/scaleli/scaleli_hardness --data /Users/louisvasseur/Downloads/scaleli_sota/experimental/scaleli/results/aidb_dry/data/shuffled_dups.sorted --flow /Users/louisvasseur/Downloads/scaleli_sota/experimental/scaleli/results/aidb_dry/flows/shuffled_dups_2D2H2L.txt --dtype uint64 --region-keys 4096 --pla-eps 32,4096 --check-sorted 1
2026-09-21T15:54:46+00:00 [hardness] ok 0.2 s: scaleli_hardness
2026-09-21T15:54:46+00:00 [hardness] run: /Users/louisvasseur/Downloads/scaleli_sota/build-fix/experimental/scaleli/scaleli_hardness --data /Users/louisvasseur/Downloads/scaleli_sota/experimental/scaleli/results/aidb_dry/samples/dense_sparse_fixture_16384_uniform_s42 --flow /Users/louisvasseur/Downloads/scaleli_sota/experimental/scaleli/results/aidb_dry/flows/dense_sparse_fixture_2D2H2L.txt --virtual-alpha 0.1 --dtype uint64 --region-keys 4096 --pla-eps 32,4096 --check-sorted 1
2026-09-21T15:54:47+00:00 [hardness] ok 0.8 s: scaleli_hardness
2026-09-21T15:54:47+00:00 [hardness] run: /Users/louisvasseur/Downloads/scaleli_sota/build-fix/experimental/scaleli/scaleli_hardness --data /Users/louisvasseur/Downloads/scaleli_sota/experimental/scaleli/results/aidb_dry/samples/dense_sparse_fixture_16384_uniform_s42 --virtual-alpha 0.1 --dtype uint64 --region-keys 4096 --pla-eps 32,4096 --check-sorted 1
2026-09-21T15:54:48+00:00 [hardness] ok 1.0 s: scaleli_hardness
2026-09-21T15:54:48+00:00 [hardness] run: /Users/louisvasseur/Downloads/scaleli_sota/build-fix/experimental/scaleli/scaleli_hardness --data /Users/louisvasseur/Downloads/scaleli_sota/experimental/scaleli/results/aidb_dry/samples/lognormal_20K_uniform_s42 --flow /Users/louisvasseur/Downloads/scaleli_sota/experimental/scaleli/results/aidb_dry/flows/lognormal_2D2H2L.txt --virtual-alpha 0.1 --dtype uint64 --region-keys 4096 --pla-eps 32,4096 --check-sorted 1
2026-09-21T15:54:49+00:00 [hardness] ok 1.0 s: scaleli_hardness
2026-09-21T15:54:49+00:00 [hardness] run: /Users/louisvasseur/Downloads/scaleli_sota/build-fix/experimental/scaleli/scaleli_hardness --data /Users/louisvasseur/Downloads/scaleli_sota/experimental/scaleli/results/aidb_dry/samples/lognormal_20K_uniform_s42 --virtual-alpha 0.1 --dtype uint64 --region-keys 4096 --pla-eps 32,4096 --check-sorted 1
2026-09-21T15:54:50+00:00 [hardness] ok 0.6 s: scaleli_hardness
2026-09-21T15:54:50+00:00 [hardness] run: /Users/louisvasseur/Downloads/scaleli_sota/build-fix/experimental/scaleli/scaleli_hardness --data /Users/louisvasseur/Downloads/scaleli_sota/experimental/scaleli/results/aidb_dry/samples/clustered_20K_uniform_s42 --flow /Users/louisvasseur/Downloads/scaleli_sota/experimental/scaleli/results/aidb_dry/flows/clustered_2D2H2L.txt --virtual-alpha 0.1 --dtype uint64 --region-keys 4096 --pla-eps 32,4096 --check-sorted 1
2026-09-21T15:54:50+00:00 [hardness] ok 0.6 s: scaleli_hardness
2026-09-21T15:54:50+00:00 [hardness] run: /Users/louisvasseur/Downloads/scaleli_sota/build-fix/experimental/scaleli/scaleli_hardness --data /Users/louisvasseur/Downloads/scaleli_sota/experimental/scaleli/results/aidb_dry/samples/clustered_20K_uniform_s42 --virtual-alpha 0.1 --dtype uint64 --region-keys 4096 --pla-eps 32,4096 --check-sorted 1
2026-09-21T15:54:51+00:00 [hardness] ok 0.6 s: scaleli_hardness
2026-09-21T15:54:51+00:00 [hardness] run: /Users/louisvasseur/Downloads/scaleli_sota/build-fix/experimental/scaleli/scaleli_hardness --data /Users/louisvasseur/Downloads/scaleli_sota/experimental/scaleli/results/aidb_dry/samples/locally_hard_20K_uniform_s42 --flow /Users/louisvasseur/Downloads/scaleli_sota/experimental/scaleli/results/aidb_dry/flows/locally_hard_2D2H2L.txt --virtual-alpha 0.1 --dtype uint64 --region-keys 4096 --pla-eps 32,4096 --check-sorted 1
2026-09-21T15:54:52+00:00 [hardness] ok 0.6 s: scaleli_hardness
2026-09-21T15:54:52+00:00 [hardness] run: /Users/louisvasseur/Downloads/scaleli_sota/build-fix/experimental/scaleli/scaleli_hardness --data /Users/louisvasseur/Downloads/scaleli_sota/experimental/scaleli/results/aidb_dry/samples/locally_hard_20K_uniform_s42 --virtual-alpha 0.1 --dtype uint64 --region-keys 4096 --pla-eps 32,4096 --check-sorted 1
2026-09-21T15:54:52+00:00 [hardness] ok 0.4 s: scaleli_hardness
2026-09-21T15:54:52+00:00 [hardness] run: /Users/louisvasseur/Downloads/scaleli_sota/build-fix/experimental/scaleli/scaleli_hardness --data /Users/louisvasseur/Downloads/scaleli_sota/experimental/scaleli/results/aidb_dry/samples/shuffled_dups_20K_uniform_s42 --flow /Users/louisvasseur/Downloads/scaleli_sota/experimental/scaleli/results/aidb_dry/flows/shuffled_dups_2D2H2L.txt --virtual-alpha 0.1 --dtype uint64 --region-keys 4096 --pla-eps 32,4096 --check-sorted 1
2026-09-21T15:54:53+00:00 [hardness] ok 1.2 s: scaleli_hardness
2026-09-21T15:54:53+00:00 [hardness] run: /Users/louisvasseur/Downloads/scaleli_sota/build-fix/experimental/scaleli/scaleli_hardness --data /Users/louisvasseur/Downloads/scaleli_sota/experimental/scaleli/results/aidb_dry/samples/shuffled_dups_20K_uniform_s42 --virtual-alpha 0.1 --dtype uint64 --region-keys 4096 --pla-eps 32,4096 --check-sorted 1
2026-09-21T15:54:55+00:00 [hardness] ok 1.6 s: scaleli_hardness
2026-09-21T15:54:55+00:00 [hardness] dense_sparse_fixture: full CD=129 PLA-32=107, full_flow CD=129 PLA-32=107, sample CD=129 PLA-32=107, sample_flow CD=129 PLA-32=107, sample_flow_csv CD=129 PLA-32=99, sample_csv CD=129 PLA-32=99
2026-09-21T15:54:55+00:00 [hardness] lognormal: full CD=98 PLA-32=35, full_flow CD=56 PLA-32=33, sample CD=69 PLA-32=22, sample_flow CD=49 PLA-32=20, sample_flow_csv CD=48 PLA-32=23, sample_csv CD=103 PLA-32=24
2026-09-21T15:54:55+00:00 [hardness] clustered: full CD=1024 PLA-32=49, full_flow CD=1024 PLA-32=49, sample CD=443 PLA-32=49, sample_flow CD=443 PLA-32=49, sample_flow_csv CD=443 PLA-32=86, sample_csv CD=430 PLA-32=86
2026-09-21T15:54:55+00:00 [hardness] locally_hard: full CD=8 PLA-32=1, full_flow CD=8 PLA-32=4, sample CD=8 PLA-32=4, sample_flow CD=8 PLA-32=5, sample_flow_csv CD=8 PLA-32=3, sample_csv CD=8 PLA-32=3
2026-09-21T15:54:55+00:00 [hardness] shuffled_dups: full CD=108 PLA-32=36, full_flow CD=54 PLA-32=34, sample CD=71 PLA-32=22, sample_flow CD=46 PLA-32=20, sample_flow_csv CD=42 PLA-32=23, sample_csv CD=107 PLA-32=24
2026-09-21T15:54:55+00:00 [hardness] done in 9.3 s
2026-09-21T15:54:55+00:00 [sweep] begin
2026-09-21T15:54:55+00:00 [sweep] force: removed previous sweep
2026-09-21T15:54:55+00:00 [sweep] run: /opt/homebrew/opt/python@3.14/bin/python3.14 /Users/louisvasseur/Downloads/scaleli_sota/experimental/scaleli/tools/run_suite.py --binary /Users/louisvasseur/Downloads/scaleli_sota/build-fix/experimental/scaleli/scaleli_bench --config /Users/louisvasseur/Downloads/scaleli_sota/experimental/scaleli/results/aidb_dry/aidb.json --output /Users/louisvasseur/Downloads/scaleli_sota/experimental/scaleli/results/aidb_dry/sweep --timeout 14400
2026-09-21T15:57:37+00:00 [sweep] ok 162.1 s: python3.14
2026-09-21T15:57:37+00:00 [sweep] run: /opt/homebrew/opt/python@3.14/bin/python3.14 /Users/louisvasseur/Downloads/scaleli_sota/experimental/scaleli/tools/summarize.py /Users/louisvasseur/Downloads/scaleli_sota/experimental/scaleli/results/aidb_dry/sweep/results.jsonl --baseline packed_rank --output /Users/louisvasseur/Downloads/scaleli_sota/experimental/scaleli/results/aidb_dry/sweep/summary.csv
2026-09-21T15:58:14+00:00 [sweep] ok 36.4 s: python3.14
2026-09-21T15:58:14+00:00 [sweep] run: /opt/homebrew/opt/python@3.14/bin/python3.14 /Users/louisvasseur/Downloads/scaleli_sota/experimental/scaleli/tools/sweep_report.py /Users/louisvasseur/Downloads/scaleli_sota/experimental/scaleli/results/aidb_dry/sweep/summary.csv --output /Users/louisvasseur/Downloads/scaleli_sota/experimental/scaleli/results/aidb_dry/sweep/sweep_report.html
2026-09-21T15:58:24+00:00 [sweep] ok 9.9 s: python3.14
2026-09-21T15:58:24+00:00 [sweep] done in 208.8 s
2026-09-21T15:58:24+00:00 [throughput] begin
2026-09-21T15:58:25+00:00 [throughput] sorted_vector: clustered 2.91, dense_sparse_fixture 3.99, locally_hard 6.29, lognormal 2.02, shuffled_dups 3.47 MOPS
2026-09-21T15:58:25+00:00 [throughput] raw_rank: clustered 2.80, dense_sparse_fixture 2.24, locally_hard 3.85, lognormal 2.36, shuffled_dups 3.22 MOPS
2026-09-21T15:58:25+00:00 [throughput] packed_rank: clustered 1.24, dense_sparse_fixture 0.86, locally_hard 0.45, lognormal 1.10, shuffled_dups 0.62 MOPS
2026-09-21T15:58:25+00:00 [throughput] packed_rank_flow: clustered 0.54, dense_sparse_fixture 1.35, locally_hard 0.63, lognormal 0.75, shuffled_dups 1.33 MOPS
2026-09-21T15:58:25+00:00 [throughput] packed_rank_flow_forced: clustered 0.50, dense_sparse_fixture 0.92, locally_hard 0.20, lognormal 0.59, shuffled_dups 1.22 MOPS
2026-09-21T15:58:25+00:00 [throughput] packed_rank_vp10: clustered 1.12, dense_sparse_fixture 1.59, locally_hard 0.38, lognormal 1.06, shuffled_dups 0.85 MOPS
2026-09-21T15:58:25+00:00 [throughput] packed_rank_flow_vp10: clustered 1.59, dense_sparse_fixture 1.02, locally_hard 0.69, lognormal 1.60, shuffled_dups 0.72 MOPS
2026-09-21T15:58:25+00:00 [throughput] packed_byte: clustered 0.82, dense_sparse_fixture 0.64, locally_hard 0.34, lognormal 1.43, shuffled_dups 1.07 MOPS
2026-09-21T15:58:25+00:00 [throughput] done in 0.9 s
2026-09-21T15:58:25+00:00 [scores] begin
2026-09-21T15:58:25+00:00 [scores] run: /opt/homebrew/opt/python@3.14/bin/python3.14 /Users/louisvasseur/Downloads/scaleli_sota/experimental/scaleli/tools/aidb_scores.py --hardness /Users/louisvasseur/Downloads/scaleli_sota/experimental/scaleli/results/aidb_dry/hardness.json --throughput /Users/louisvasseur/Downloads/scaleli_sota/experimental/scaleli/results/aidb_dry/throughput.json --output /Users/louisvasseur/Downloads/scaleli_sota/experimental/scaleli/results/aidb_dry/scores.json
2026-09-21T15:58:31+00:00 [scores] ok 6.1 s: python3.14
2026-09-21T15:58:31+00:00 [scores] full: PLA-32 Conf=-0.59 Cov=1.00, CD Conf=-0.61 Cov=1.00, PLA-32·PLA-4096 Conf=-0.68 Cov=0.20, CD·PLA-32 Conf=-0.61 Cov=0.80
2026-09-21T15:58:31+00:00 [scores] full_flow: PLA-32 Conf=-0.59 Cov=1.00, CD Conf=-0.56 Cov=1.00, PLA-32·PLA-4096 Conf=-0.68 Cov=0.20, CD·PLA-32 Conf=-0.57 Cov=0.60
2026-09-21T15:58:31+00:00 [scores] sample: PLA-32 Conf=-0.55 Cov=0.80, CD Conf=-0.61 Cov=1.00, PLA-32·PLA-4096 Conf=-0.57 Cov=0.00, CD·PLA-32 Conf=-0.61 Cov=0.80
2026-09-21T15:58:31+00:00 [scores] sample_flow: PLA-32 Conf=-0.55 Cov=0.80, CD Conf=-0.56 Cov=1.00, PLA-32·PLA-4096 Conf=-0.57 Cov=0.00, CD·PLA-32 Conf=-0.55 Cov=0.80
2026-09-21T15:58:31+00:00 [scores] sample_csv: PLA-32 Conf=-0.55 Cov=0.80, CD Conf=-0.61 Cov=1.00, PLA-32·PLA-4096 Conf=-0.57 Cov=0.00, CD·PLA-32 Conf=-0.61 Cov=0.80
2026-09-21T15:58:31+00:00 [scores] sample_flow_csv: PLA-32 Conf=-0.55 Cov=0.80, CD Conf=-0.56 Cov=1.00, PLA-32·PLA-4096 Conf=-0.57 Cov=0.00, CD·PLA-32 Conf=-0.55 Cov=0.80
2026-09-21T15:58:31+00:00 [scores] done in 6.2 s
2026-09-21T15:58:31+00:00 [report] begin
2026-09-21T15:58:31+00:00 [report] run: /opt/homebrew/opt/python@3.14/bin/python3.14 /Users/louisvasseur/Downloads/scaleli_sota/experimental/scaleli/tools/aidb_report.py --results /Users/louisvasseur/Downloads/scaleli_sota/experimental/scaleli/results/aidb_dry --output /Users/louisvasseur/Downloads/scaleli_sota/experimental/scaleli/results/aidb_dry/report.html
2026-09-21T15:58:33+00:00 [report] ok 2.5 s: python3.14
2026-09-21T15:58:33+00:00 [report] wrote /Users/louisvasseur/Downloads/scaleli_sota/experimental/scaleli/results/aidb_dry/report.html
2026-09-21T15:58:33+00:00 [report] done in 2.5 s
2026-09-21T15:58:33+00:00 [pipeline] finished
2026-09-21T18:37:49+00:00 [pipeline] start steps=['verify-downloads', 'sort', 'sample', 'flows', 'hardness', 'sweep', 'throughput', 'scores', 'report'] datasets=['dense_sparse_fixture', 'lognormal', 'clustered', 'locally_hard', 'shuffled_dups'] results=/Users/louisvasseur/Downloads/scaleli_sota/experimental/scaleli/results/aidb_dry dry_run=True variants=['sorted_vector', 'raw_rank', 'packed_rank', 'packed_rank_flow', 'packed_rank_flow_forced', 'packed_rank_vp10', 'packed_rank_flow_vp10', 'packed_byte', 'packed_rank_fusion_auto', 'packed_rank_flow_costsel']
2026-09-21T18:37:49+00:00 [verify-downloads] begin
2026-09-21T18:37:49+00:00 [verify-downloads] dense_sparse_fixture: copied fixture dense_sparse_fixture_uint64
2026-09-21T18:37:49+00:00 [verify-downloads] run: /Users/louisvasseur/Downloads/scaleli_sota/build-verify-final/experimental/scaleli/scaleli_bench --distribution lognormal --n 50000 --seed 42 --ops 1 --profile read_only --load-ratio 1 --verify 0 --instrument 0 --warmup 0 --dump-keys /Users/louisvasseur/Downloads/scaleli_sota/experimental/scaleli/results/aidb_dry/data/lognormal.part
2026-09-21T18:37:49+00:00 [verify-downloads] ok 0.0 s: scaleli_bench
2026-09-21T18:37:49+00:00 [verify-downloads] lognormal: generated 50,000 synthetic lognormal keys
2026-09-21T18:37:49+00:00 [verify-downloads] run: /Users/louisvasseur/Downloads/scaleli_sota/build-verify-final/experimental/scaleli/scaleli_bench --distribution clustered --n 50000 --seed 42 --ops 1 --profile read_only --load-ratio 1 --verify 0 --instrument 0 --warmup 0 --dump-keys /Users/louisvasseur/Downloads/scaleli_sota/experimental/scaleli/results/aidb_dry/data/clustered.part
2026-09-21T18:37:49+00:00 [verify-downloads] ok 0.0 s: scaleli_bench
2026-09-21T18:37:49+00:00 [verify-downloads] clustered: generated 50,000 synthetic clustered keys
2026-09-21T18:37:49+00:00 [verify-downloads] run: /Users/louisvasseur/Downloads/scaleli_sota/build-verify-final/experimental/scaleli/scaleli_bench --distribution locally_hard --n 50000 --seed 42 --ops 1 --profile read_only --load-ratio 1 --verify 0 --instrument 0 --warmup 0 --dump-keys /Users/louisvasseur/Downloads/scaleli_sota/experimental/scaleli/results/aidb_dry/data/locally_hard.part
2026-09-21T18:37:49+00:00 [verify-downloads] ok 0.0 s: scaleli_bench
2026-09-21T18:37:49+00:00 [verify-downloads] locally_hard: generated 50,000 synthetic locally_hard keys
2026-09-21T18:37:49+00:00 [verify-downloads] run: /Users/louisvasseur/Downloads/scaleli_sota/build-verify-final/experimental/scaleli/scaleli_bench --distribution lognormal --n 50000 --seed 7 --ops 1 --profile read_only --load-ratio 1 --verify 0 --instrument 0 --warmup 0 --dump-keys /Users/louisvasseur/Downloads/scaleli_sota/experimental/scaleli/results/aidb_dry/data/shuffled_dups.part
2026-09-21T18:37:49+00:00 [verify-downloads] ok 0.0 s: scaleli_bench
2026-09-21T18:37:49+00:00 [verify-downloads] shuffled_dups: generated 50,000 synthetic lognormal keys, then shuffled with 500 duplicates appended (50,500 keys on disk)
2026-09-21T18:37:49+00:00 [verify-downloads] dense_sparse_fixture: 16,384 keys, 131,080 bytes, sha256 621f0271a21d5cbb… (0.0 s)
2026-09-21T18:37:49+00:00 [verify-downloads] lognormal: 50,000 keys, 400,008 bytes, sha256 984476070aa3b632… (0.0 s)
2026-09-21T18:37:49+00:00 [verify-downloads] clustered: 50,000 keys, 400,008 bytes, sha256 85b7fc237c451912… (0.0 s)
2026-09-21T18:37:49+00:00 [verify-downloads] locally_hard: 50,000 keys, 400,008 bytes, sha256 56d69ddbb6faea64… (0.0 s)
2026-09-21T18:37:49+00:00 [verify-downloads] shuffled_dups: 50,500 keys, 404,008 bytes, sha256 ad66293a3866a30c… (0.0 s)
2026-09-21T18:37:49+00:00 [verify-downloads] done in 0.1 s
2026-09-21T18:37:49+00:00 [sort] begin
2026-09-21T18:37:49+00:00 [sort] run: /Users/louisvasseur/Downloads/scaleli_sota/build-verify-final/experimental/scaleli/scaleli_hardness --data /Users/louisvasseur/Downloads/scaleli_sota/experimental/scaleli/results/aidb_dry/data/dense_sparse_fixture --dtype uint64 --check-sorted 0 --sort-only 1 --write-sorted /Users/louisvasseur/Downloads/scaleli_sota/experimental/scaleli/results/aidb_dry/data/dense_sparse_fixture.sorted
2026-09-21T18:37:49+00:00 [sort] ok 0.0 s: scaleli_hardness
2026-09-21T18:37:49+00:00 [sort] dense_sparse_fixture: sorted=True duplicates=0
2026-09-21T18:37:49+00:00 [sort] run: /Users/louisvasseur/Downloads/scaleli_sota/build-verify-final/experimental/scaleli/scaleli_hardness --data /Users/louisvasseur/Downloads/scaleli_sota/experimental/scaleli/results/aidb_dry/data/lognormal --dtype uint64 --check-sorted 0 --sort-only 1 --write-sorted /Users/louisvasseur/Downloads/scaleli_sota/experimental/scaleli/results/aidb_dry/data/lognormal.sorted
2026-09-21T18:37:49+00:00 [sort] ok 0.0 s: scaleli_hardness
2026-09-21T18:37:49+00:00 [sort] lognormal: sorted=True duplicates=0
2026-09-21T18:37:49+00:00 [sort] run: /Users/louisvasseur/Downloads/scaleli_sota/build-verify-final/experimental/scaleli/scaleli_hardness --data /Users/louisvasseur/Downloads/scaleli_sota/experimental/scaleli/results/aidb_dry/data/clustered --dtype uint64 --check-sorted 0 --sort-only 1 --write-sorted /Users/louisvasseur/Downloads/scaleli_sota/experimental/scaleli/results/aidb_dry/data/clustered.sorted
2026-09-21T18:37:49+00:00 [sort] ok 0.0 s: scaleli_hardness
2026-09-21T18:37:49+00:00 [sort] clustered: sorted=True duplicates=0
2026-09-21T18:37:49+00:00 [sort] run: /Users/louisvasseur/Downloads/scaleli_sota/build-verify-final/experimental/scaleli/scaleli_hardness --data /Users/louisvasseur/Downloads/scaleli_sota/experimental/scaleli/results/aidb_dry/data/locally_hard --dtype uint64 --check-sorted 0 --sort-only 1 --write-sorted /Users/louisvasseur/Downloads/scaleli_sota/experimental/scaleli/results/aidb_dry/data/locally_hard.sorted
2026-09-21T18:37:49+00:00 [sort] ok 0.0 s: scaleli_hardness
2026-09-21T18:37:49+00:00 [sort] locally_hard: sorted=True duplicates=0
2026-09-21T18:37:49+00:00 [sort] run: /Users/louisvasseur/Downloads/scaleli_sota/build-verify-final/experimental/scaleli/scaleli_hardness --data /Users/louisvasseur/Downloads/scaleli_sota/experimental/scaleli/results/aidb_dry/data/shuffled_dups --dtype uint64 --check-sorted 0 --sort-only 1 --write-sorted /Users/louisvasseur/Downloads/scaleli_sota/experimental/scaleli/results/aidb_dry/data/shuffled_dups.sorted
2026-09-21T18:37:49+00:00 [sort] ok 0.0 s: scaleli_hardness
2026-09-21T18:37:49+00:00 [sort] shuffled_dups: sorted=False duplicates=500 -> wrote shuffled_dups.sorted (50,000 keys, sort 0.0 s, sha256 c1ebf163142adb86…)
2026-09-21T18:37:49+00:00 [sort] done in 0.0 s
2026-09-21T18:37:49+00:00 [sample] begin
2026-09-21T18:37:49+00:00 [sample] dense_sparse_fixture: redo sample: forced
2026-09-21T18:37:49+00:00 [sample] run: /opt/homebrew/opt/python@3.14/bin/python3.14 /Users/louisvasseur/Downloads/scaleli_sota/experimental/scaleli/tools/datasets.py sample /Users/louisvasseur/Downloads/scaleli_sota/experimental/scaleli/results/aidb_dry/data/dense_sparse_fixture /Users/louisvasseur/Downloads/scaleli_sota/experimental/scaleli/results/aidb_dry/samples/dense_sparse_fixture_16384_uniform_s42 --n 16384 --dtype uint64 --mode uniform --seed 42
2026-09-21T18:37:50+00:00 [sample] ok 0.1 s: python3.14
2026-09-21T18:37:50+00:00 [sample] dense_sparse_fixture: wrote dense_sparse_fixture_16384_uniform_s42 (16,384 keys from dense_sparse_fixture)
2026-09-21T18:37:50+00:00 [sample] lognormal: redo sample: forced
2026-09-21T18:37:50+00:00 [sample] run: /opt/homebrew/opt/python@3.14/bin/python3.14 /Users/louisvasseur/Downloads/scaleli_sota/experimental/scaleli/tools/datasets.py sample /Users/louisvasseur/Downloads/scaleli_sota/experimental/scaleli/results/aidb_dry/data/lognormal /Users/louisvasseur/Downloads/scaleli_sota/experimental/scaleli/results/aidb_dry/samples/lognormal_20K_uniform_s42 --n 20000 --dtype uint64 --mode uniform --seed 42
2026-09-21T18:37:50+00:00 [sample] ok 0.1 s: python3.14
2026-09-21T18:37:50+00:00 [sample] lognormal: wrote lognormal_20K_uniform_s42 (20,000 keys from lognormal)
2026-09-21T18:37:50+00:00 [sample] clustered: redo sample: forced
2026-09-21T18:37:50+00:00 [sample] run: /opt/homebrew/opt/python@3.14/bin/python3.14 /Users/louisvasseur/Downloads/scaleli_sota/experimental/scaleli/tools/datasets.py sample /Users/louisvasseur/Downloads/scaleli_sota/experimental/scaleli/results/aidb_dry/data/clustered /Users/louisvasseur/Downloads/scaleli_sota/experimental/scaleli/results/aidb_dry/samples/clustered_20K_uniform_s42 --n 20000 --dtype uint64 --mode uniform --seed 42
2026-09-21T18:37:50+00:00 [sample] ok 0.1 s: python3.14
2026-09-21T18:37:50+00:00 [sample] clustered: wrote clustered_20K_uniform_s42 (20,000 keys from clustered)
2026-09-21T18:37:50+00:00 [sample] locally_hard: redo sample: forced
2026-09-21T18:37:50+00:00 [sample] run: /opt/homebrew/opt/python@3.14/bin/python3.14 /Users/louisvasseur/Downloads/scaleli_sota/experimental/scaleli/tools/datasets.py sample /Users/louisvasseur/Downloads/scaleli_sota/experimental/scaleli/results/aidb_dry/data/locally_hard /Users/louisvasseur/Downloads/scaleli_sota/experimental/scaleli/results/aidb_dry/samples/locally_hard_20K_uniform_s42 --n 20000 --dtype uint64 --mode uniform --seed 42
2026-09-21T18:37:50+00:00 [sample] ok 0.1 s: python3.14
2026-09-21T18:37:50+00:00 [sample] locally_hard: wrote locally_hard_20K_uniform_s42 (20,000 keys from locally_hard)
2026-09-21T18:37:50+00:00 [sample] shuffled_dups: redo sample: forced
2026-09-21T18:37:50+00:00 [sample] run: /opt/homebrew/opt/python@3.14/bin/python3.14 /Users/louisvasseur/Downloads/scaleli_sota/experimental/scaleli/tools/datasets.py sample /Users/louisvasseur/Downloads/scaleli_sota/experimental/scaleli/results/aidb_dry/data/shuffled_dups.sorted /Users/louisvasseur/Downloads/scaleli_sota/experimental/scaleli/results/aidb_dry/samples/shuffled_dups_20K_uniform_s42 --n 20000 --dtype uint64 --mode uniform --seed 42
2026-09-21T18:37:50+00:00 [sample] ok 0.1 s: python3.14
2026-09-21T18:37:50+00:00 [sample] shuffled_dups: wrote shuffled_dups_20K_uniform_s42 (20,000 keys from shuffled_dups.sorted)
2026-09-21T18:37:50+00:00 [sample] done in 0.6 s
2026-09-21T18:37:50+00:00 [flows] begin
2026-09-21T18:37:50+00:00 [flows] run: /opt/homebrew/opt/python@3.14/bin/python3.14 /Users/louisvasseur/Downloads/scaleli_sota/experimental/scaleli/tools/train_flow.py /Users/louisvasseur/Downloads/scaleli_sota/experimental/scaleli/results/aidb_dry/samples/dense_sparse_fixture_16384_uniform_s42 --dtype uint64 --output /Users/louisvasseur/Downloads/scaleli_sota/experimental/scaleli/results/aidb_dry/flows/dense_sparse_fixture_2D2H2L.txt --sample 4096 --steps 200 --monotone
2026-09-21T18:37:52+00:00 [flows] ok 2.5 s: python3.14
2026-09-21T18:37:52+00:00 [flows] dense_sparse_fixture: nll 4.1631, tail conflicts 2 -> 2, unordered pairs 0
2026-09-21T18:37:52+00:00 [flows] run: /opt/homebrew/opt/python@3.14/bin/python3.14 /Users/louisvasseur/Downloads/scaleli_sota/experimental/scaleli/tools/train_flow.py /Users/louisvasseur/Downloads/scaleli_sota/experimental/scaleli/results/aidb_dry/samples/lognormal_20K_uniform_s42 --dtype uint64 --output /Users/louisvasseur/Downloads/scaleli_sota/experimental/scaleli/results/aidb_dry/flows/lognormal_2D2H2L.txt --sample 4096 --steps 200 --monotone
2026-09-21T18:37:55+00:00 [flows] ok 2.5 s: python3.14
2026-09-21T18:37:55+00:00 [flows] lognormal: nll 0.5579, tail conflicts 195 -> 81, unordered pairs 0
2026-09-21T18:37:55+00:00 [flows] run: /opt/homebrew/opt/python@3.14/bin/python3.14 /Users/louisvasseur/Downloads/scaleli_sota/experimental/scaleli/tools/train_flow.py /Users/louisvasseur/Downloads/scaleli_sota/experimental/scaleli/results/aidb_dry/samples/clustered_20K_uniform_s42 --dtype uint64 --output /Users/louisvasseur/Downloads/scaleli_sota/experimental/scaleli/results/aidb_dry/flows/clustered_2D2H2L.txt --sample 4096 --steps 200 --monotone
2026-09-21T18:37:57+00:00 [flows] ok 2.5 s: python3.14
2026-09-21T18:37:57+00:00 [flows] clustered: nll 4.1760, tail conflicts 442 -> 442, unordered pairs 0
2026-09-21T18:37:57+00:00 [flows] run: /opt/homebrew/opt/python@3.14/bin/python3.14 /Users/louisvasseur/Downloads/scaleli_sota/experimental/scaleli/tools/train_flow.py /Users/louisvasseur/Downloads/scaleli_sota/experimental/scaleli/results/aidb_dry/samples/locally_hard_20K_uniform_s42 --dtype uint64 --output /Users/louisvasseur/Downloads/scaleli_sota/experimental/scaleli/results/aidb_dry/flows/locally_hard_2D2H2L.txt --sample 4096 --steps 200 --monotone
2026-09-21T18:38:00+00:00 [flows] ok 2.5 s: python3.14
2026-09-21T18:38:00+00:00 [flows] locally_hard: nll 4.1744, tail conflicts 5 -> 5, unordered pairs 0
2026-09-21T18:38:00+00:00 [flows] run: /opt/homebrew/opt/python@3.14/bin/python3.14 /Users/louisvasseur/Downloads/scaleli_sota/experimental/scaleli/tools/train_flow.py /Users/louisvasseur/Downloads/scaleli_sota/experimental/scaleli/results/aidb_dry/samples/shuffled_dups_20K_uniform_s42 --dtype uint64 --output /Users/louisvasseur/Downloads/scaleli_sota/experimental/scaleli/results/aidb_dry/flows/shuffled_dups_2D2H2L.txt --sample 4096 --steps 200 --monotone
2026-09-21T18:38:02+00:00 [flows] ok 2.5 s: python3.14
2026-09-21T18:38:02+00:00 [flows] shuffled_dups: nll 0.7084, tail conflicts 200 -> 68, unordered pairs 0
2026-09-21T18:38:02+00:00 [flows] done in 12.4 s
2026-09-21T18:38:02+00:00 [hardness] begin
2026-09-21T18:38:02+00:00 [hardness] run: /Users/louisvasseur/Downloads/scaleli_sota/build-verify-final/experimental/scaleli/scaleli_hardness --data /Users/louisvasseur/Downloads/scaleli_sota/experimental/scaleli/results/aidb_dry/data/dense_sparse_fixture --flow /Users/louisvasseur/Downloads/scaleli_sota/experimental/scaleli/results/aidb_dry/flows/dense_sparse_fixture_2D2H2L.txt --dtype uint64 --region-keys 4096 --pla-eps 32,4096 --check-sorted 1
2026-09-21T18:38:02+00:00 [hardness] ok 0.0 s: scaleli_hardness
2026-09-21T18:38:02+00:00 [hardness] run: /Users/louisvasseur/Downloads/scaleli_sota/build-verify-final/experimental/scaleli/scaleli_hardness --data /Users/louisvasseur/Downloads/scaleli_sota/experimental/scaleli/results/aidb_dry/data/lognormal --flow /Users/louisvasseur/Downloads/scaleli_sota/experimental/scaleli/results/aidb_dry/flows/lognormal_2D2H2L.txt --dtype uint64 --region-keys 4096 --pla-eps 32,4096 --check-sorted 1
2026-09-21T18:38:02+00:00 [hardness] ok 0.0 s: scaleli_hardness
2026-09-21T18:38:02+00:00 [hardness] run: /Users/louisvasseur/Downloads/scaleli_sota/build-verify-final/experimental/scaleli/scaleli_hardness --data /Users/louisvasseur/Downloads/scaleli_sota/experimental/scaleli/results/aidb_dry/data/clustered --flow /Users/louisvasseur/Downloads/scaleli_sota/experimental/scaleli/results/aidb_dry/flows/clustered_2D2H2L.txt --dtype uint64 --region-keys 4096 --pla-eps 32,4096 --check-sorted 1
2026-09-21T18:38:03+00:00 [hardness] ok 0.0 s: scaleli_hardness
2026-09-21T18:38:03+00:00 [hardness] run: /Users/louisvasseur/Downloads/scaleli_sota/build-verify-final/experimental/scaleli/scaleli_hardness --data /Users/louisvasseur/Downloads/scaleli_sota/experimental/scaleli/results/aidb_dry/data/locally_hard --flow /Users/louisvasseur/Downloads/scaleli_sota/experimental/scaleli/results/aidb_dry/flows/locally_hard_2D2H2L.txt --dtype uint64 --region-keys 4096 --pla-eps 32,4096 --check-sorted 1
2026-09-21T18:38:03+00:00 [hardness] ok 0.0 s: scaleli_hardness
2026-09-21T18:38:03+00:00 [hardness] run: /Users/louisvasseur/Downloads/scaleli_sota/build-verify-final/experimental/scaleli/scaleli_hardness --data /Users/louisvasseur/Downloads/scaleli_sota/experimental/scaleli/results/aidb_dry/data/shuffled_dups.sorted --flow /Users/louisvasseur/Downloads/scaleli_sota/experimental/scaleli/results/aidb_dry/flows/shuffled_dups_2D2H2L.txt --dtype uint64 --region-keys 4096 --pla-eps 32,4096 --check-sorted 1
2026-09-21T18:38:03+00:00 [hardness] ok 0.0 s: scaleli_hardness
2026-09-21T18:38:03+00:00 [hardness] run: /Users/louisvasseur/Downloads/scaleli_sota/build-verify-final/experimental/scaleli/scaleli_hardness --data /Users/louisvasseur/Downloads/scaleli_sota/experimental/scaleli/results/aidb_dry/samples/dense_sparse_fixture_16384_uniform_s42 --flow /Users/louisvasseur/Downloads/scaleli_sota/experimental/scaleli/results/aidb_dry/flows/dense_sparse_fixture_2D2H2L.txt --virtual-alpha 0.1 --dtype uint64 --region-keys 4096 --pla-eps 32,4096 --check-sorted 1
2026-09-21T18:38:03+00:00 [hardness] ok 0.1 s: scaleli_hardness
2026-09-21T18:38:03+00:00 [hardness] run: /Users/louisvasseur/Downloads/scaleli_sota/build-verify-final/experimental/scaleli/scaleli_hardness --data /Users/louisvasseur/Downloads/scaleli_sota/experimental/scaleli/results/aidb_dry/samples/dense_sparse_fixture_16384_uniform_s42 --virtual-alpha 0.1 --dtype uint64 --region-keys 4096 --pla-eps 32,4096 --check-sorted 1
2026-09-21T18:38:03+00:00 [hardness] ok 0.1 s: scaleli_hardness
2026-09-21T18:38:03+00:00 [hardness] run: /Users/louisvasseur/Downloads/scaleli_sota/build-verify-final/experimental/scaleli/scaleli_hardness --data /Users/louisvasseur/Downloads/scaleli_sota/experimental/scaleli/results/aidb_dry/samples/lognormal_20K_uniform_s42 --flow /Users/louisvasseur/Downloads/scaleli_sota/experimental/scaleli/results/aidb_dry/flows/lognormal_2D2H2L.txt --virtual-alpha 0.1 --dtype uint64 --region-keys 4096 --pla-eps 32,4096 --check-sorted 1
2026-09-21T18:38:03+00:00 [hardness] ok 0.1 s: scaleli_hardness
2026-09-21T18:38:03+00:00 [hardness] run: /Users/louisvasseur/Downloads/scaleli_sota/build-verify-final/experimental/scaleli/scaleli_hardness --data /Users/louisvasseur/Downloads/scaleli_sota/experimental/scaleli/results/aidb_dry/samples/lognormal_20K_uniform_s42 --virtual-alpha 0.1 --dtype uint64 --region-keys 4096 --pla-eps 32,4096 --check-sorted 1
2026-09-21T18:38:03+00:00 [hardness] ok 0.1 s: scaleli_hardness
2026-09-21T18:38:03+00:00 [hardness] run: /Users/louisvasseur/Downloads/scaleli_sota/build-verify-final/experimental/scaleli/scaleli_hardness --data /Users/louisvasseur/Downloads/scaleli_sota/experimental/scaleli/results/aidb_dry/samples/clustered_20K_uniform_s42 --flow /Users/louisvasseur/Downloads/scaleli_sota/experimental/scaleli/results/aidb_dry/flows/clustered_2D2H2L.txt --virtual-alpha 0.1 --dtype uint64 --region-keys 4096 --pla-eps 32,4096 --check-sorted 1
2026-09-21T18:38:03+00:00 [hardness] ok 0.2 s: scaleli_hardness
2026-09-21T18:38:03+00:00 [hardness] run: /Users/louisvasseur/Downloads/scaleli_sota/build-verify-final/experimental/scaleli/scaleli_hardness --data /Users/louisvasseur/Downloads/scaleli_sota/experimental/scaleli/results/aidb_dry/samples/clustered_20K_uniform_s42 --virtual-alpha 0.1 --dtype uint64 --region-keys 4096 --pla-eps 32,4096 --check-sorted 1
2026-09-21T18:38:03+00:00 [hardness] ok 0.1 s: scaleli_hardness
2026-09-21T18:38:03+00:00 [hardness] run: /Users/louisvasseur/Downloads/scaleli_sota/build-verify-final/experimental/scaleli/scaleli_hardness --data /Users/louisvasseur/Downloads/scaleli_sota/experimental/scaleli/results/aidb_dry/samples/locally_hard_20K_uniform_s42 --flow /Users/louisvasseur/Downloads/scaleli_sota/experimental/scaleli/results/aidb_dry/flows/locally_hard_2D2H2L.txt --virtual-alpha 0.1 --dtype uint64 --region-keys 4096 --pla-eps 32,4096 --check-sorted 1
2026-09-21T18:38:03+00:00 [hardness] ok 0.2 s: scaleli_hardness
2026-09-21T18:38:03+00:00 [hardness] run: /Users/louisvasseur/Downloads/scaleli_sota/build-verify-final/experimental/scaleli/scaleli_hardness --data /Users/louisvasseur/Downloads/scaleli_sota/experimental/scaleli/results/aidb_dry/samples/locally_hard_20K_uniform_s42 --virtual-alpha 0.1 --dtype uint64 --region-keys 4096 --pla-eps 32,4096 --check-sorted 1
2026-09-21T18:38:04+00:00 [hardness] ok 0.2 s: scaleli_hardness
2026-09-21T18:38:04+00:00 [hardness] run: /Users/louisvasseur/Downloads/scaleli_sota/build-verify-final/experimental/scaleli/scaleli_hardness --data /Users/louisvasseur/Downloads/scaleli_sota/experimental/scaleli/results/aidb_dry/samples/shuffled_dups_20K_uniform_s42 --flow /Users/louisvasseur/Downloads/scaleli_sota/experimental/scaleli/results/aidb_dry/flows/shuffled_dups_2D2H2L.txt --virtual-alpha 0.1 --dtype uint64 --region-keys 4096 --pla-eps 32,4096 --check-sorted 1
2026-09-21T18:38:04+00:00 [hardness] ok 0.1 s: scaleli_hardness
2026-09-21T18:38:04+00:00 [hardness] run: /Users/louisvasseur/Downloads/scaleli_sota/build-verify-final/experimental/scaleli/scaleli_hardness --data /Users/louisvasseur/Downloads/scaleli_sota/experimental/scaleli/results/aidb_dry/samples/shuffled_dups_20K_uniform_s42 --virtual-alpha 0.1 --dtype uint64 --region-keys 4096 --pla-eps 32,4096 --check-sorted 1
2026-09-21T18:38:04+00:00 [hardness] ok 0.1 s: scaleli_hardness
2026-09-21T18:38:04+00:00 [hardness] dense_sparse_fixture: full CD=129 PLA-32=107, full_flow CD=129 PLA-32=107, sample CD=129 PLA-32=107, sample_flow CD=129 PLA-32=107, sample_flow_csv CD=129 PLA-32=99, sample_csv CD=129 PLA-32=99
2026-09-21T18:38:04+00:00 [hardness] lognormal: full CD=98 PLA-32=35, full_flow CD=56 PLA-32=33, sample CD=69 PLA-32=22, sample_flow CD=49 PLA-32=20, sample_flow_csv CD=48 PLA-32=23, sample_csv CD=103 PLA-32=24
2026-09-21T18:38:04+00:00 [hardness] clustered: full CD=1024 PLA-32=49, full_flow CD=1024 PLA-32=49, sample CD=443 PLA-32=49, sample_flow CD=443 PLA-32=49, sample_flow_csv CD=443 PLA-32=86, sample_csv CD=430 PLA-32=86
2026-09-21T18:38:04+00:00 [hardness] locally_hard: full CD=8 PLA-32=1, full_flow CD=8 PLA-32=4, sample CD=8 PLA-32=4, sample_flow CD=8 PLA-32=5, sample_flow_csv CD=8 PLA-32=3, sample_csv CD=8 PLA-32=3
2026-09-21T18:38:04+00:00 [hardness] shuffled_dups: full CD=108 PLA-32=36, full_flow CD=54 PLA-32=34, sample CD=71 PLA-32=22, sample_flow CD=46 PLA-32=20, sample_flow_csv CD=42 PLA-32=23, sample_csv CD=107 PLA-32=24
2026-09-21T18:38:04+00:00 [hardness] done in 1.3 s
2026-09-21T18:38:04+00:00 [sweep] begin
2026-09-21T18:38:04+00:00 [sweep] force: removed previous sweep
2026-09-21T18:38:04+00:00 [sweep] run: /opt/homebrew/opt/python@3.14/bin/python3.14 /Users/louisvasseur/Downloads/scaleli_sota/experimental/scaleli/tools/run_suite.py --binary /Users/louisvasseur/Downloads/scaleli_sota/build-verify-final/experimental/scaleli/scaleli_bench --config /Users/louisvasseur/Downloads/scaleli_sota/experimental/scaleli/results/aidb_dry/aidb.json --output /Users/louisvasseur/Downloads/scaleli_sota/experimental/scaleli/results/aidb_dry/sweep --timeout 14400 --resume
2026-09-21T18:38:38+00:00 [sweep] ok 34.1 s: python3.14
2026-09-21T18:38:38+00:00 [sweep] run: /opt/homebrew/opt/python@3.14/bin/python3.14 /Users/louisvasseur/Downloads/scaleli_sota/experimental/scaleli/tools/summarize.py /Users/louisvasseur/Downloads/scaleli_sota/experimental/scaleli/results/aidb_dry/sweep/results.jsonl --baseline packed_rank --output /Users/louisvasseur/Downloads/scaleli_sota/experimental/scaleli/results/aidb_dry/sweep/summary.csv
2026-09-21T18:38:39+00:00 [sweep] ok 0.6 s: python3.14
2026-09-21T18:38:39+00:00 [sweep] run: /opt/homebrew/opt/python@3.14/bin/python3.14 /Users/louisvasseur/Downloads/scaleli_sota/experimental/scaleli/tools/sweep_report.py /Users/louisvasseur/Downloads/scaleli_sota/experimental/scaleli/results/aidb_dry/sweep/summary.csv --output /Users/louisvasseur/Downloads/scaleli_sota/experimental/scaleli/results/aidb_dry/sweep/sweep_report.html
2026-09-21T18:38:39+00:00 [sweep] ok 0.1 s: python3.14
2026-09-21T18:38:39+00:00 [sweep] done in 34.8 s
2026-09-21T18:38:39+00:00 [throughput] begin
2026-09-21T18:38:39+00:00 [throughput] sorted_vector: clustered 20.34, dense_sparse_fixture 21.47, locally_hard 20.57, lognormal 20.49, shuffled_dups 20.60 MOPS
2026-09-21T18:38:39+00:00 [throughput] raw_rank: clustered 9.35, dense_sparse_fixture 10.79, locally_hard 10.85, lognormal 9.01, shuffled_dups 9.05 MOPS
2026-09-21T18:38:39+00:00 [throughput] packed_rank: clustered 3.98, dense_sparse_fixture 5.02, locally_hard 3.27, lognormal 4.35, shuffled_dups 4.36 MOPS
2026-09-21T18:38:39+00:00 [throughput] packed_rank_flow: clustered 3.86, dense_sparse_fixture 4.99, locally_hard 3.34, lognormal 4.23, shuffled_dups 4.22 MOPS
2026-09-21T18:38:39+00:00 [throughput] packed_rank_flow_forced: clustered 3.44, dense_sparse_fixture 4.26, locally_hard 2.86, lognormal 3.89, shuffled_dups 3.91 MOPS
2026-09-21T18:38:39+00:00 [throughput] packed_rank_vp10: clustered 3.96, dense_sparse_fixture 5.02, locally_hard 3.36, lognormal 4.42, shuffled_dups 4.46 MOPS
2026-09-21T18:38:39+00:00 [throughput] packed_rank_flow_vp10: clustered 3.95, dense_sparse_fixture 4.96, locally_hard 3.29, lognormal 4.36, shuffled_dups 4.29 MOPS
2026-09-21T18:38:39+00:00 [throughput] packed_byte: clustered 3.95, dense_sparse_fixture 4.92, locally_hard 3.31, lognormal 4.38, shuffled_dups 4.34 MOPS
2026-09-21T18:38:39+00:00 [throughput] packed_rank_fusion_auto: clustered 3.99, dense_sparse_fixture 4.98, locally_hard 3.25, lognormal 4.47, shuffled_dups 4.43 MOPS
2026-09-21T18:38:39+00:00 [throughput] packed_rank_flow_costsel: clustered 3.97, dense_sparse_fixture 5.04, locally_hard 3.33, lognormal 4.36, shuffled_dups 4.33 MOPS
2026-09-21T18:38:39+00:00 [throughput] done in 0.0 s
2026-09-21T18:38:39+00:00 [scores] begin
2026-09-21T18:38:39+00:00 [scores] run: /opt/homebrew/opt/python@3.14/bin/python3.14 /Users/louisvasseur/Downloads/scaleli_sota/experimental/scaleli/tools/aidb_scores.py --hardness /Users/louisvasseur/Downloads/scaleli_sota/experimental/scaleli/results/aidb_dry/hardness.json --throughput /Users/louisvasseur/Downloads/scaleli_sota/experimental/scaleli/results/aidb_dry/throughput.json --output /Users/louisvasseur/Downloads/scaleli_sota/experimental/scaleli/results/aidb_dry/scores.json
2026-09-21T18:38:39+00:00 [scores] ok 0.1 s: python3.14
2026-09-21T18:38:39+00:00 [scores] full: PLA-32 Conf=-0.70 Cov=1.00, CD Conf=-0.62 Cov=1.00, PLA-32·PLA-4096 Conf=-0.78 Cov=0.20, CD·PLA-32 Conf=-0.66 Cov=0.80
2026-09-21T18:38:39+00:00 [scores] full_flow: PLA-32 Conf=-0.70 Cov=1.00, CD Conf=-0.61 Cov=1.00, PLA-32·PLA-4096 Conf=-0.78 Cov=0.20, CD·PLA-32 Conf=-0.71 Cov=0.60
2026-09-21T18:38:39+00:00 [scores] sample: PLA-32 Conf=-0.75 Cov=0.80, CD Conf=-0.62 Cov=1.00, PLA-32·PLA-4096 Conf=-0.85 Cov=0.00, CD·PLA-32 Conf=-0.66 Cov=0.80
2026-09-21T18:38:39+00:00 [scores] sample_flow: PLA-32 Conf=-0.75 Cov=0.80, CD Conf=-0.61 Cov=1.00, PLA-32·PLA-4096 Conf=-0.85 Cov=0.00, CD·PLA-32 Conf=-0.65 Cov=0.80
2026-09-21T18:38:39+00:00 [scores] sample_csv: PLA-32 Conf=-0.75 Cov=0.80, CD Conf=-0.62 Cov=1.00, PLA-32·PLA-4096 Conf=-0.85 Cov=0.00, CD·PLA-32 Conf=-0.66 Cov=0.80
2026-09-21T18:38:39+00:00 [scores] sample_flow_csv: PLA-32 Conf=-0.75 Cov=0.80, CD Conf=-0.61 Cov=1.00, PLA-32·PLA-4096 Conf=-0.85 Cov=0.00, CD·PLA-32 Conf=-0.65 Cov=0.80
2026-09-21T18:38:39+00:00 [scores] done in 0.1 s
2026-09-21T18:38:39+00:00 [report] begin
2026-09-21T18:38:39+00:00 [report] run: /opt/homebrew/opt/python@3.14/bin/python3.14 /Users/louisvasseur/Downloads/scaleli_sota/experimental/scaleli/tools/aidb_report.py --results /Users/louisvasseur/Downloads/scaleli_sota/experimental/scaleli/results/aidb_dry --output /Users/louisvasseur/Downloads/scaleli_sota/experimental/scaleli/results/aidb_dry/report.html
2026-09-21T18:38:39+00:00 [report] ok 0.1 s: python3.14
2026-09-21T18:38:39+00:00 [report] wrote /Users/louisvasseur/Downloads/scaleli_sota/experimental/scaleli/results/aidb_dry/report.html
2026-09-21T18:38:39+00:00 [report] done in 0.1 s
2026-09-21T18:38:39+00:00 [pipeline] finished
