region,local_rank,key,block,key_byte,rank_prediction,byte_prediction,rank_candidate,byte_candidate,codec,block_bytes,region_bytes
0,0,1028,0,16,54.197240920439619,429.57230044245875,0,1,for,416,27712
0,1,1031,0,19.125,54.197250025465515,429.57236295001371,0,1,for,416,27712
0,2,1034,0,22.25,54.19725913049141,429.57242545756867,0,1,for,416,27712
0,3,1037,0,25.375,54.197268235517313,429.57248796512363,0,1,for,416,27712
0,4,1039,0,28.5,54.197274305534577,429.57252963682691,0,1,for,416,27712
0,5,1040,0,31.625,54.197277340543209,429.57255047267853,0,1,for,416,27712
0,6,1042,0,34.75,54.197283410560473,429.57259214438187,0,1,for,416,27712
0,7,1044,0,37.875,54.197289480577737,429.57263381608516,0,1,for,416,27712
0,8,1046,0,41,54.197295550595001,429.57267548778844,0,1,for,416,27712
0,9,1047,0,44.125,54.197298585603633,429.57269632364012,0,1,for,416,27712
0,10,1048,0,47.25,54.197301620612265,429.57271715949173,0,1,for,416,27712
0,11,1050,0,50.375,54.197307690629529,429.57275883119507,0,1,for,416,27712
0,12,1051,0,53.5,54.197310725638161,429.57277966704669,0,1,for,416,27712
0,13,1054,0,56.625,54.197319830664057,429.57284217460165,0,1,for,416,27712
0,14,1055,0,59.75,54.197322865672696,429.57286301045332,0,1,for,416,27712
0,15,1060,0,62.875,54.197338040715856,429.57296718971156,0,1,for,416,27712
0,16,1063,0,66,54.197347145741752,429.57302969726652,0,1,for,416,27712
0,17,1065,0,69.125,54.197353215759016,429.57307136896981,0,1,for,416,27712
0,18,1069,0,72.25,54.197365355793544,429.57315471237638,0,1,for,416,27712
0,19,1071,0,75.375,54.197371425810807,429.57319638407972,0,1,for,416,27712
0,20,1074,0,78.5,54.19738053083671,429.57325889163462,0,1,for,416,27712
0,21,1075,0,81.625,54.197383565845342,429.57327972748629,0,1,for,416,27712
0,22,1078,0,84.75,54.197392670871238,429.57334223504125,0,1,for,416,27712
0,23,1082,0,87.875,54.197404810905766,429.57342557844783,0,1,for,416,27712
0,24,1084,0,91,54.19741088092303,429.57346725015117,0,1,for,416,27712
0,25,1087,0,94.125,54.197419985948926,429.57352975770607,0,1,for,416,27712
0,26,1090,0,97.25,54.197429090974829,429.57359226526103,0,1,for,416,27712
0,27,1093,0,100.375,54.197438196000725,429.57365477281598,0,1,for,416,27712
0,28,1096,0,103.5,54.197447301026621,429.57371728037094,0,1,for,416,27712
0,29,1098,0,106.625,54.197453371043885,429.57375895207423,0,1,for,416,27712
0,30,1100,0,109.75,54.197459441061149,429.57380062377757,0,1,for,416,27712
0,31,1102,0,112.875,54.197465511078413,429.57384229548086,0,1,for,416,27712
0,32,1105,0,116,54.197474616104309,429.57390480303582,0,1,for,416,27712
0,33,1108,0,119.125,54.197483721130212,429.57396731059072,0,1,for,416,27712
0,34,1110,0,122.25,54.197489791147476,429.57400898229406,0,1,for,416,27712
0,35,1113,0,125.375,54.197498896173371,429.57407148984902,0,1,for,416,27712
0,36,1116,0,128.5,54.197508001199267,429.57413399740392,0,1,for,416,27712
0,37,1117,0,131.625,54.197511036207899,429.57415483325559,0,1,for,416,27712
0,38,1120,0,134.75,54.197520141233795,429.57421734081055,0,1,for,416,27712
0,39,1122,0,137.875,54.197526211251059,429.57425901251383,0,1,for,416,27712
0,40,1124,0,141,54.197532281268323,429.57430068421712,0,1,for,416,27712
0,41,1125,0,144.125,54.197535316276962,429.57432152006879,0,1,for,416,27712
0,42,1128,0,147.25,54.197544421302858,429.57438402762375,0,1,for,416,27712
0,43,1131,0,150.375,54.197553526328754,429.57444653517871,0,1,for,416,27712
0,44,1132,0,153.5,54.197556561337386,429.57446737103032,0,1,for,416,27712
0,45,1135,0,156.625,54.197565666363282,429.57452987858528,0,1,for,416,27712
0,46,1137,0,159.75,54.197571736380546,429.57457155028857,0,1,for,416,27712
0,47,1141,0,162.875,54.197583876415074,429.5746548936952,0,1,for,416,27712
0,48,1142,0,166,54.197586911423706,429.57467572954681,0,1,for,416,27712
0,49,1144,0,169.125,54.197592981440977,429.57471740125015,0,1,for,416,27712
0,50,1146,0,172.25,54.197599051458241,429.57475907295344,0,1,for,416,27712
0,51,1149,0,175.375,54.197608156484137,429.5748215805084,0,1,for,416,27712
0,52,1151,0,178.5,54.1976142265014,429.57486325221168,0,1,for,416,27712
0,53,1153,0,181.625,54.197620296518664,429.57490492391497,0,1,for,416,27712
0,54,1155,0,184.75,54.197626366535928,429.57494659561831,0,1,for,416,27712
0,55,1156,0,187.875,54.19762940154456,429.57496743146993,0,1,for,416,27712
0,56,1158,0,191,54.197635471561824,429.57500910317322,0,1,for,416,27712
0,57,1160,0,194.125,54.197641541579095,429.57505077487656,0,1,for,416,27712
0,58,1161,0,197.25,54.197644576587727,429.57507161072817,0,1,for,416,27712
0,59,1164,0,200.375,54.197653681613623,429.57513411828313,0,1,for,416,27712
0,60,1167,0,203.5,54.197662786639519,429.57519662583809,0,1,for,416,27712
0,61,1170,0,206.625,54.197671891665415,429.57525913339305,0,1,for,416,27712
0,62,1174,0,209.75,54.197684031699943,429.57534247679962,0,1,for,416,27712
0,63,1175,0,212.875,54.197687066708575,429.57536331265129,0,1,for,416,27712
0,64,1179,0,216,54.19769920674311,429.57544665605786,0,1,for,416,27712
0,65,1181,0,219.125,54.197705276760374,429.57548832776121,0,1,for,416,27712
0,66,1183,0,222.25,54.197711346777638,429.57552999946449,0,1,for,416,27712
0,67,1185,0,225.375,54.197717416794902,429.57557167116778,0,1,for,416,27712
0,68,1186,0,228.5,54.197720451803534,429.57559250701945,0,1,for,416,27712
0,69,1192,0,231.625,54.197738661855325,429.57571752212931,0,1,for,416,27712
0,70,1196,0,234.75,54.19775080188986,429.57580086553594,0,1,for,416,27712
0,71,1198,0,237.875,54.197756871907124,429.57584253723923,0,1,for,416,27712
0,72,1202,0,241,54.197769011941652,429.57592588064585,0,1,for,416,27712
0,73,1207,0,244.125,54.197784186984812,429.5760300599041,0,1,for,416,27712
0,74,1216,0,247.25,54.197811502062507,429.57621758256892,0,1,for,416,27712
0,75,1219,0,250.375,54.197820607088403,429.57628009012387,0,1,for,416,27712
0,76,1220,0,253.5,54.197823642097035,429.57630092597554,0,1,for,416,27712
0,77,1223,0,256.625,54.197832747122931,429.5763634335305,0,1,for,416,27712
0,78,1226,0,259.75,54.197841852148827,429.5764259410854,0,1,for,416,27712
0,79,1229,0,262.875,54.197850957174722,429.57648844864036,0,1,for,416,27712
0,80,1232,0,266,54.197860062200625,429.57655095619532,0,1,for,416,27712
0,81,1236,0,269.125,54.197872202235153,429.57663429960195,0,1,for,416,27712
0,82,1239,0,272.25,54.197881307261049,429.57669680715685,0,1,for,416,27712
0,83,1242,0,275.375,54.197890412286945,429.57675931471181,0,1,for,416,27712
0,84,1252,0,278.5,54.197920762373272,429.5769676732283,0,1,for,416,27712
0,85,1253,0,281.625,54.197923797381904,429.57698850907997,0,1,for,416,27712
0,86,1255,0,284.75,54.197929867399168,429.57703018078325,0,1,for,416,27712
0,87,1257,0,287.875,54.197935937416432,429.5770718524866,0,1,for,416,27712
0,88,1260,0,291,54.197945042442328,429.5771343600415,0,1,for,416,27712
0,89,1261,0,294.125,54.19794807745096,429.57715519589317,0,1,for,416,27712
0,90,1264,0,297.25,54.197957182476856,429.57721770344813,0,1,for,416,27712
0,91,1267,0,300.375,54.197966287502759,429.57728021100309,0,1,for,416,27712
0,92,1272,0,303.5,54.197981462545918,429.57738439026133,0,1,for,416,27712
0,93,1273,0,306.625,54.19798449755455,429.57740522611294,0,1,for,416,27712
0,94,1275,0,309.75,54.197990567571814,429.57744689781629,0,1,for,416,27712
0,95,1277,0,312.875,54.197996637589078,429.57748856951957,0,1,for,416,27712
0,96,1279,0,316,54.198002707606342,429.57753024122286,0,1,for,416,27712
0,97,1281,0,319.125,54.198008777623606,429.57757191292615,0,1,for,416,27712
0,98,1285,0,322.25,54.198020917658141,429.57765525633278,0,1,for,416,27712
0,99,1289,0,325.375,54.198033057692669,429.57773859973935,0,1,for,416,27712
0,100,1292,0,328.5,54.198042162718565,429.57780110729431,0,1,for,416,27712
0,101,538792,0,331.625,55.829359302618748,440.77707136909527,0,1,for,416,27712
0,102,813517,0,334.75,56.663152049147264,446.50120071360368,0,1,for,416,27712
0,103,1340987,0,337.875,58.264028052464752,457.49148738335651,0,1,for,416,27712
0,104,1388912,0,341,58.409480841171195,458.49004557367613,0,1,for,416,27712
0,105,1543568,0,344.125,58.878863136219387,461.71243504643724,0,1,for,416,27712
0,106,2508177,0,347.25,61.806459778083529,481.81088507055921,0,1,for,416,27712
0,107,2567149,0,350.375,61.985440307151791,483.03961691405487,0,1,for,416,27712
0,108,3564717,0,353.5,65.013067798530301,503.82479577270465,0,1,for,416,27712
0,109,3976087,0,356.625,66.261579299629346,512.39604006590844,0,1,for,416,27712
0,110,4712990,0,359.75,68.498086265850489,527.75004165424684,0,1,for,416,27712
0,111,5455471,0,362.875,70.751522510222998,543.22026562308827,0,1,for,416,27712
0,112,5874473,0,366,72.023197197204311,551.95052913608379,0,1,for,416,27712
0,113,8123327,0,369.125,78.848488500149585,598.80731746228309,0,1,for,416,27712
0,114,8900450,0,372.25,81.207063513564748,614.99933700397901,0,1,for,416,27712
0,115,9870179,0,375.375,84.150199399626629,635.20446658854826,0,1,for,416,27712
0,116,10247138,0,378.5,85.294273218677105,643.05872839062863,0,1,for,416,27712
0,117,11221821,0,381.625,88.252444537503763,663.36707878427126,0,1,for,416,27712
0,118,12185685,0,384.75,91.17778009793679,683.45000609891406,0,1,for,416,27712
0,119,12432688,0,387.875,91.927436335158674,688.59652396398508,0,1,for,416,27712
0,120,13318347,0,391,94.615419045497021,707.04998350035032,0,1,for,416,27712
0,121,13538996,0,394.125,95.285090665221361,711.6473933310408,0,1,for,416,27712
0,122,14564428,0,397.25,98.397285637132285,733.01314236006237,0,1,for,416,27712
0,123,14815356,0,400.375,99.158854283236238,738.24144094285896,0,1,for,416,27712
0,124,15584236,0,403.5,101.49241172049474,754.26171055940506,0,1,for,416,27712
0,125,16137664,0,406.625,103.17207047789135,765.79285426628496,0,1,for,416,27712
0,126,17625927,0,409.75,107.68896153013185,796.80208135026385,0,1,for,416,27712
0,127,18106683,0,412.875,109.14806014019669,806.81904204604507,0,1,for,416,27712
0,128,18717154,1,432,111.00084489500972,819.53872523858809,0,1,raw,1040,27712
0,129,18871912,1,440,111.47053676093842,822.76323996821748,0,1,raw,1040,27712
0,130,19791724,1,448,114.26217412109817,841.92830634598056,0,1,raw,1040,27712
0,131,21353045,1,456,119.00079683400253,874.45975907979516,0,1,raw,1040,27712
0,132,21369521,1,464,119.05080163622948,874.80305057157818,0,1,raw,1040,27712
0,133,21773472,1,472,120.27679640828497,883.21971368139168,0,1,raw,1040,27712
0,134,22208762,1,480,121.59790531587036,892.28935154606029,0,1,raw,1040,27712
0,135,23823181,1,488,126.49768091713644,925.92714633077924,0,1,raw,1040,27712
0,136,24531562,1,496,128.64762336714503,940.68686775836022,1,1,raw,1040,27712
0,137,24581616,1,504,128.79953768922982,941.72978547684249,1,1,raw,1040,27712
0,138,25046393,1,512,130.21013989635796,951.41381009911038,1,1,raw,1040,27712
0,139,25665916,1,520,132.09039754931123,964.32209942078805,1,1,raw,1040,27712
0,140,25748133,1,528,132.33992685403899,966.03516063588472,1,1,raw,1040,27712
0,141,26224426,1,536,133.78548022057757,975.95913092575267,1,1,raw,1040,27712
0,142,26621087,1,544,134.98934977970305,984.22390067703861,1,1,raw,1040,27712
0,143,27135083,1,552,136.54933207670794,994.93344508166126,1,1,raw,1040,27712
0,144,28360431,1,560,140.26827383436824,1020.4646142291166,1,1,raw,1040,27712
0,145,28845087,1,568,141.73920897809936,1030.5628347463323,1,1,raw,1040,27712
0,146,29733393,1,576,144.43522535628756,1049.0714467820148,1,1,raw,1040,27712
0,147,30599669,1,584,147.06438049430463,1067.1210450058509,1,1,raw,1040,27712
0,148,31896036,1,592,150.99886553002739,1094.1319555016278,1,1,raw,1040,27712
0,149,32651732,1,600,153.29240941347669,1109.877525250022,1,1,raw,1040,27712
0,150,32712358,1,608,153.47640984682289,1111.1407195921465,1,1,raw,1040,27712
0,151,33200664,1,616,154.95842277206214,1121.3149909678841,1,1,raw,1040,27712
0,152,33279281,1,624,155.19702604571339,1122.9530431170415,1,1,raw,1040,27712
0,153,33363596,1,632,155.45292279855184,1124.7098179488994,1,1,raw,1040,27712
0,154,33615749,1,640,156.21820933023048,1129.9636404499672,1,1,raw,1040,27712
0,155,33924628,1,648,157.15565976158902,1136.399397471725,1,1,raw,1040,27712
0,156,34401905,1,656,158.60419957662185,1146.3438702396163,1,1,raw,1040,27712
0,157,34622441,1,664,159.27352824037072,1150.9389256190705,1,1,raw,1040,27712
0,158,35367979,1,672,161.5362425061324,1166.4728447864054,1,1,raw,1040,27712
0,159,36365358,1,680,164.56329638087939,1187.2540856690932,1,1,raw,1040,27712
0,160,37207182,1,688,167.11823948781768,1204.7942056483869,1,1,raw,1040,27712
0,161,37570517,1,696,168.22096434926073,1212.3645998075897,1,1,raw,1040,27712
0,162,39672942,1,704,174.60184237317631,1256.1704152125512,1,1,raw,1040,27712
0,163,40537424,1,712,177.22555270570692,1274.1826339185275,1,1,raw,1040,27712
0,164,41335518,1,720,179.64777488515156,1290.8116021051726,1,1,raw,1040,27712
0,165,41733073,1,728,180.85435774199439,1299.0949991078335,1,1,raw,1040,27712
0,166,42090038,1,736,181.93774959844922,1306.5326688920265,1,1,raw,1040,27712
0,167,42569597,1,744,183.39321530318111,1316.5246890733829,1,1,raw,1040,27712
0,168,43291202,1,752,185.58329270734419,1331.5599438031816,1,1,raw,1040,27712
0,169,43870338,1,760,187.34097546666186,1343.6267355842763,1,1,raw,1040,27712
0,170,43930393,1,768,187.52324291007898,1344.8780326551089,1,1,raw,1040,27712
0,171,44695383,1,776,189.84499416375755,1360.8172508087368,1,1,raw,1040,27712
0,172,46051191,1,784,193.95988314759714,1389.0666651624333,1,1,raw,1040,27712
0,173,46194455,1,792,194.39469062430538,1392.0516926131993,1,1,raw,1040,27712
0,174,47176251,1,800,197.3744499595341,1412.5082484196273,1,1,raw,1040,27712
0,175,48245359,1,808,200.61920196847251,1434.7840241053084,1,1,raw,1040,27712
0,176,49200176,1,816,203.51707980580846,1454.6784494700746,1,1,raw,1040,27712
0,177,49926549,1,824,205.72162813113073,1469.8130495405401,1,2,raw,1040,27712
0,178,51012275,1,832,209.0168159135219,1492.4350754089385,1,2,raw,1040,27712
0,179,51415388,1,840,210.24026734834345,1500.8342780750693,1,2,raw,1040,27712
0,180,51463766,1,848,210.38709499596035,1501.8422749061863,1,2,raw,1040,27712
0,181,51518112,1,856,210.55203557509526,1502.9746200999498,1,2,raw,1040,27712
0,182,52692363,1,864,214.11589749666723,1527.4411397356521,1,2,raw,1040,27712
0,183,52942342,1,872,214.87458591957909,1532.6496650952331,1,2,raw,1040,27712
0,184,53213911,1,880,215.69880017886382,1538.3080364919344,1,2,raw,1040,27712
0,185,54008013,1,888,218.10890660384803,1554.8538279587933,1,2,raw,1040,27712
0,186,54144122,1,896,218.52199859379161,1557.6897748910044,1,2,raw,1040,27712
0,187,54591251,1,904,219.87903896857566,1567.0060884033558,1,2,raw,1040,27712
0,188,55366721,1,912,222.23259711272149,1583.1636662822743,1,2,raw,1040,27712
0,189,55625795,1,920,223.01888893914474,1588.5616937126108,1,2,raw,1040,27712
0,190,55912812,1,928,223.88998801178241,1594.5419373455993,1,2,raw,1040,27712
0,191,55997272,1,936,224.14632484087258,1596.3017333759467,1,2,raw,1040,27712
0,192,56851582,1,944,226.73916306559468,1614.1020097989406,1,2,raw,1040,27712
0,193,57546578,1,952,228.84848192505899,1628.5828433521881,1,2,raw,1040,27712
0,194,57801268,1,960,229.62146827363793,1633.8895264088917,1,2,raw,1040,27712
0,195,58798050,1,968,232.64671024823139,1654.6583282881445,1,2,raw,1040,27712
0,196,58896469,1,976,232.94541276282084,1656.7089719716723,1,2,raw,1040,27712
0,197,59623728,1,984,235.15265010579137,1671.8620326066994,1,2,raw,1040,27712
0,198,59861096,1,992,235.87306403484038,1676.8077970411241,1,2,raw,1040,27712
0,199,61214598,1,1000,239.98095428877372,1705.0091639209159,1,2,raw,1040,27712
0,200,61516104,1,1008,240.89602760148577,1711.291298208459,1,2,raw,1040,27712
0,201,62496604,1,1016,243.87185356552695,1731.7208507511491,1,2,raw,1040,27712
0,202,62496607,1,1024,243.87186267055287,1731.7209132587041,1,2,raw,1040,27712
0,203,62496610,1,1032,243.87187177557874,1731.7209757662588,1,2,raw,1040,27712
0,204,62496612,1,1040,243.87187784559603,1731.7210174379622,1,2,raw,1040,27712
0,205,62496615,1,1048,243.87188695062193,1731.7210799455172,1,2,raw,1040,27712
0,206,62496618,1,1056,243.8718960556478,1731.7211424530722,1,2,raw,1040,27712
0,207,62496621,1,1064,243.87190516067372,1731.7212049606271,1,2,raw,1040,27712
0,208,62496623,1,1072,243.87191123069098,1731.7212466323306,1,2,raw,1040,27712
0,209,62496628,1,1080,243.87192640573414,1731.7213508115888,1,2,raw,1040,27712
0,210,62496631,1,1088,243.87193551076004,1731.7214133191437,1,2,raw,1040,27712
0,211,62496632,1,1096,243.87193854576867,1731.7214341549952,1,2,raw,1040,27712
0,212,62496634,1,1104,243.87194461578594,1731.7214758266985,1,2,raw,1040,27712
0,213,62496639,1,1112,243.8719597908291,1731.7215800059569,1,2,raw,1040,27712
0,214,62496644,1,1120,243.87197496587225,1731.7216841852151,1,2,raw,1040,27712
0,215,62496646,1,1128,243.87198103588952,1731.7217258569183,1,2,raw,1040,27712
0,216,62496648,1,1136,243.87198710590678,1731.7217675286217,1,2,raw,1040,27712
0,217,62496650,1,1144,243.87199317592405,1731.721809200325,1,2,raw,1040,27712
0,218,62496652,1,1152,243.87199924594131,1731.7218508720284,1,2,raw,1040,27712
0,219,62496655,1,1160,243.87200835096721,1731.7219133795832,1,2,raw,1040,27712
0,220,62496656,1,1168,243.87201138597584,1731.7219342154349,1,2,raw,1040,27712
0,221,62496658,1,1176,243.8720174559931,1731.7219758871381,1,2,raw,1040,27712
0,222,62496659,1,1184,243.87202049100173,1731.7219967229896,1,2,raw,1040,27712
0,223,62496662,1,1192,243.87202959602763,1731.7220592305448,1,2,raw,1040,27712
0,224,62496664,1,1200,243.87203566604492,1731.722100902248,1,2,raw,1040,27712
0,225,62496667,1,1208,243.87204477107079,1731.722163409803,1,2,raw,1040,27712
0,226,62496670,1,1216,243.87205387609669,1731.7222259173579,1,2,raw,1040,27712
0,227,62496673,1,1224,243.87206298112261,1731.7222884249129,1,2,raw,1040,27712
0,228,62496675,1,1232,243.87206905113985,1731.7223300966161,1,2,raw,1040,27712
0,229,62496676,1,1240,243.87207208614851,1731.7223509324679,1,2,raw,1040,27712
0,230,62496677,1,1248,243.87207512115714,1731.7223717683196,1,2,raw,1040,27712
0,231,62496680,1,1256,243.87208422618303,1731.7224342758745,1,2,raw,1040,27712
0,232,62496683,1,1264,243.8720933312089,1731.7224967834293,1,2,raw,1040,27712
0,233,62496686,1,1272,243.87210243623483,1731.7225592909842,1,2,raw,1040,27712
0,234,62496687,1,1280,243.87210547124343,1731.722580126836,1,2,raw,1040,27712
0,235,62496690,1,1288,243.87211457626935,1731.7226426343909,1,2,raw,1040,27712
0,236,62496691,1,1296,243.87211761127796,1731.7226634702427,1,2,raw,1040,27712
0,237,62496693,1,1304,243.87212368129525,1731.7227051419459,1,2,raw,1040,27712
0,238,62496694,1,1312,243.87212671630388,1731.7227259777976,1,2,raw,1040,27712
0,239,62496696,1,1320,243.87213278632112,1731.7227676495008,1,2,raw,1040,27712
0,240,62496697,1,1328,243.87213582132978,1731.7227884853526,1,2,raw,1040,27712
0,241,62496700,1,1336,243.87214492635565,1731.7228509929073,1,2,raw,1040,27712
0,242,62496702,1,1344,243.87215099637294,1731.7228926646108,1,2,raw,1040,27712
0,243,62496703,1,1352,243.87215403138157,1731.7229135004623,1,2,raw,1040,27712
0,244,62496706,1,1360,243.87216313640747,1731.7229760080174,1,2,raw,1040,27712
0,245,62496707,1,1368,243.8721661714161,1731.7229968438689,1,2,raw,1040,27712
0,246,62496709,1,1376,243.87217224143336,1731.7230385155724,1,2,raw,1040,27712
0,247,62496711,1,1384,243.87217831145063,1731.7230801872756,1,2,raw,1040,27712
0,248,62496716,1,1392,243.87219348649379,1731.7231843665338,1,2,raw,1040,27712
0,249,62496721,1,1400,243.87220866153694,1731.7232885457922,1,2,raw,1040,27712
0,250,62496722,1,1408,243.87221169654558,1731.7233093816437,1,2,raw,1040,27712
0,251,62496726,1,1416,243.8722238365801,1731.7233927250504,1,2,raw,1040,27712
0,252,62496728,1,1424,243.87222990659737,1731.7234343967536,1,2,raw,1040,27712
0,253,62496730,1,1432,243.87223597661463,1731.7234760684569,1,2,raw,1040,27712
0,254,62496733,1,1440,243.87224508164056,1731.7235385760121,1,2,raw,1040,27712
0,255,62496736,1,1448,243.87225418666642,1731.7236010835668,1,2,raw,1040,27712
0,256,62496738,2,1472,243.87226025668372,1731.7236427552702,1,2,raw,1040,27712
0,257,62496740,2,1480,243.87226632670095,1731.7236844269735,1,2,raw,1040,27712
0,258,62496743,2,1488,243.87227543172685,1731.7237469345284,1,2,raw,1040,27712
0,259,62496746,2,1496,243.87228453675277,1731.7238094420834,1,2,raw,1040,27712
0,260,62496747,2,1504,243.87228757176138,1731.7238302779349,1,2,raw,1040,27712
0,261,62496750,2,1512,243.8722966767873,1731.7238927854901,1,2,raw,1040,27712
0,262,62496751,2,1520,243.87229971179593,1731.7239136213416,1,2,raw,1040,27712
0,263,62496753,2,1528,243.87230578181317,1731.7239552930448,1,2,raw,1040,27712
0,264,62496754,2,1536,243.87230881682183,1731.7239761288965,1,2,raw,1040,27712
0,265,62496756,2,1544,243.87231488683906,1731.7240178005998,1,2,raw,1040,27712
0,266,62496758,2,1552,243.87232095685636,1731.7240594723032,1,2,raw,1040,27712
0,267,62496760,2,1560,243.87232702687359,1731.7241011440065,1,2,raw,1040,27712
0,268,62496762,2,1568,243.87233309689088,1731.7241428157099,1,2,raw,1040,27712
0,269,62496764,2,1576,243.87233916690815,1731.7241844874129,1,2,raw,1040,27712
0,270,62496774,2,1584,243.87236951699447,1731.7243928459295,1,2,raw,1040,27712
0,271,62496776,2,1592,243.87237558701173,1731.7244345176327,1,2,raw,1040,27712
0,272,62496779,2,1600,243.87238469203763,1731.7244970251879,1,2,raw,1040,27712
0,273,62496784,2,1608,243.87239986708079,1731.7246012044461,1,2,raw,1040,27712
0,274,62496785,2,1616,243.87240290208942,1731.7246220402976,1,2,raw,1040,27712
0,275,62496790,2,1624,243.87241807713261,1731.724726219556,1,2,raw,1040,27712
0,276,62496793,2,1632,243.87242718215848,1731.7247887271108,1,2,raw,1040,27712
0,277,62496795,2,1640,243.87243325217574,1731.7248303988142,1,2,raw,1040,27712
0,278,62496796,2,1648,243.87243628718437,1731.7248512346659,1,2,raw,1040,27712
0,279,62496797,2,1656,243.872439322193,1731.7248720705174,1,2,raw,1040,27712
0,280,62496798,2,1664,243.87244235720163,1731.724892906369,1,2,raw,1040,27712
0,281,62496803,2,1672,243.87245753224482,1731.7249970856274,1,2,raw,1040,27712
0,282,62496806,2,1680,243.87246663727069,1731.7250595931823,1,2,raw,1040,27712
0,283,62496807,2,1688,243.87246967227935,1731.7250804290341,1,2,raw,1040,27712
0,284,62496808,2,1696,243.87247270728795,1731.7251012648856,1,2,raw,1040,27712
0,285,62496811,2,1704,243.87248181231388,1731.7251637724407,1,2,raw,1040,27712
0,286,62496813,2,1712,243.87248788233111,1731.725205444144,1,2,raw,1040,27712
0,287,62496816,2,1720,243.87249698735704,1731.7252679516989,1,2,raw,1040,27712
0,288,62496821,2,1728,243.87251216240017,1731.7253721309571,1,2,raw,1040,27712
0,289,62496823,2,1736,243.87251823241746,1731.7254138026606,1,2,raw,1040,27712
0,290,62496824,2,1744,243.87252126742609,1731.7254346385121,1,2,raw,1040,27712
0,291,62496825,2,1752,243.8725243024347,1731.7254554743636,1,2,raw,1040,27712
0,292,62496827,2,1760,243.87253037245199,1731.725497146067,1,2,raw,1040,27712
0,293,62496829,2,1768,243.87253644246925,1731.7255388177703,1,2,raw,1040,27712
0,294,62496830,2,1776,243.87253947747786,1731.725559653622,1,2,raw,1040,27712
0,295,62496832,2,1784,243.87254554749515,1731.7256013253252,1,2,raw,1040,27712
0,296,62496834,2,1792,243.87255161751239,1731.7256429970284,1,2,raw,1040,27712
0,297,62496839,2,1800,243.87256679255557,1731.7257471762869,1,2,raw,1040,27712
0,298,62496843,2,1808,243.8725789325901,1731.7258305196935,1,2,raw,1040,27712
0,299,62496844,2,1816,243.87258196759873,1731.725851355545,1,2,raw,1040,27712
0,300,62496847,2,1824,243.8725910726246,1731.7259138630998,1,2,raw,1040,27712
0,301,62496848,2,1832,243.87259410763326,1731.7259346989517,1,2,raw,1040,27712
0,302,62496851,2,1840,243.87260321265913,1731.7259972065065,1,2,raw,1040,27712
0,303,63303466,2,1848,246.32068670066025,1748.5325076850602,1,2,raw,1040,27712
0,304,64537620,2,1856,250.06635474433719,1774.2471573421442,1,2,raw,1040,27712
0,305,65117392,2,1864,251.82596776914502,1786.3272007248881,1,2,raw,1040,27712
0,306,65550596,2,1872,253.14074564872331,1795.3533750030151,1,2,raw,1040,27712
0,307,66480897,2,1880,255.964217214428,1814.7369886287336,1,2,raw,1040,27712
0,308,66941409,2,1888,257.36187510973912,1824.3321483437151,2,2,raw,1040,27712
0,309,67837913,2,1896,260.08277248869553,1843.0115726912229,2,2,raw,1040,27712
0,310,68343770,2,1904,261.61805285044153,1853.5515340992674,2,2,raw,1040,27712
0,311,69114408,2,1912,263.95694583287576,1869.6084331430141,2,2,raw,1040,27712
0,312,69475049,2,1920,265.05149438106315,1877.1226955178718,2,2,raw,1040,27712
0,313,69742397,2,1928,265.86289786891069,1882.6931187847592,2,2,raw,1040,27712
0,314,69968305,2,1936,266.54853059903269,1887.4001043592764,2,2,raw,1040,27712
0,315,71682150,2,1944,271.750064968581,1923.1095245301344,2,2,raw,1040,27712
0,316,72187326,2,1952,273.28327848944838,1933.6352967232053,2,2,raw,1040,27712
0,317,74006908,2,1960,278.80572556675787,1971.5478373399649,2,2,raw,1040,27712
0,318,74319714,2,1968,279.7550944770158,1978.0654167511516,2,2,raw,1040,27712
0,319,74572833,2,1976,280.52331282703324,1983.3393666849131,2,2,raw,1040,27712
0,320,77135791,2,1984,288.30191248144126,2036.7407793577408,2,2,raw,1040,27712
0,321,77635181,2,1992,289.81756544236168,2047.1459953131655,2,2,raw,1040,27712
0,322,77667990,2,2000,289.91714104058121,2047.829598769946,2,2,raw,1040,27712
0,323,78308871,2,2008,291.86222040790472,2061.1829002111613,2,2,raw,1040,27712
0,324,78704900,2,2016,293.06417184157453,2069.4345017042046,2,2,raw,1040,27712
0,325,79315523,2,2024,294.91741791769965,2082.1573519461986,2,2,raw,1040,27712
0,326,79613039,2,2032,295.82038154596859,2088.3563511856587,2,2,raw,1040,27712
0,327,80250146,2,2040,297.7540067907135,2101.6310181227477,2,2,raw,1040,27712
0,328,81223028,2,2048,300.70671205899322,2121.9018431475688,2,2,raw,1040,27712
0,329,81347895,2,2056,301.08568448189169,2124.503553435532,2,2,raw,1040,27712
0,330,82147794,2,2064,303.51338485191775,2141.1701303344053,2,2,raw,1040,27712
0,331,83089377,2,2072,306.37109738501289,2160.7888140384375,2,2,raw,1040,27712
0,332,84608677,2,2080,310.98218600017634,2192.4447234500731,2,2,raw,1040,27712
0,333,84854906,2,2088,311.72949314071673,2197.5751143659668,2,2,raw,1040,27712
0,334,85649748,2,2096,314.1418454720889,2214.1363243630467,2,2,raw,1040,27712
0,335,85892290,2,2104,314.87796253580177,2219.1898934939077,2,2,raw,1040,27712
0,336,86132553,2,2112,315.6071628148415,2224.1959777188586,2,2,raw,1040,27712
0,337,87063817,2,2120,318.43355709385918,2243.599656269716,2,2,raw,1040,27712
0,338,87546270,2,2128,319.89780611357315,2253.6519754057467,2,2,raw,1040,27712
0,339,87988410,2,2136,321.23970483029029,2262.8643388542168,2,2,raw,1040,27712
0,340,88956981,2,2144,324.17932617635591,2283.0453405225758,2,2,raw,1040,27712
0,341,89090905,2,2152,324.58578667243773,2285.8357611189317,2,2,raw,1040,27712
0,342,89371988,2,2160,325.43887600385085,2291.6923648082297,2,2,raw,1040,27712
0,343,89976051,2,2168,327.2722124233477,2304.2785318634005,2,2,raw,1040,27712
0,344,90063245,2,2176,327.53684696603875,2306.0952931121587,2,2,raw,1040,27712
0,345,90866878,2,2184,329.97588005829812,2322.8396710810925,2,2,raw,1040,27712
0,346,91265103,2,2192,331.18449637092459,2331.1370281043587,2,2,raw,1040,27712
0,347,94038639,2,2200,339.60220207312034,2388.9260127459111,2,2,raw,1040,27712
0,348,94910155,2,2208,342.247260656371,2407.0847908323926,2,2,raw,1040,27712
0,349,95759462,2,2216,344.82491473290537,2424.7808254895822,2,2,raw,1040,27712
0,350,96190325,2,2224,346.13258765727522,2433.7582230389967,2,2,raw,1040,27712
0,351,96272495,2,2232,346.38197431659728,2435.4703049690661,2,2,raw,1040,27712
0,352,97054380,2,2240,348.75500204111978,2451.7615448363185,2,2,raw,1040,27712
0,353,98458734,2,2248,353.01722855402653,2481.0224564442092,2,2,raw,1040,27712
0,354,99119240,2,2256,355.02186996576029,2494.7846614740529,2,2,raw,1040,27712
0,355,99833132,2,2264,357.18853834834198,2509.6592092800765,2,3,raw,1040,27712
0,356,100770870,2,2272,360.03458127324558,2529.1977791345148,2,3,raw,1040,27712
0,357,101284792,2,2280,361.59433897961173,2539.9057816861155,2,3,raw,1040,27712
0,358,101850730,2,2288,363.31196569499929,2551.697581897135,2,3,raw,1040,27712
0,359,102012518,2,2296,363.80299367161359,2555.0685726638631,2,3,raw,1040,27712
0,360,102992504,2,2304,366.77725964121771,2575.4874155788052,2,3,raw,1040,27712
0,361,103847675,2,2312,369.37271100837228,2593.3056316700695,2,3,raw,1040,27712
0,362,104720036,2,2320,372.02033417391732,2611.4820160511945,2,3,raw,1040,27712
0,363,105503567,2,2328,374.39835752264872,2627.8075517302627,2,3,raw,1040,27712
0,364,105566090,2,2336,374.58811536737056,2629.1102716829673,2,3,raw,1040,27712
0,365,105614763,2,2344,374.73583834253401,2630.1244150903212,2,3,raw,1040,27712
0,366,105672231,2,2352,374.91025421861923,2631.3218098129355,2,3,raw,1040,27712
0,367,106394629,2,2360,377.10273838462774,2646.3735873730925,2,3,raw,1040,27712
0,368,107283647,2,2368,379.80091568896228,2664.8970345351499,2,3,raw,1040,27712
0,369,107883496,2,2376,381.62146258208219,2677.3953993114678,2,3,raw,1040,27712
0,370,109613468,2,2384,386.87194253584477,2713.4408392618834,3,3,raw,1040,27712
0,371,109987359,2,2392,388.0067049484112,2721.2311766711023,3,3,raw,1040,27712
0,372,109990570,2,2400,388.01645036112967,2721.2980805907496,3,3,raw,1040,27712
0,373,111819793,2,2408,393.56815795666387,2759.4114996532653,3,3,raw,1040,27712
0,374,112101751,2,2416,394.42390292063038,2765.2863347127577,3,3,raw,1040,27712
0,375,112762043,2,2424,396.42789484051684,2779.0440808703484,3,3,raw,1040,27712
0,376,113564596,2,2432,398.86365012345323,2795.7659561195001,3,3,raw,1040,27712
0,377,113832593,2,2440,399.67702333190317,2801.3499018541083,3,3,raw,1040,27712
0,378,114399115,2,2448,401.39642249233202,2813.1538702024914,3,3,raw,1040,27712
0,379,115903245,2,2456,405.96147002654237,2844.4936997445989,3,3,raw,1040,27712
0,380,115919255,2,2464,406.01006051474667,2844.8272817295128,3,3,raw,1040,27712
0,381,116200927,2,2472,406.86493746624427,2850.6961577354332,3,3,raw,1040,27712
0,382,116283968,2,2480,407.11696761808508,2852.4263876922892,3,3,raw,1040,27712
0,383,116418500,2,2488,407.52527339941543,2855.2294764864487,3,3,raw,1040,27712
0,384,117150472,3,2512,409.74681473807033,2870.4807364903013,3,3,for,416,27712
0,385,117919184,3,2515.125,412.07986229387865,2886.4975056837707,3,3,for,416,27712
0,386,118344257,3,2518.25,413.36996251826707,2895.3542636521324,3,3,for,416,27712
0,387,119309010,3,2521.375,416.29799620137425,2915.455714038892,3,4,for,416,27712
0,388,120087130,3,2524.5,418.65959711839588,2931.6685069246823,3,4,for,416,27712
0,389,120990170,3,2527.625,421.40033131377351,2950.4841143985741,3,4,for,416,27712
0,390,121070594,3,2530.75,421.64441884802341,2952.1598169316626,3,4,for,416,27712
0,391,122009893,3,2533.875,424.49519942140222,2971.7309115505268,3,4,for,416,27712
0,392,122477744,3,2537,425.91513124506628,2981.4789855807662,3,4,for,416,27712
0,393,122494289,3,2540.125,425.96534546288888,2981.8237147463133,3,4,for,416,27712
0,394,123455372,3,2543.25,428.8822406643153,3001.8486975575179,3,4,for,416,27712
0,395,123764641,3,2546.375,429.82087474904051,3008.2925805614191,3,4,for,416,27712
0,396,124062879,3,2549.5,430.72602965354196,3014.5066232857707,3,4,for,416,27712
0,397,124719829,3,2552.625,432.71987857457901,3028.1947360271474,3,4,for,416,27712
0,398,125833499,3,2555.75,436.09987663819322,3051.3989989340498,3,4,for,416,27712
0,399,126315188,3,2558.875,437.56180691131203,3061.4353994794201,3,4,for,416,27712
0,400,126516250,3,2562,438.17203181695413,3065.6246974838446,3,4,for,416,27712
0,401,126516254,3,2565.125,438.17204395698866,3065.6247808272515,3,4,for,416,27712
0,402,126516256,3,2568.25,438.17205002700592,3065.6248224989549,3,4,for,416,27712
0,403,126516257,3,2571.375,438.17205306201458,3065.6248433348064,3,4,for,416,27712
0,404,126516258,3,2574.5,438.17205609702319,3065.6248641706579,3,4,for,416,27712
0,405,126516261,3,2577.625,438.17206520204911,3065.6249266782129,3,4,for,416,27712
0,406,126516266,3,2580.75,438.17208037709224,3065.6250308574713,3,4,for,416,27712
0,407,126516271,3,2583.875,438.17209555213543,3065.6251350367293,3,4,for,416,27712
0,408,126516272,3,2587,438.17209858714403,3065.6251558725812,3,4,for,416,27712
0,409,126516276,3,2590.125,438.17211072717862,3065.6252392159881,3,4,for,416,27712
0,410,126516277,3,2593.25,438.17211376218722,3065.6252600518392,3,4,for,416,27712
0,411,126516279,3,2596.375,438.17211983220449,3065.6253017235426,3,4,for,416,27712
0,412,126516281,3,2599.5,438.17212590222175,3065.6253433952461,3,4,for,416,27712
0,413,126516284,3,2602.625,438.17213500724768,3065.625405902801,3,4,for,416,27712
0,414,126516286,3,2605.75,438.17214107726494,3065.6254475745045,3,4,for,416,27712
0,415,126516293,3,2608.875,438.17216232232533,3065.6255934254659,3,4,for,416,27712
0,416,126516295,3,2612,438.1721683923426,3065.6256350971689,3,4,for,416,27712
0,417,126516297,3,2615.125,438.17217446235992,3065.6256767688724,3,4,for,416,27712
0,418,126516299,3,2618.25,438.17218053237713,3065.6257184405758,3,4,for,416,27712
0,419,126516301,3,2621.375,438.17218660239439,3065.6257601122788,3,4,for,416,27712
0,420,126516303,3,2624.5,438.17219267241165,3065.6258017839823,3,4,for,416,27712
0,421,126516304,3,2627.625,438.17219570742031,3065.6258226198338,3,4,for,416,27712
0,422,126516309,3,2630.75,438.17221088246345,3065.6259267990922,3,4,for,416,27712
0,423,126516311,3,2633.875,438.17221695248071,3065.6259684707952,3,4,for,416,27712
0,424,126516314,3,2637,438.17222605750663,3065.6260309783506,3,4,for,416,27712
0,425,126516316,3,2640.125,438.17223212752384,3065.6260726500536,3,4,for,416,27712
0,426,126516318,3,2643.25,438.17223819754116,3065.6261143217571,3,4,for,416,27712
0,427,126516320,3,2646.375,438.17224426755843,3065.6261559934605,3,4,for,416,27712
0,428,126516326,3,2649.5,438.17226247761022,3065.6262810085705,3,4,for,416,27712
0,429,126516329,3,2652.625,438.17227158263614,3065.6263435161254,3,4,for,416,27712
0,430,126516330,3,2655.75,438.17227461764475,3065.6263643519769,3,4,for,416,27712
0,431,126516334,3,2658.875,438.17228675767927,3065.6264476953838,3,4,for,416,27712
0,432,126516336,3,2662,438.17229282769654,3065.6264893670868,3,4,for,416,27712
0,433,126516338,3,2665.125,438.1722988977138,3065.6265310387898,3,4,for,416,27712
0,434,126516341,3,2668.25,438.17230800273967,3065.6265935463452,3,4,for,416,27712
0,435,126516345,3,2671.375,438.17232014277425,3065.6266768897517,3,4,for,416,27712
0,436,126516348,3,2674.5,438.17232924780012,3065.6267393973062,3,4,for,416,27712
0,437,126516351,3,2677.625,438.17233835282599,3065.6268019048616,3,4,for,416,27712
0,438,126516354,3,2680.75,438.17234745785191,3065.6268644124166,3,4,for,416,27712
0,439,126516355,3,2683.875,438.17235049286057,3065.6268852482681,3,4,for,416,27712
0,440,126516361,3,2687,438.17236870291237,3065.6270102633785,3,4,for,416,27712
0,441,126516365,3,2690.125,438.17238084294689,3065.6270936067845,3,4,for,416,27712
0,442,126516371,3,2693.25,438.17239905299868,3065.6272186218948,3,4,for,416,27712
0,443,126516373,3,2696.375,438.17240512301595,3065.6272602935978,3,4,for,416,27712
0,444,126516374,3,2699.5,438.17240815802461,3065.6272811294498,3,4,for,416,27712
0,445,126516377,3,2702.625,438.17241726305042,3065.6273436370043,3,4,for,416,27712
0,446,126516380,3,2705.75,438.17242636807634,3065.6274061445592,3,4,for,416,27712
0,447,126516381,3,2708.875,438.172429403085,3065.6274269804112,3,4,for,416,27712
0,448,126516384,3,2712,438.17243850811087,3065.6274894879662,3,4,for,416,27712
0,449,126516389,3,2715.125,438.17245368315406,3065.6275936672241,3,4,for,416,27712
0,450,126516390,3,2718.25,438.17245671816272,3065.6276145030761,3,4,for,416,27712
0,451,126516391,3,2721.375,438.17245975317132,3065.6276353389276,3,4,for,416,27712
0,452,126516392,3,2724.5,438.17246278817998,3065.6276561747791,3,4,for,416,27712
0,453,126516393,3,2727.625,438.17246582318853,3065.6276770106306,3,4,for,416,27712
0,454,126516394,3,2730.75,438.17246885819719,3065.6276978464825,3,4,for,416,27712
0,455,126516395,3,2733.875,438.17247189320585,3065.6277186823345,3,4,for,416,27712
0,456,126516399,3,2737,438.17248403324038,3065.6278020257405,3,4,for,416,27712
0,457,126516400,3,2740.125,438.17248706824904,3065.6278228615924,3,4,for,416,27712
0,458,126516404,3,2743.25,438.17249920828351,3065.6279062049989,3,4,for,416,27712
0,459,126516406,3,2746.375,438.17250527830083,3065.6279478767024,3,4,for,416,27712
0,460,126516408,3,2749.5,438.1725113483181,3065.6279895484058,3,4,for,416,27712
0,461,126516411,3,2752.625,438.17252045334396,3065.6280520559608,3,4,for,416,27712
0,462,126516413,3,2755.75,438.17252652336123,3065.6280937276638,3,4,for,416,27712
0,463,126516420,3,2758.875,438.17254776842162,3065.6282395786252,3,4,for,416,27712
0,464,126516421,3,2762,438.17255080343028,3065.6282604144772,3,4,for,416,27712
0,465,126516423,3,2765.125,438.17255687344755,3065.6283020861802,3,4,for,416,27712
0,466,126516424,3,2768.25,438.17255990845621,3065.6283229220321,3,4,for,416,27712
0,467,126516425,3,2771.375,438.17256294346481,3065.6283437578836,3,4,for,416,27712
0,468,126516429,3,2774.5,438.17257508349934,3065.6284271012901,3,4,for,416,27712
0,469,126516431,3,2777.625,438.1725811535166,3065.6284687729935,3,4,for,416,27712
0,470,126516433,3,2780.75,438.17258722353387,3065.6285104446965,3,4,for,416,27712
0,471,126516435,3,2783.875,438.17259329355119,3065.6285521164004,3,4,for,416,27712
0,472,126516441,3,2787,438.17261150360292,3065.6286771315099,3,4,for,416,27712
0,473,126516444,3,2790.125,438.17262060862885,3065.6287396390649,3,4,for,416,27712
0,474,126516445,3,2793.25,438.17262364363745,3065.6287604749168,3,4,for,416,27712
0,475,126516450,3,2796.375,438.17263881868064,3065.6288646541748,3,4,for,416,27712
0,476,126516453,3,2799.5,438.17264792370656,3065.6289271617297,3,4,for,416,27712
0,477,126516455,3,2802.625,438.17265399372377,3065.6289688334332,3,4,for,416,27712
0,478,126516456,3,2805.75,438.17265702873243,3065.6289896692847,3,4,for,416,27712
0,479,126516462,3,2808.875,438.17267523878417,3065.6291146843946,3,4,for,416,27712
0,480,126516463,3,2812,438.17267827379283,3065.6291355202461,3,4,for,416,27712
0,481,126516464,3,2815.125,438.17268130880149,3065.6291563560981,3,4,for,416,27712
0,482,126516467,3,2818.25,438.17269041382735,3065.6292188636526,3,4,for,416,27712
0,483,126516470,3,2821.375,438.17269951885328,3065.6292813712075,3,4,for,416,27712
0,484,126516473,3,2824.5,438.17270862387915,3065.6293438787629,3,4,for,416,27712
0,485,126516476,3,2827.625,438.17271772890507,3065.6294063863179,3,4,for,416,27712
0,486,126516478,3,2830.75,438.17272379892233,3065.6294480580209,3,4,for,416,27712
0,487,126516480,3,2833.875,438.1727298689396,3065.6294897297244,3,4,for,416,27712
0,488,126516481,3,2837,438.1727329039482,3065.6295105655759,3,4,for,416,27712
0,489,126516482,3,2840.125,438.17273593895686,3065.6295314014278,3,4,for,416,27712
0,490,126516485,3,2843.25,438.17274504398279,3065.6295939089828,3,4,for,416,27712
0,491,126516488,3,2846.375,438.17275414900865,3065.6296564165377,3,4,for,416,27712
0,492,126516489,3,2849.5,438.17275718401726,3065.6296772523892,3,4,for,416,27712
0,493,126516498,3,2852.625,438.17278449909497,3065.6298647750541,3,4,for,416,27712
0,494,126516500,3,2855.75,438.17279056911224,3065.6299064467576,3,4,for,416,27712
0,495,126516502,3,2858.875,438.1727966391295,3065.6299481184606,3,4,for,416,27712
0,496,126516503,3,2862,438.17279967413816,3065.6299689543125,3,4,for,416,27712
0,497,126805220,3,2865.125,439.04905826145085,3071.6456335351058,3,4,for,416,27712
0,498,127962249,3,2868.25,442.56065126435607,3095.7533181336939,3,4,for,416,27712
0,499,128866919,3,2871.375,445.30633252380437,3114.6028880457748,3,4,for,416,27712
0,500,129000872,3,2874.5,445.7128810351366,3117.3939128818292,3,4,for,416,27712
0,501,129372385,3,2877.625,446.84042619717519,3125.1347026358244,3,4,for,416,27712
0,502,129451831,3,2880.75,447.08154549298263,3126.7900277059989,3,4,for,416,27712
0,503,130297387,3,2883.875,449.64781525213698,3144.4079070836501,3,4,for,416,27712
0,504,131019941,3,2887,451.84077287949214,3159.4629350366645,3,4,for,416,27712
0,505,131928118,3,2890.125,454.59709791421426,3178.3855762804815,3,4,for,416,27712
0,506,132821994,3,2893.25,457.31001929048483,3197.010244009854,3,4,for,416,27712
0,507,133238799,3,2896.375,458.57502606350084,3205.6947311567747,3,4,for,416,27712
0,508,133407113,3,2899.5,459.08586050644993,3209.2016966913693,3,4,for,416,27712
0,509,134461409,3,2902.625,462.28565796752565,3231.1688517424122,3,4,for,416,27712
0,510,135261546,3,2905.75,464.71408066960623,3247.8403875739787,3,4,for,416,27712
0,511,135324810,3,2908.875,464.90608745572467,3249.1585468927556,3,4,for,416,27712
0,512,136016307,4,2928,467.0047868199843,3263.5664758010803,3,4,raw,1040,27712
0,513,136041108,4,2936,467.08005806907573,3264.0832257578481,3,4,raw,1040,27712
0,514,136668552,4,2944,468.98435602540604,3277.1565558604448,3,4,raw,1040,27712
0,515,137476785,4,2952,471.43735015737428,3293.9967787469677,3,4,raw,1040,27712
0,516,139130618,4,2960,476.45674758887674,3328.4557977886143,3,4,raw,1040,27712
0,517,140717556,4,2968,481.27311811791657,3361.5210025341435,3,4,raw,1040,27712
0,518,141600728,4,2976,483.95355276178617,3379.9226433074555,3,4,raw,1040,27712
0,519,142686136,4,2984,487.24777541143226,3402.5380433750292,3,4,raw,1040,27712
0,520,143492445,4,2992,489.69493018679191,3419.3381780829782,3,4,raw,1040,27712
0,521,143692117,4,3000,490.30093643043494,3423.4985142536088,3,4,raw,1040,27712
0,522,143826078,4,3008,490.70750922183612,3426.2897057764762,3,4,raw,1040,27712
0,523,144048741,4,3016,491.3832933489461,3430.9290790123896,3,4,raw,1040,27712
0,524,144795958,4,3024,493.65110339420153,3446.4979815746447,3,4,raw,1040,27712
0,525,145511099,4,3032,495.82156250256497,3461.3985533593786,3,4,raw,1040,27712
0,526,146121260,4,3040,497.67340640470201,3474.1117774379104,3,4,raw,1040,27712
0,527,146159754,4,3048,497.79023602699652,3474.9138327113201,3,4,raw,1040,27712
0,528,147164316,4,3056,500.83909036874985,3495.8447375164092,3,4,raw,1040,27712
0,529,148130282,4,3064,503.77080551732814,3515.97146179122,3,4,raw,1040,27712
0,530,149883373,4,3072,509.0914518356625,3552.4986057959286,3,4,raw,1040,27712
0,531,151164567,4,3080,512.97988668540631,3579.193373914622,4,4,raw,1040,27712
0,532,151876369,4,3088,515.14021189994628,3594.0243747906975,4,4,raw,1040,27712
0,533,152085306,4,3096,515.77433749856823,3598.3777551268645,4,4,raw,1040,27712
0,534,152334735,4,3104,516.53135666673234,3603.5748207680381,4,4,raw,1040,27712
0,535,154454594,4,3112,522.96514703114462,3647.7438884106632,4,4,raw,1040,27712
0,536,155107033,4,3120,524.94530502824114,3661.338010625248,4,4,raw,1040,27712
0,537,155905878,4,3128,527.3698064991687,3677.9826265364823,4,4,raw,1040,27712
0,538,156499085,4,3136,529.17019486495235,3690.3425995861417,4,4,raw,1040,27712
0,539,156844296,4,3144,530.21791322994238,3697.5353647700426,4,4,raw,1040,27712
0,540,157278794,4,3152,531.53661841069083,3706.5885006402041,4,4,raw,1040,27712
0,541,157764221,4,3160,533.00989354607759,3716.7027855990423,4,4,raw,1040,27712
0,542,158732527,4,3168,535.94871061485549,3736.8782657667134,4,4,raw,1040,27712
0,543,159711109,4,3176,538.91871543233981,3757.2678551459389,4,4,raw,1040,27712
0,544,160318106,4,3184,540.76095656716404,3769.9151545898503,4,4,raw,1040,27712
0,545,160560519,4,3192,541.4966821147633,3774.9660358958486,4,4,raw,1040,27712
0,546,161288122,4,3200,543.70496350070346,3790.1262640638433,4,4,raw,1040,27712
0,547,161564997,4,3208,544.54528151579154,3795.8951904893988,4,4,raw,1040,27712
0,548,162133385,4,3216,546.27034400232844,3807.7380385369606,4,4,raw,1040,27712
0,549,163352979,4,3224,549.97182232031798,3833.1493181940227,4,4,raw,1040,27712
0,550,163776154,4,3232,551.25616209832219,3841.9665297159531,4,4,raw,1040,27712
0,551,163840207,4,3240,551.45056350625157,3843.3011285216817,4,4,raw,1040,27712
0,552,164007481,4,3248,551.95824154022307,3846.7864247705606,4,4,raw,1040,27712
0,553,164100739,4,3256,552.24128037526089,3848.7295346237238,4,4,raw,1040,27712
0,554,164262080,4,3264,552.73095170301644,3852.091211764764,4,4,raw,1040,27712
0,555,164718267,4,3272,554.1154831859925,3861.5962564213596,4,4,raw,1040,27712
0,556,165466993,4,3280,556.38787305927417,3877.1966002837544,4,4,raw,1040,27712
0,557,167892554,4,3288,563.74947163262004,3927.7352294474458,4,4,raw,1040,27712
0,558,168352005,4,3296,565.14390938377232,3937.3082823238269,4,4,raw,1040,27712
0,559,168389838,4,3304,565.2587328653608,3938.0965650992962,4,4,raw,1040,27712
0,560,168563514,4,3312,565.78584102459672,3941.7152524704375,4,4,raw,1040,27712
0,561,168900276,4,3320,566.80791660165164,3948.7319755437484,4,4,raw,1040,27712
0,562,169814234,4,3328,569.58178702127759,3967.7750688459537,4,5,raw,1040,27712
0,563,170620187,4,3336,572.02786133356403,3984.5677859907146,4,5,raw,1040,27712
0,564,171198101,4,3344,573.78183531233287,3996.6091163610931,4,5,raw,1040,27712
0,565,171493443,4,3352,574.67820083183506,4002.7628184590667,4,5,raw,1040,27712
0,566,173100006,4,3360,579.55413340528514,4036.2369267932245,4,5,raw,1040,27712
0,567,173215832,4,3368,579.90566631513832,4038.6502601464213,4,5,raw,1040,27712
0,568,173595847,4,3376,581.05901512056937,4046.5681963111433,4,5,raw,1040,27712
0,569,173608055,4,3384,581.09606650595333,4046.8225603880851,4,5,raw,1040,27712
0,570,174248148,4,3392,583.0387542864745,4060.1594431782005,4,5,raw,1040,27712
0,571,175322404,4,3400,586.2991305198525,4082.5424818281754,4,5,raw,1040,27712
0,572,175555788,4,3408,587.0074529745101,4087.4052362296266,4,5,raw,1040,27712
0,573,175996567,4,3416,588.34522104447854,4096.5892420840009,4,5,raw,1040,27712
0,574,177498970,4,3424,592.90502711878071,4127.8930881103088,4,5,raw,1040,27712
0,575,178244226,4,3432,595.16688551210802,4143.4211315674784,4,5,raw,1040,27712
0,576,179240144,4,3440,598.1895052392432,4164.1719312709056,4,5,raw,1040,27712
0,577,179923134,4,3448,600.26238578506718,4178.402609589245,4,5,raw,1040,27712
0,578,181230044,4,3456,604.22886891680116,4205.6331924689675,4,5,raw,1040,27712
0,579,181676906,4,3464,605.58509894428039,4214.9439428089281,4,5,raw,1040,27712
0,580,183044151,4,3472,609.73469932184844,4243.431656797944,4,5,raw,1040,27712
0,581,184717737,4,3480,614.81404727886604,4278.30224641723,4,5,raw,1040,27712
0,582,185660956,4,3488,617.67672508608371,4297.9550175745617,4,5,raw,1040,27712
0,583,185855587,4,3496,618.26743185121097,4302.0103202170258,4,5,raw,1040,27712
0,584,185855590,4,3504,618.2674409562369,4302.0103827245812,4,5,raw,1040,27712
0,585,185855594,4,3512,618.26745309627142,4302.0104660679872,4,5,raw,1040,27712
0,586,185855599,4,3520,618.26746827131456,4302.0105702472456,4,5,raw,1040,27712
0,587,185855605,4,3528,618.26748648136629,4302.0106952623555,4,5,raw,1040,27712
0,588,185855607,4,3536,618.26749255138361,4302.0107369340585,4,5,raw,1040,27712
0,589,185855608,4,3544,618.26749558639222,4302.01075776991,4,5,raw,1040,27712
0,590,185855609,4,3552,618.26749862140082,4302.0107786057615,4,5,raw,1040,27712
0,591,185855619,4,3560,618.2675289714872,4302.0109869642793,4,5,raw,1040,27712
0,592,185855624,4,3568,618.26754414653033,4302.0110911435368,4,5,raw,1040,27712
0,593,185855629,4,3576,618.26755932157357,4302.0111953227952,4,5,raw,1040,27712
0,594,185855632,4,3584,618.2675684265995,4302.0112578303506,4,5,raw,1040,27712
0,595,185855634,4,3592,618.2675744966167,4302.0112995020527,4,5,raw,1040,27712
0,596,185855636,4,3600,618.26758056663391,4302.0113411737566,4,5,raw,1040,27712
0,597,185855638,4,3608,618.26758663665123,4302.0113828454605,4,5,raw,1040,27712
0,598,185855639,4,3616,618.26758967165983,4302.011403681312,4,5,raw,1040,27712
0,599,185855642,4,3624,618.26759877668576,4302.0114661888665,4,5,raw,1040,27712
0,600,185855646,4,3632,618.26761091672029,4302.0115495322734,4,5,raw,1040,27712
0,601,185855647,4,3640,618.26761395172889,4302.011570368124,4,5,raw,1040,27712
0,602,185855653,4,3648,618.26763216178063,4302.0116953832348,4,5,raw,1040,27712
0,603,185855659,4,3656,618.26765037183247,4302.0118203983448,4,5,raw,1040,27712
0,604,185855661,4,3664,618.26765644184979,4302.0118620700478,4,5,raw,1040,27712
0,605,185855667,4,3672,618.26767465190164,4302.0119870851577,4,5,raw,1040,27712
0,606,185855672,4,3680,618.26768982694466,4302.0120912644161,4,5,raw,1040,27712
0,607,185855675,4,3688,618.26769893197059,4302.0121537719706,4,5,raw,1040,27712
0,608,185855677,4,3696,618.26770500198791,4302.0121954436745,4,5,raw,1040,27712
0,609,185855678,4,3704,618.26770803699651,4302.012216279526,4,5,raw,1040,27712
0,610,185855680,4,3712,618.26771410701383,4302.0122579512299,4,5,raw,1040,27712
0,611,185855682,4,3720,618.26772017703104,4302.012299622932,4,5,raw,1040,27712
0,612,185855683,4,3728,618.26772321203975,4302.0123204587844,4,5,raw,1040,27712
0,613,185855685,4,3736,618.26772928205696,4302.0123621304874,4,5,raw,1040,27712
0,614,185855688,4,3744,618.26773838708277,4302.0124246380419,4,5,raw,1040,27712
0,615,185855690,4,3752,618.26774445710009,4302.0124663097458,4,5,raw,1040,27712
0,616,185855692,4,3760,618.2677505271173,4302.0125079814488,4,5,raw,1040,27712
0,617,185855698,4,3768,618.26776873716915,4302.0126329965588,4,5,raw,1040,27712
0,618,185855700,4,3776,618.26777480718647,4302.0126746682627,4,5,raw,1040,27712
0,619,185855701,4,3784,618.26777784219507,4302.0126955041133,4,5,raw,1040,27712
0,620,185855702,4,3792,618.26778087720368,4302.0127163399648,4,5,raw,1040,27712
0,621,185855704,4,3800,618.267786947221,4302.0127580116687,4,5,raw,1040,27712
0,622,185855707,4,3808,618.26779605224681,4302.0128205192241,4,5,raw,1040,27712
0,623,185855710,4,3816,618.26780515727273,4302.0128830267786,4,5,raw,1040,27712
0,624,185855718,4,3824,618.26782943734179,4302.0130497135915,4,5,raw,1040,27712
0,625,185855722,4,3832,618.26784157737632,4302.0131330569984,4,5,raw,1040,27712
0,626,185855730,4,3840,618.26786585744537,4302.0132997438113,4,5,raw,1040,27712
0,627,185855733,4,3848,618.2678749624713,4302.0133622513667,4,5,raw,1040,27712
0,628,185855736,4,3856,618.26788406749722,4302.0134247589212,4,5,raw,1040,27712
0,629,185855739,4,3864,618.26789317252303,4302.0134872664767,4,5,raw,1040,27712
0,630,185855742,4,3872,618.26790227754896,4302.0135497740312,4,5,raw,1040,27712
0,631,185855744,4,3880,618.26790834756628,4302.0135914457351,4,5,raw,1040,27712
0,632,185855749,4,3888,618.26792352260941,4302.0136956249926,4,5,raw,1040,27712
0,633,185855751,4,3896,618.26792959262673,4302.0137372966965,4,5,raw,1040,27712
0,634,185855753,4,3904,618.26793566264394,4302.0137789683995,4,5,raw,1040,27712
0,635,185855754,4,3912,618.26793869765265,4302.0137998042519,4,5,raw,1040,27712
0,636,185855756,4,3920,618.26794476766986,4302.013841475954,4,5,raw,1040,27712
0,637,185855759,4,3928,618.26795387269567,4302.0139039835094,4,5,raw,1040,27712
0,638,185855761,4,3936,618.26795994271299,4302.0139456552133,4,5,raw,1040,27712
0,639,185855764,4,3944,618.26796904773892,4302.0140081627678,4,5,raw,1040,27712
0,640,185855765,5,3968,618.26797208274752,4302.0140289986193,4,5,raw,1040,27712
0,641,185855766,5,3976,618.26797511775612,4302.0140498344708,4,5,raw,1040,27712
0,642,185855768,5,3984,618.26798118777344,4302.0140915061747,4,5,raw,1040,27712
0,643,185855774,5,3992,618.26799939782518,4302.0142165212847,4,5,raw,1040,27712
0,644,185855775,5,4000,618.26800243283378,4302.0142373571362,4,5,raw,1040,27712
0,645,185855779,5,4008,618.26801457286831,4302.0143207005422,4,5,raw,1040,27712
0,646,185855781,5,4016,618.26802064288563,4302.0143623722461,4,5,raw,1040,27712
0,647,185855784,5,4024,618.26802974791156,4302.0144248798006,4,5,raw,1040,27712
0,648,185855786,5,4032,618.26803581792888,4302.0144665515045,4,5,raw,1040,27712
0,649,185855789,5,4040,618.2680449229548,4302.014529059059,4,5,raw,1040,27712
0,650,185855791,5,4048,618.26805099297189,4302.014570730762,4,5,raw,1040,27712
0,651,185855797,5,4056,618.26806920302374,4302.0146957458719,4,5,raw,1040,27712
0,652,185855798,5,4064,618.26807223803235,4302.0147165817234,4,5,raw,1040,27712
0,653,185855801,5,4072,618.26808134305827,4302.0147790892788,4,5,raw,1040,27712
0,654,185855802,5,4080,618.26808437806699,4302.0147999251303,4,5,raw,1040,27712
0,655,185855804,5,4088,618.26809044808419,4302.0148415968333,4,5,raw,1040,27712
0,656,185855807,5,4096,618.26809955311012,4302.0149041043887,4,5,raw,1040,27712
0,657,185855809,5,4104,618.26810562312733,4302.0149457760917,4,5,raw,1040,27712
0,658,185855812,5,4112,618.26811472815325,4302.0150082836471,4,5,raw,1040,27712
0,659,185855815,5,4120,618.26812383317917,4302.0150707912026,4,5,raw,1040,27712
0,660,185855816,5,4128,618.26812686818778,4302.0150916270532,4,5,raw,1040,27712
0,661,185855819,5,4136,618.2681359732137,4302.0151541346086,4,5,raw,1040,27712
0,662,185855821,5,4144,618.26814204323091,4302.0151958063116,4,5,raw,1040,27712
0,663,185855822,5,4152,618.26814507823963,4302.015216642164,4,5,raw,1040,27712
0,664,185855824,5,4160,618.26815114825683,4302.0152583138661,4,5,raw,1040,27712
0,665,185855826,5,4168,618.26815721827404,4302.01529998557,4,5,raw,1040,27712
0,666,185855827,5,4176,618.26816025328264,4302.0153208214215,4,5,raw,1040,27712
0,667,185855829,5,4184,618.26816632329997,4302.0153624931254,4,5,raw,1040,27712
0,668,185855831,5,4192,618.26817239331729,4302.0154041648284,4,5,raw,1040,27712
0,669,185855836,5,4200,618.26818756836042,4302.0155083440868,4,5,raw,1040,27712
0,670,185855841,5,4208,618.26820274340366,4302.0156125233452,4,5,raw,1040,27712
0,671,185855842,5,4216,618.26820577841227,4302.0156333591967,4,5,raw,1040,27712
0,672,185922843,5,4224,618.47155439178982,4303.4116562555892,4,5,raw,1040,27712
0,673,186083083,5,4232,618.95788417504116,4306.7503931239626,4,5,raw,1040,27712
0,674,187004806,5,4240,621.75532143669739,4325.9552768142285,4,5,raw,1040,27712
0,675,187742650,5,4248,623.99468434604159,4341.3288849389701,4,5,raw,1040,27712
0,676,188211565,5,4256,625.41784541889047,4351.0991283153644,4,5,raw,1040,27712
0,677,188349722,5,4264,625.83715310651314,4353.9777470717554,4,5,raw,1040,27712
0,678,188698524,5,4272,626.89577018750197,4361.24533379893,4,5,raw,1040,27712
0,679,189623507,5,4280,629.70310157729966,4380.518142365574,4,5,raw,1040,27712
0,680,190323152,5,4288,631.82653019189593,4395.0958417931424,4,5,raw,1040,27712
0,681,191521002,5,4296,635.4620152821833,4420.0540666919305,4,5,raw,1040,27712
0,682,192428868,5,4304,638.21739642922068,4438.9702279858839,4,5,raw,1040,27712
0,683,193574939,5,4312,641.6957318075323,4462.8495933220929,5,5,raw,1040,27712
0,684,194127697,5,4320,643.37335710914522,4474.3667770083675,5,5,raw,1040,27712
0,685,194730770,5,4328,645.20368887009602,4486.9323165704045,5,5,raw,1040,27712
0,686,195352647,5,4336,647.09109093336997,4499.8896534868663,5,5,raw,1040,27712
0,687,195715980,5,4344,648.19380972479564,4507.4600059743652,5,5,raw,1040,27712
0,688,195981038,5,4352,648.99826304287501,4512.9827151409745,5,5,raw,1040,27712
0,689,196289507,5,4360,649.9344691206943,4519.4099294635562,5,5,raw,1040,27712
0,690,196391987,5,4368,650.24549680533983,4521.5451875406343,5,5,raw,1040,27712
0,691,199697215,5,4376,660.27689231729892,4590.412427817605,5,5,raw,1040,27712
0,692,203031386,5,4384,670.3961300841047,4659.8827201488775,5,5,raw,1040,27712
0,693,203811840,5,4392,672.76481471127443,4676.1441439124201,5,5,raw,1040,27712
0,694,204732698,5,4400,675.55962669046346,4695.3310045910075,5,5,raw,1040,27712
0,695,205140759,5,4408,676.79809534799801,4703.8333030511021,5,5,raw,1040,27712
0,696,205352482,5,4416,677.44067648066982,4708.2447320699666,5,5,raw,1040,27712
0,697,205713070,5,4424,678.53506417339975,4715.7578901446868,5,5,raw,1040,27712
0,698,206999381,5,4432,682.43902916231536,4742.5592753162728,5,5,raw,1040,27712
0,699,207701338,5,4440,684.56947471686965,4757.1851472328553,5,5,raw,1040,27712
0,700,208799409,5,4448,687.90212968082756,4780.0643916898716,5,5,raw,1040,27712
0,701,209422483,5,4456,689.79316464943429,4793.0466691207566,5,5,raw,1040,27712
0,702,209954256,5,4464,691.40710029489685,4804.1266124601598,5,5,raw,1040,27712
0,703,210429846,5,4472,692.85052005036687,4814.0359351463176,5,5,raw,1040,27712
0,704,210852976,5,4480,694.13472325298267,4822.8522090549241,5,5,raw,1040,27712
0,705,210941300,5,4488,694.40278735542836,4824.6925148160462,5,5,raw,1040,27712
0,706,211877277,5,4496,697.24348563013029,4844.1943927357288,5,5,raw,1040,27712
0,707,212258775,5,4504,698.40133535336315,4852.1432284684479,5,5,raw,1040,27712
0,708,212818470,5,4512,700.10001450985874,4863.8049504576175,5,5,raw,1040,27712
0,709,213455075,5,4520,702.03211618027035,4877.0691577971784,5,5,raw,1040,27712
0,710,214294514,5,4528,704.57982079162036,4894.5595842702869,5,5,raw,1040,27712
0,711,214364665,5,4536,704.79272968218993,4896.0212400993769,5,5,raw,1040,27712
0,712,215860588,5,4544,709.33286890055444,4927.190069806994,5,5,raw,1040,27712
0,713,216310574,5,4552,710.69858029500119,4936.5659113475085,5,5,raw,1040,27712
0,714,216365324,5,4560,710.86474701762347,4937.7066742253382,5,5,raw,1040,27712
0,715,217224414,5,4568,713.47209258360829,4955.6065460192185,5,5,raw,1040,27712
0,716,219116970,5,4576,719.21601638085656,4995.0395620742747,5,6,raw,1040,27712
0,717,219692150,5,4584,720.96169264602463,5007.0239272262434,5,6,raw,1040,27712
0,718,221191502,5,4592,725.51223890898939,5038.2642030691668,5,6,raw,1040,27712
0,719,222577427,5,4600,729.71853324781011,5067.1411307670023,5,6,raw,1040,27712
0,720,223488618,5,4608,732.48400579855024,5086.1265712676923,5,6,raw,1040,27712
0,721,224123422,5,4616,734.4106414184148,5099.3532532384315,5,6,raw,1040,27712
0,722,224487156,5,4624,735.5145772483022,5106.9319609024424,5,6,raw,1040,27712
0,723,226601455,5,4632,741.93149296471859,5150.9851812098941,5,6,raw,1040,27712
0,724,227412634,5,4640,744.3934282321178,5167.8867865153779,5,6,raw,1040,27712
0,725,227456741,5,4648,744.5272933578658,5168.8057934240987,5,6,raw,1040,27712
0,726,227930414,5,4656,745.96489500178757,5178.6751737826435,5,6,raw,1040,27712
0,727,228340282,5,4664,747.20884791992091,5187.2151226266697,5,6,raw,1040,27712
0,728,228408846,5,4672,747.41694025179083,5188.643711959191,5,6,raw,1040,27712
0,729,233114147,5,4680,761.69756940470143,5286.6826655631385,5,6,raw,1040,27712
0,730,233115505,5,4688,761.70169094642426,5286.7109606496797,5,6,raw,1040,27712
0,731,233389016,5,4696,762.53179919247304,5292.409795270285,5,6,raw,1040,27712
0,732,234311491,5,4704,765.33151878062074,5311.6303475209916,5,6,raw,1040,27712
0,733,234710179,5,4712,766.54154030224402,5319.9373515435718,5,6,raw,1040,27712
0,734,235233129,5,4720,768.12869806654317,5330.8334601638671,6,6,raw,1040,27712
0,735,236646324,5,4728,772.41775709076887,5360.278581536194,6,6,raw,1040,27712
0,736,237438531,5,4736,774.82211217439465,5376.7848890641772,6,6,raw,1040,27712
0,737,238421105,5,4744,777.80423274633938,5397.2576551631882,6,6,raw,1040,27712
0,738,238507552,5,4752,778.0666001375821,5399.0588520307647,6,6,raw,1040,27712
0,739,239216401,5,4760,780.21796297163064,5413.8283246369174,6,6,raw,1040,27712
0,740,239307189,5,4768,780.49350533534641,5415.7199699365046,6,6,raw,1040,27712
0,741,239794198,5,4776,781.97158185438946,5425.8672172126526,6,6,raw,1040,27712
0,742,240862321,5,4784,785.21334437982512,5448.1224695844585,6,6,raw,1040,27712
0,743,241095488,5,4792,785.92100823760939,5452.9807026061017,6,6,raw,1040,27712
0,744,242597367,5,4800,790.47922396738829,5484.2736306461447,6,6,raw,1040,27712
0,745,243176433,5,4808,792.23669427610173,5496.3389639176239,6,6,raw,1040,27712
0,746,243866697,5,4816,794.33165147471755,5510.7212022208651,6,6,raw,1040,27712
0,747,244478340,5,4824,796.18799325964778,5523.4653050315419,6,6,raw,1040,27712
0,748,245156624,5,4832,798.24659105484784,5537.5979298320162,6,6,raw,1040,27712
0,749,245479783,5,4840,799.22738140947683,5544.3312228153345,6,6,raw,1040,27712
0,750,246852909,5,4848,803.39483067281174,5572.9414724479029,6,6,raw,1040,27712
0,751,247238145,5,4856,804.56402525831231,5580.9681925940895,6,6,raw,1040,27712
0,752,248075587,5,4864,807.10566895742363,5598.417009871453,6,6,raw,1040,27712
0,753,249078411,5,4872,810.14924845417397,5619.311701966375,6,6,raw,1040,27712
0,754,250027210,5,4880,813.02886160956018,5639.080737175912,6,6,raw,1040,27712
0,755,250920327,5,4888,815.73947941427889,5657.6895904938829,6,6,raw,1040,27712
0,756,251134282,5,4896,816.38883468621805,5662.1475251336287,6,6,raw,1040,27712
0,757,251242427,5,4904,816.71705569476592,5664.4008183103033,6,6,raw,1040,27712
0,758,251262411,5,4912,816.77770730727525,5664.817201969674,6,6,raw,1040,27712
0,759,251262412,5,4920,816.77771034228397,5664.8172228055264,6,6,raw,1040,27712
0,760,251262418,5,4928,816.7777285523357,5664.8173478206363,6,6,raw,1040,27712
0,761,251262419,5,4936,816.77773158734431,5664.8173686564878,6,6,raw,1040,27712
0,762,251262421,5,4944,816.77773765736163,5664.8174103281908,6,6,raw,1040,27712
0,763,251262423,5,4952,816.77774372737883,5664.8174519998938,6,6,raw,1040,27712
0,764,251262428,5,4960,816.77775890242208,5664.8175561791522,6,6,raw,1040,27712
0,765,251262430,5,4968,816.77776497243929,5664.8175978508552,6,6,raw,1040,27712
0,766,251262431,5,4976,816.777768007448,5664.8176186867076,6,6,raw,1040,27712
0,767,251262435,5,4984,816.77778014748242,5664.8177020301137,6,6,raw,1040,27712
0,768,251262437,6,5008,816.77778621749962,5664.8177437018167,6,6,raw,1040,27712
0,769,251262439,6,5016,816.77779228751695,5664.8177853735206,6,6,raw,1040,27712
0,770,251262440,6,5024,816.77779532252555,5664.8178062093721,6,6,raw,1040,27712
0,771,251262441,6,5032,816.77779835753427,5664.8178270452236,6,6,raw,1040,27712
0,772,251262444,6,5040,816.77780746256019,5664.817889552779,6,6,raw,1040,27712
0,773,251262445,6,5048,816.77781049756879,5664.8179103886305,6,6,raw,1040,27712
0,774,251262448,6,5056,816.77781960259472,5664.817972896185,6,6,raw,1040,27712
0,775,251262450,6,5064,816.77782567261204,5664.8180145678889,6,6,raw,1040,27712
0,776,251262453,6,5072,816.77783477763774,5664.8180770754434,6,6,raw,1040,27712
0,777,251262458,6,5080,816.77784995268098,5664.8181812547018,6,6,raw,1040,27712
0,778,251262461,6,5088,816.77785905770691,5664.8182437622563,6,6,raw,1040,27712
0,779,251262464,6,5096,816.77786816273283,5664.8183062698117,6,6,raw,1040,27712
0,780,251262467,6,5104,816.77787726775875,5664.8183687773662,6,6,raw,1040,27712
0,781,251262469,6,5112,816.77788333777585,5664.8184104490692,6,6,raw,1040,27712
0,782,251262471,6,5120,816.77788940779317,5664.8184521207731,6,6,raw,1040,27712
0,783,251262474,6,5128,816.77789851281909,5664.8185146283276,6,6,raw,1040,27712
0,784,251262477,6,5136,816.77790761784502,5664.8185771358831,6,6,raw,1040,27712
0,785,251262479,6,5144,816.77791368786234,5664.818618807587,6,6,raw,1040,27712
0,786,251262482,6,5152,816.77792279288826,5664.8186813151415,6,6,raw,1040,27712
0,787,251262483,6,5160,816.77792582789687,5664.818702150993,6,6,raw,1040,27712
0,788,251262485,6,5168,816.77793189791407,5664.818743822696,6,6,raw,1040,27712
0,789,251262487,6,5176,816.77793796793128,5664.8187854943999,6,6,raw,1040,27712
0,790,251262490,6,5184,816.7779470729572,5664.8188480019544,6,6,raw,1040,27712
0,791,251262492,6,5192,816.77795314297452,5664.8188896736583,6,6,raw,1040,27712
0,792,251262498,6,5200,816.77797135302626,5664.8190146887673,6,6,raw,1040,27712
0,793,251262500,6,5208,816.77797742304358,5664.8190563604712,6,6,raw,1040,27712
0,794,251262506,6,5216,816.77799563309532,5664.8191813755811,6,6,raw,1040,27712
0,795,251262509,6,5224,816.77800473812124,5664.8192438831356,6,6,raw,1040,27712
0,796,251262514,6,5232,816.77801991316437,5664.8193480623941,6,6,raw,1040,27712
0,797,251262515,6,5240,816.77802294817309,5664.8193688982456,6,6,raw,1040,27712
0,798,251262517,6,5248,816.7780290181903,5664.8194105699486,6,6,raw,1040,27712
0,799,251262521,6,5256,816.77804115822482,5664.8194939133555,6,6,raw,1040,27712
0,800,251262522,6,5264,816.77804419323343,5664.819514749207,6,6,raw,1040,27712
0,801,251262523,6,5272,816.77804722824203,5664.8195355850585,6,6,raw,1040,27712
0,802,251262526,6,5280,816.77805633326795,5664.8195980926139,6,6,raw,1040,27712
0,803,251262527,6,5288,816.77805936827667,5664.8196189284663,6,6,raw,1040,27712
0,804,251262533,6,5296,816.77807757832841,5664.8197439435753,6,6,raw,1040,27712
0,805,251262535,6,5304,816.77808364834573,5664.8197856152783,6,6,raw,1040,27712
0,806,251262537,6,5312,816.77808971836305,5664.8198272869822,6,6,raw,1040,27712
0,807,251262540,6,5320,816.77809882338886,5664.8198897945376,6,6,raw,1040,27712
0,808,251262543,6,5328,816.77810792841467,5664.8199523020912,6,6,raw,1040,27712
0,809,251262545,6,5336,816.77811399843199,5664.8199939737951,6,6,raw,1040,27712
0,810,251262549,6,5344,816.77812613846652,5664.8200773172011,6,6,raw,1040,27712
0,811,251262552,6,5352,816.77813524349244,5664.8201398247566,6,6,raw,1040,27712
0,812,251262553,6,5360,816.77813827850116,5664.820160660609,6,6,raw,1040,27712
0,813,251262555,6,5368,816.77814434851837,5664.820202332312,6,6,raw,1040,27712
0,814,251262557,6,5376,816.77815041853557,5664.820244004015,6,6,raw,1040,27712
0,815,251262559,6,5384,816.77815648855278,5664.820285675718,6,6,raw,1040,27712
0,816,251262561,6,5392,816.7781625585701,5664.8203273474219,6,6,raw,1040,27712
0,817,251262562,6,5400,816.77816559357871,5664.8203481832734,6,6,raw,1040,27712
0,818,251262564,6,5408,816.77817166359603,5664.8203898549764,6,6,raw,1040,27712
0,819,251262566,6,5416,816.77817773361335,5664.8204315266803,6,6,raw,1040,27712
0,820,251262567,6,5424,816.77818076862195,5664.8204523625318,6,6,raw,1040,27712
0,821,251262569,6,5432,816.77818683863927,5664.8204940342348,6,6,raw,1040,27712
0,822,251262571,6,5440,816.77819290865648,5664.8205357059378,6,6,raw,1040,27712
0,823,251262572,6,5448,816.7781959436652,5664.8205565417902,6,6,raw,1040,27712
0,824,251262575,6,5456,816.77820504869089,5664.8206190493447,6,6,raw,1040,27712
0,825,251262577,6,5464,816.77821111870821,5664.8206607210477,6,6,raw,1040,27712
0,826,251262578,6,5472,816.77821415371682,5664.8206815568992,6,6,raw,1040,27712
0,827,251262581,6,5480,816.77822325874274,5664.8207440644546,6,6,raw,1040,27712
0,828,251262585,6,5488,816.77823539877738,5664.8208274078615,6,6,raw,1040,27712
0,829,251262588,6,5496,816.77824450380319,5664.820889915416,6,6,raw,1040,27712
0,830,251262591,6,5504,816.778253608829,5664.8209524229705,6,6,raw,1040,27712
0,831,251262592,6,5512,816.77825664383772,5664.820973258823,6,6,raw,1040,27712
0,832,251262596,6,5520,816.77826878387225,5664.821056602229,6,6,raw,1040,27712
0,833,251262597,6,5528,816.77827181888085,5664.8210774380805,6,6,raw,1040,27712
0,834,251262600,6,5536,816.77828092390678,5664.8211399456359,6,6,raw,1040,27712
0,835,251262606,6,5544,816.77829913395863,5664.8212649607458,6,6,raw,1040,27712
0,836,251262608,6,5552,816.77830520397583,5664.8213066324497,6,6,raw,1040,27712
0,837,251262609,6,5560,816.77830823898444,5664.8213274683012,6,6,raw,1040,27712
0,838,251262613,6,5568,816.77832037901896,5664.8214108117072,6,6,raw,1040,27712
0,839,251262614,6,5576,816.77832341402768,5664.8214316475596,6,6,raw,1040,27712
0,840,251262615,6,5584,816.77832644903629,5664.8214524834111,6,6,raw,1040,27712
0,841,251262619,6,5592,816.77833858907081,5664.8215358268171,6,6,raw,1040,27712
0,842,251262620,6,5600,816.77834162407942,5664.8215566626686,6,6,raw,1040,27712
0,843,251262623,6,5608,816.77835072910534,5664.821619170224,6,6,raw,1040,27712
0,844,251262624,6,5616,816.77835376411406,5664.8216400060755,6,6,raw,1040,27712
0,845,251262625,6,5624,816.77835679912255,5664.821660841927,6,6,raw,1040,27712
0,846,251262626,6,5632,816.77835983413115,5664.8216816777785,6,6,raw,1040,27712
0,847,251262632,6,5640,816.778378044183,5664.8218066928885,6,6,raw,1040,27712
0,848,251262636,6,5648,816.77839018421753,5664.8218900362954,6,6,raw,1040,27712
0,849,251262637,6,5656,816.77839321922625,5664.8219108721469,6,6,raw,1040,27712
0,850,251262638,6,5664,816.77839625423485,5664.8219317079984,6,6,raw,1040,27712
0,851,251262639,6,5672,816.77839928924345,5664.8219525438499,6,6,raw,1040,27712
0,852,251262642,6,5680,816.77840839426938,5664.8220150514053,6,6,raw,1040,27712
0,853,251262647,6,5688,816.77842356931251,5664.8221192306637,6,6,raw,1040,27712
0,854,251262651,6,5696,816.77843570934704,5664.8222025740697,6,6,raw,1040,27712
0,855,251568972,6,5704,817.70812258862395,5671.204661487307,6,6,raw,1040,27712
0,856,251994034,6,5712,818.99818942791751,5680.0611902613009,6,6,raw,1040,27712
0,857,252288661,6,5720,819.89238491624747,5686.1999947253453,6,6,raw,1040,27712
0,858,252640314,6,5728,820.9596548068472,5693.5269844655741,6,6,raw,1040,27712
0,859,253128568,6,5736,822.44150991163747,5703.7001723770254,6,6,raw,1040,27712
0,860,254074796,6,5744,825.31332005983006,5723.4156386119721,6,6,raw,1040,27712
0,861,254715684,6,5752,827.2584206722139,5736.7690859041486,6,6,raw,1040,27712
0,862,255237017,6,5760,828.8406708275545,5747.6315029523266,6,6,raw,1040,27712
0,863,256123224,6,5768,831.53031672262341,5766.0963805353958,6,6,raw,1040,27712
0,864,256906363,6,5776,833.90715034797097,5782.413748560617,6,6,raw,1040,27712
0,865,257302620,6,5784,835.10979376360899,5790.6701006278372,6,6,raw,1040,27712
0,866,257887049,6,5792,836.88354082361775,5802.847176571714,6,6,raw,1040,27712
0,867,259139390,6,5800,840.6844065692917,5828.940767862754,6,6,raw,1040,27712
0,868,260134076,6,5808,843.70328716579161,5849.6658977969491,6,6,raw,1040,27712
0,869,260438512,6,5816,844.62725305379661,5856.0090811298269,6,6,raw,1040,27712
0,870,260471747,6,5824,844.72812156569353,5856.7015606594105,6,6,raw,1040,27712
0,871,261971174,6,5832,849.27889545430571,5887.9433991912074,6,6,raw,1040,27712
0,872,262510425,6,5840,850.91552689432115,5899.1791530292476,6,6,raw,1040,27712
0,873,263111735,6,5848,852.74050793505307,5911.7079589848263,6,6,raw,1040,27712
0,874,263350806,6,5856,853.46609048380299,5916.6892068746101,6,6,raw,1040,27712
0,875,264566426,6,5864,857.15550767748755,5942.0176848572155,6,6,raw,1040,27712
0,876,265065803,6,5872,858.6711211832959,5952.422629946569,6,6,raw,1040,27712
0,877,265465348,6,5880,859.88374370731708,5960.747490294013,6,6,raw,1040,27712
0,878,266606548,6,5888,863.34729555858041,5984.5253641968357,6,6,raw,1040,27712
0,879,267513639,6,5896,866.10032457392788,6003.4253777057611,6,6,raw,1040,27712
0,880,268147167,6,5904,868.02308752277747,6016.6254731297959,6,6,raw,1040,27712
0,881,269122738,6,5912,870.98395392926966,6036.9523257597029,6,7,raw,1040,27712
0,882,269179382,6,5920,871.15586895824174,6038.1325517405576,6,7,raw,1040,27712
0,883,269652253,6,5928,872.59103652524038,6047.9852217460802,6,7,raw,1040,27712
0,884,270767492,6,5936,875.97579651739886,6071.222176104221,6,7,raw,1040,27712
0,885,270991875,6,5944,876.65680085935639,6075.8973870049713,6,7,raw,1040,27712
0,886,273031622,6,5952,882.84745061221224,6118.3972529002231,6,7,raw,1040,27712
0,887,274495247,6,5960,887.28956512176831,6148.8931262712531,6,7,raw,1040,27712
0,888,274983422,6,5968,888.77118046087674,6159.064668150424,6,7,raw,1040,27712
0,889,275916864,6,5976,891.60418498869569,6178.5137271861749,6,7,raw,1040,27712
0,890,276367721,6,5984,892.97253987566114,6187.907716753477,6,7,raw,1040,27712
0,891,277247703,6,5992,895.64329284199357,6206.2428911600264,6,7,raw,1040,27712
0,892,277423471,6,6000,896.17675023928837,6209.9051671328189,7,7,raw,1040,27712
0,893,277874782,6,6008,897.54648302017301,6219.3086161767696,7,7,raw,1040,27712
0,894,278599046,6,6016,899.74463051228963,6234.3992734361054,7,7,raw,1040,27712
0,895,280213785,6,6024,904.6453773163181,6268.0437356933526,7,7,raw,1040,27712
0,896,281745642,7,6048,909.29457653487816,6299.9612808941556,7,7,raw,1040,27712
0,897,282126672,7,6056,910.45100587407103,6307.9003654483022,7,7,raw,1040,27712
0,898,282509745,7,6064,911.61363573589983,6315.88201764737,7,7,raw,1040,27712
0,899,282557118,7,6072,911.75741319984127,6316.8690744475798,7,7,raw,1040,27712
0,900,284976909,7,6080,919.10149977337835,6367.2874807472508,7,7,raw,1040,27712
0,901,285771921,7,6088,921.51436805621802,6383.8522328391109,7,7,raw,1040,27712
0,902,285838343,7,6096,921.71595939959752,6385.2361917773987,7,7,raw,1040,27712
0,903,286711373,7,6104,924.36561298591755,6403.426515343278,7,7,raw,1040,27712
0,904,287604012,7,6112,927.07478005650989,6422.0254091241586,7,7,raw,1040,27712
0,905,288168263,7,6120,928.78728671233466,6433.7820592534454,7,7,raw,1040,27712
0,906,288980280,7,6128,931.25176531696786,6450.7011250026117,7,7,raw,1040,27712
0,907,289836870,7,6136,933.85152336137162,6468.5489071673665,7,7,raw,1040,27712
0,908,289850811,7,6144,933.89383441671566,6468.8393797752178,7,7,raw,1040,27712
0,909,290601348,7,6152,936.17172069063042,6484.4774573649502,7,7,raw,1040,27712
0,910,290711282,7,6160,936.50537132962165,6486.7680258802266,7,7,raw,1040,27712
0,911,290889552,7,6168,937.04642231851483,6490.4824331538475,7,7,raw,1040,27712
0,912,291380188,7,6176,938.53550681386753,6500.705252063929,7,7,raw,1040,27712
0,913,291699677,7,6184,939.50515868681555,6507.3620774716919,7,7,raw,1040,27712
0,914,292577619,7,6192,942.16972023553774,6525.6547467408745,7,7,raw,1040,27712
0,915,293207655,7,6200,944.08188493424325,6538.7820833709475,7,7,raw,1040,27712
0,916,293623247,7,6208,945.34321024178814,6547.4412966298178,7,7,raw,1040,27712
0,917,294202393,7,6216,947.10092335119214,6559.5082967694289,7,7,raw,1040,27712
0,918,295302935,7,6224,950.44107782148058,6582.4390266158716,7,7,raw,1040,27712
0,919,295632108,7,6232,951.44012071802445,6589.2976264110112,7,7,raw,1040,27712
0,920,296565182,7,6240,954.27200836266672,6608.7390178533551,7,7,raw,1040,27712
0,921,297244227,7,6248,956.33291579943602,6622.8874987369354,7,7,raw,1040,27712
0,922,298261351,7,6256,959.4198959196292,6644.0801435104504,7,7,raw,1040,27712
0,923,298505345,7,6264,960.16041981587625,6649.163966297906,7,7,raw,1040,27712
0,924,299247003,7,6272,962.41135824814432,6664.6170423608401,7,7,raw,1040,27712
0,925,299350508,7,6280,962.72549681663804,6666.7736571858586,7,7,raw,1040,27712
0,926,299671885,7,6288,963.70087878588402,6673.4698206815365,7,7,raw,1040,27712
0,927,300423476,7,6296,965.9819639588975,6689.1298592589083,7,7,raw,1040,27712
0,928,300912437,7,6304,967.46596481479082,6699.3177781174763,7,7,raw,1040,27712
0,929,301254155,7,6312,968.50308189462794,6706.4377636715644,7,7,raw,1040,27712
0,930,302061934,7,6320,970.95469813267709,6723.2685270814382,7,7,raw,1040,27712
0,931,302486988,7,6328,972.24474069190148,6732.1248891686182,7,7,raw,1040,27712
0,932,305226093,7,6336,980.55794801187608,6789.1964746020149,7,7,raw,1040,27712
0,933,308231417,7,6344,989.67913229495207,6851.8149596257854,7,7,raw,1040,27712
0,934,309145503,7,6352,992.45339119568291,6870.860719917001,7,7,raw,1040,27712
0,935,310088655,7,6360,995.31586565732221,6890.5120950722721,7,7,raw,1040,27712
0,936,311063419,7,6368,998.27428281184814,6910.8221331698987,7,7,raw,1040,27712
0,937,311985616,7,6376,1001.073158667596,6930.0368930538461,7,7,raw,1040,27712
0,938,312068697,7,6384,1001.3253102197822,6931.767956444769,7,7,raw,1040,27712
0,939,313026503,7,6392,1004.2322596979203,6951.7246601701163,7,7,raw,1040,27712
0,940,314902465,7,6400,1009.9258205619229,6990.8119261028951,7,7,raw,1040,27712
0,941,315875420,7,6408,1012.8787473858329,7011.0842721448871,7,7,raw,1040,27712
0,942,316501190,7,6416,1014.7779647377126,7024.1227230318218,7,7,raw,1040,27712
0,943,316501191,7,6424,1014.7779677727212,7024.1227438676733,7,7,raw,1040,27712
0,944,316501193,7,6432,1014.7779738427386,7024.1227855393772,7,7,raw,1040,27712
0,945,316501201,7,6440,1014.7779981228075,7024.1229522261892,7,7,raw,1040,27712
0,946,316501202,7,6448,1014.7780011578161,7024.1229730620407,7,7,raw,1040,27712
0,947,316501205,7,6456,1014.778010262842,7024.1230355695961,7,7,raw,1040,27712
0,948,316501208,7,6464,1014.778019367868,7024.1230980771506,7,7,raw,1040,27712
0,949,316501213,7,6472,1014.7780345429112,7024.12320225641,7,7,raw,1040,27712
0,950,316501215,7,6480,1014.7780406129283,7024.1232439281121,7,7,raw,1040,27712
0,951,316501218,7,6488,1014.7780497179542,7024.1233064356675,7,7,raw,1040,27712
0,952,316501221,7,6496,1014.7780588229801,7024.1233689432229,7,7,raw,1040,27712
0,953,316501226,7,6504,1014.7780739980234,7024.1234731224813,7,7,raw,1040,27712
0,954,316501227,7,6512,1014.778077033032,7024.1234939583328,7,7,raw,1040,27712
0,955,316501230,7,6520,1014.7780861380579,7024.1235564658873,7,7,raw,1040,27712
0,956,316501235,7,6528,1014.778101313101,7024.1236606451457,7,7,raw,1040,27712
0,957,316501238,7,6536,1014.778110418127,7024.1237231527011,7,7,raw,1040,27712
0,958,316501240,7,6544,1014.7781164881442,7024.1237648244041,7,7,raw,1040,27712
0,959,316501242,7,6552,1014.7781225581615,7024.1238064961071,7,7,raw,1040,27712
0,960,316501245,7,6560,1014.7781316631874,7024.1238690036625,7,7,raw,1040,27712
0,961,316501249,7,6568,1014.7781438032218,7024.1239523470686,7,7,raw,1040,27712
0,962,316501251,7,6576,1014.7781498732392,7024.1239940187725,7,7,raw,1040,27712
0,963,316501256,7,6584,1014.7781650482823,7024.12409819803,7,7,raw,1040,27712
0,964,316501257,7,6592,1014.7781680832909,7024.1241190338815,7,7,raw,1040,27712
0,965,316501259,7,6600,1014.7781741533082,7024.1241607055854,7,7,raw,1040,27712
0,966,316501261,7,6608,1014.7781802233255,7024.1242023772893,7,7,raw,1040,27712
0,967,316501267,7,6616,1014.7781984333773,7024.1243273923992,7,7,raw,1040,27712
0,968,316501270,7,6624,1014.7782075384031,7024.1243898999528,7,7,raw,1040,27712
0,969,316501275,7,6632,1014.7782227134463,7024.1244940792121,7,7,raw,1040,27712
0,970,316501284,7,6640,1014.778250028524,7024.1246816018765,7,7,raw,1040,27712
0,971,316501285,7,6648,1014.7782530635326,7024.124702437728,7,7,raw,1040,27712
0,972,316501286,7,6656,1014.7782560985412,7024.1247232735795,7,7,raw,1040,27712
0,973,316501292,7,6664,1014.778274308593,7024.1248482886895,7,7,raw,1040,27712
0,974,316501299,7,6672,1014.7782955536535,7024.1249941396509,7,7,raw,1040,27712
0,975,316501302,7,6680,1014.7783046586793,7024.1250566472063,7,7,raw,1040,27712
0,976,316501305,7,6688,1014.7783137637052,7024.1251191547608,7,7,raw,1040,27712
0,977,316501307,7,6696,1014.7783198337225,7024.1251608264647,7,7,raw,1040,27712
0,978,316501310,7,6704,1014.7783289387485,7024.1252233340192,7,7,raw,1040,27712
0,979,316501312,7,6712,1014.7783350087658,7024.1252650057231,7,7,raw,1040,27712
0,980,316501315,7,6720,1014.7783441137916,7024.1253275132776,7,7,raw,1040,27712
0,981,316501317,7,6728,1014.7783501838089,7024.1253691849806,7,7,raw,1040,27712
0,982,316501320,7,6736,1014.7783592888347,7024.125431692536,7,7,raw,1040,27712
0,983,316501321,7,6744,1014.7783623238433,7024.1254525283875,7,7,raw,1040,27712
0,984,316501322,7,6752,1014.7783653588521,7024.12547336424,7,7,raw,1040,27712
0,985,316501323,7,6760,1014.7783683938607,7024.1254942000905,7,7,raw,1040,27712
0,986,316501325,7,6768,1014.778374463878,7024.1255358717945,7,7,raw,1040,27712
0,987,316501327,7,6776,1014.7783805338952,7024.1255775434975,7,7,raw,1040,27712
0,988,316501328,7,6784,1014.7783835689039,7024.1255983793499,7,7,raw,1040,27712
0,989,316501330,7,6792,1014.7783896389211,7024.125640051052,7,7,raw,1040,27712
0,990,316501334,7,6800,1014.7784017789556,7024.1257233944589,7,7,raw,1040,27712
0,991,316501337,7,6808,1014.7784108839815,7024.1257859020134,7,7,raw,1040,27712
0,992,316501338,7,6816,1014.7784139189902,7024.1258067378658,7,7,raw,1040,27712
0,993,316501339,7,6824,1014.7784169539988,7024.1258275737173,7,7,raw,1040,27712
0,994,316501341,7,6832,1014.7784230240161,7024.1258692454212,7,7,raw,1040,27712
0,995,316501346,7,6840,1014.7784381990592,7024.1259734246787,7,7,raw,1040,27712
0,996,316501347,7,6848,1014.7784412340678,7024.1259942605302,7,7,raw,1040,27712
0,997,316501349,7,6856,1014.7784473040851,7024.1260359322341,7,7,raw,1040,27712
0,998,316501350,7,6864,1014.7784503390938,7024.1260567680847,7,7,raw,1040,27712
0,999,316501351,7,6872,1014.7784533741025,7024.1260776039371,7,7,raw,1040,27712
0,1000,316501352,7,6880,1014.778456409111,7024.1260984397886,7,7,raw,1040,27712
0,1001,316501357,7,6888,1014.7784715841542,7024.126202619047,7,7,raw,1040,27712
0,1002,316501360,7,6896,1014.77848068918,7024.1262651266015,7,7,raw,1040,27712
0,1003,316501361,7,6904,1014.7784837241887,7024.1262859624539,7,7,raw,1040,27712
0,1004,316501363,7,6912,1014.7784897942059,7024.126327634157,7,7,raw,1040,27712
0,1005,316501364,7,6920,1014.7784928292147,7024.1263484700085,7,7,raw,1040,27712
0,1006,316501365,7,6928,1014.7784958642233,7024.12636930586,7,7,raw,1040,27712
0,1007,316501366,7,6936,1014.7784988992319,7024.1263901417115,7,7,raw,1040,27712
0,1008,316501367,7,6944,1014.7785019342406,7024.1264109775639,7,7,raw,1040,27712
0,1009,316501370,7,6952,1014.7785110392664,7024.1264734851184,7,7,raw,1040,27712
0,1010,316501381,7,6960,1014.7785444243614,7024.1267026794867,7,7,raw,1040,27712
0,1011,316501382,7,6968,1014.77854745937,7024.1267235153382,7,7,raw,1040,27712
0,1012,316501383,7,6976,1014.7785504943787,7024.1267443511906,7,7,raw,1040,27712
0,1013,316501384,7,6984,1014.7785535293873,7024.1267651870412,7,7,raw,1040,27712
0,1014,316501388,7,6992,1014.7785656694217,7024.1268485304481,7,7,raw,1040,27712
0,1015,316501390,7,7000,1014.778571739439,7024.126890202152,7,7,raw,1040,27712
0,1016,316501393,7,7008,1014.778580844465,7024.1269527097065,7,7,raw,1040,27712
0,1017,316501395,7,7016,1014.7785869144822,7024.1269943814095,7,7,raw,1040,27712
0,1018,316501397,7,7024,1014.7785929844995,7024.1270360531125,7,7,raw,1040,27712
0,1019,316501399,7,7032,1014.7785990545168,7024.1270777248164,7,7,raw,1040,27712
0,1020,316501401,7,7040,1014.778605124534,7024.1271193965194,7,7,raw,1040,27712
0,1021,316501402,7,7048,1014.7786081595427,7024.1271402323719,7,7,raw,1040,27712
0,1022,316501404,7,7056,1014.7786142295598,7024.127181904074,7,7,raw,1040,27712
0,1023,316501407,7,7064,1014.7786233345857,7024.1272444116294,7,7,raw,1040,27712
0,1024,316501409,8,7088,1014.7786294046031,7024.1272860833333,7,7,raw,1040,27712
0,1025,316501413,8,7096,1014.7786415446376,7024.1273694267393,7,7,raw,1040,27712
0,1026,316501416,8,7104,1014.7786506496635,7024.1274319342947,7,7,raw,1040,27712
0,1027,316501420,8,7112,1014.778662789698,7024.1275152777007,7,7,raw,1040,27712
0,1028,316501423,8,7120,1014.7786718947239,7024.1275777852561,7,7,raw,1040,27712
0,1029,316501425,8,7128,1014.7786779647412,7024.1276194569591,7,7,raw,1040,27712
0,1030,316501427,8,7136,1014.7786840347584,7024.1276611286621,7,7,raw,1040,27712
0,1031,316501429,8,7144,1014.7786901047757,7024.127702800366,7,7,raw,1040,27712
0,1032,316501430,8,7152,1014.7786931397843,7024.1277236362175,7,7,raw,1040,27712
0,1033,316501432,8,7160,1014.7786992098016,7024.1277653079205,7,7,raw,1040,27712
0,1034,316501435,8,7168,1014.7787083148276,7024.1278278154759,7,7,raw,1040,27712
0,1035,316501438,8,7176,1014.7787174198535,7024.1278903230304,7,7,raw,1040,27712
0,1036,316501441,8,7184,1014.7787265248793,7024.1279528305859,7,7,raw,1040,27712
0,1037,317002280,8,7192,1016.2987772133081,7034.5633599350513,7,7,raw,1040,27712
0,1038,317626094,8,7200,1018.1920580883029,7047.561055896158,7,7,raw,1040,27712
0,1039,318019531,8,7208,1019.3861427795975,7055.7586508617251,7,7,raw,1040,27712
0,1040,318764363,8,7216,1021.6467143292648,7071.2778599177955,7,7,raw,1040,27712
0,1041,320059889,8,7224,1025.5786469227276,7098.271247462334,8,8,raw,1040,27712
0,1042,320110789,8,7232,1025.7331288621153,7099.3317923113118,8,8,raw,1040,27712
0,1043,320383646,8,7240,1026.5612522125186,7105.0170002849391,8,8,raw,1040,27712
0,1044,321336348,8,7248,1029.4527110065972,7124.8673578234657,8,8,raw,1040,27712
0,1045,322161544,8,7256,1031.9571879899963,7142.0610192615259,8,8,raw,1040,27712
0,1046,322490445,8,7264,1032.9554053641923,7148.9139517050171,8,8,raw,1040,27712
0,1047,322552172,8,7272,1033.1427473420429,7150.2000863198082,8,8,raw,1040,27712
0,1048,323471386,8,7280,1035.9325697670404,7169.3526928582842,8,8,raw,1040,27712
0,1049,324324640,8,7288,1038.5222030226466,7187.1309666219368,8,8,raw,1040,27712
0,1050,325184746,8,7296,1041.132632157402,7205.052007641093,8,8,raw,1040,27712
0,1051,325414776,8,7304,1041.8307751931065,7209.8448785961109,8,8,raw,1040,27712
0,1052,326022205,8,7312,1043.67432745166,7222.5011791279348,8,8,raw,1040,27712
0,1053,327691048,8,7320,1048.7392803627342,7257.2729443028456,8,8,raw,1040,27712
0,1054,327755088,8,7328,1048.9336423155514,7258.6072722425024,8,8,raw,1040,27712
0,1055,328049279,8,7336,1049.8265145401176,7264.7369922752277,8,8,raw,1040,27712
0,1056,328613901,8,7344,1051.5401471841451,7276.501372505476,8,8,raw,1040,27712
0,1057,328640878,8,7352,1051.6220226120206,7277.0634612754338,8,8,raw,1040,27712
0,1058,329423117,8,7360,1053.9961247295989,7293.3620770341713,8,8,raw,1040,27712
0,1059,330375925,8,7368,1056.8879052345924,7313.2146431729725,8,8,raw,1040,27712
0,1060,330900840,8,7376,1058.4810267908542,7324.1516942417602,8,8,raw,1040,27712
0,1061,331748027,8,7384,1061.0522466490879,7341.803556893452,8,8,raw,1040,27712
0,1062,332649940,8,7392,1063.7895603897368,7360.5956823625338,8,8,raw,1040,27712
0,1063,333612966,8,7400,1066.712352612936,7380.6611492334941,8,8,raw,1040,27712
0,1064,334619354,8,7408,1069.7667488804518,7401.6301003036951,8,8,raw,1040,27712
0,1065,335196676,8,7416,1071.5189261341106,7413.6590958498982,8,8,raw,1040,27712
0,1066,335861258,8,7424,1073.53593824103,7427.5062278110672,8,8,raw,1040,27712
0,1067,336228516,8,7432,1074.6505694413377,7435.1583610162916,8,8,raw,1040,27712
0,1068,336393816,8,7440,1075.1522563682688,7438.6025272940133,8,8,raw,1040,27712
0,1069,336657352,8,7448,1075.9520904032097,7444.0935242944115,8,8,raw,1040,27712
0,1070,337044260,8,7456,1077.1263595231437,7452.155081984557,8,8,raw,1040,27712
0,1071,337082243,8,7464,1077.2416382560273,7452.9464901377742,8,8,raw,1040,27712
0,1072,337635512,8,7472,1078.920814447051,7464.4743209442404,8,8,raw,1040,27712
0,1073,338480746,8,7480,1081.4861069334258,7482.0854911776614,8,8,raw,1040,27712
0,1074,339960507,8,7488,1085.9771943422738,7512.9175718509123,8,8,raw,1040,27712
0,1075,340402946,8,7496,1087.3200005265721,7522.1361652190253,8,8,raw,1040,27712
0,1076,340596105,8,7504,1087.9062397589926,7526.1607974878616,8,8,raw,1040,27712
0,1077,340739718,8,7512,1088.3421064537135,7529.1530966508535,8,8,raw,1040,27712
0,1078,341207586,8,7520,1089.7620898725243,7538.9015248905707,8,8,raw,1040,27712
0,1079,341774373,8,7528,1091.4822933102407,7550.7110147396425,8,8,raw,1040,27712
0,1080,342720254,8,7536,1094.3530503104378,7570.4192509340646,8,8,raw,1040,27712
0,1081,342927934,8,7544,1094.9833609032091,7574.7464406047093,8,8,raw,1040,27712
0,1082,343255529,8,7552,1095.9776145561311,7581.5721614259455,8,8,raw,1040,27712
0,1083,343256236,8,7560,1095.9797603072341,7581.5868923730613,8,8,raw,1040,27712
0,1084,343519624,8,7568,1096.7791451608973,7587.0748056674147,8,8,raw,1040,27712
0,1085,343614364,8,7576,1097.0666818787283,7589.0487942527225,8,8,raw,1040,27712
0,1086,343901404,8,7584,1097.9378507565643,7595.0295171102989,8,8,raw,1040,27712
0,1087,344881887,8,7592,1100.9136251254588,7615.4587154435112,8,8,raw,1040,27712
0,1088,345329029,8,7600,1102.2707049553553,7624.7752998219348,8,8,raw,1040,27712
0,1089,346671717,8,7608,1106.345774625938,7652.7513478019846,8,8,raw,1040,27712
0,1090,346815668,8,7616,1106.7826671535768,7655.7506894828348,8,8,raw,1040,27712
0,1091,347390848,8,7624,1108.5283434187447,7667.7350546348016,8,8,raw,1040,27712
0,1092,348918476,8,7632,1113.1647075857986,7699.5644850189774,8,8,raw,1040,27712
0,1093,349648777,8,7640,1115.3811774250287,7714.7809283147235,8,8,raw,1040,27712
0,1094,350091988,8,7648,1116.726326635991,7724.0156069603099,8,8,raw,1040,27712
0,1095,351627325,8,7656,1121.386087684592,7756.005660924855,8,8,raw,1040,27712
0,1096,354109371,8,7664,1128.9191187205374,7807.7212031689887,8,8,raw,1040,27712
0,1097,354782625,8,7672,1130.9624504223166,7821.7490236356643,8,8,raw,1040,27712
0,1098,356321796,8,7680,1135.6338476940141,7853.8189622554355,8,8,raw,1040,27712
0,1099,356873052,8,7688,1137.3069144126612,7865.3048504925328,8,8,raw,1040,27712
0,1100,358260266,8,7696,1141.5171208776089,7894.2086356031432,8,8,raw,1040,27712
0,1101,359336227,8,7704,1144.782671800705,7916.6271993801802,8,8,raw,1040,27712
0,1102,359852837,8,7712,1146.3505876102749,7927.3912087010158,8,8,raw,1040,27712
0,1103,360192166,8,7720,1147.3804540544893,7934.4614174055123,8,8,raw,1040,27712
0,1104,361137867,8,7728,1150.2506647531325,7954.1659031466388,8,8,raw,1040,27712
0,1105,361556086,8,7736,1151.5199630283546,7962.8798521877925,8,8,raw,1040,27712
0,1106,361857956,8,7744,1152.4361410842089,7969.1695707253366,9,8,raw,1040,27712
0,1107,362438863,8,7752,1154.1991988438147,7981.2732627997029,9,8,raw,1040,27712
0,1108,364501649,8,7760,1160.4597721605517,8024.2531658811167,9,8,raw,1040,27712
0,1109,365113585,8,7768,1162.3170032030109,8037.0033735963261,9,8,raw,1040,27712
0,1110,366490149,8,7776,1166.494886826024,8065.6852568868662,9,8,raw,1040,27712
0,1111,366547251,8,7784,1166.6681918889499,8066.8750256877765,9,8,raw,1040,27712
0,1112,366952965,8,7792,1167.899537381224,8075.328422404049,9,8,raw,1040,27712
0,1113,367420662,8,7800,1169.3190018135588,8085.0732877131341,9,8,raw,1040,27712
0,1114,368286109,8,7808,1171.9456409294196,8103.1056130159532,9,8,raw,1040,27712
0,1115,369166921,8,7816,1174.6189129529171,8121.4580811793721,9,9,raw,1040,27712
0,1116,370566006,8,7824,1178.8651480053395,8150.6092086849185,9,9,raw,1040,27712
0,1117,371264470,8,7832,1180.984992274741,8165.1623009716886,9,9,raw,1040,27712
0,1118,372051219,8,7840,1183.3727822812514,8181.5548864213661,9,9,raw,1040,27712
0,1119,372683983,8,7848,1185.293226483506,8194.7390632547394,9,9,raw,1040,27712
0,1120,373770512,8,7856,1188.590851377829,8217.3778203120128,9,9,raw,1040,27712
0,1121,374230027,8,7864,1189.9854833695338,8226.9522066828995,9,9,raw,1040,27712
0,1122,375048019,8,7872,1192.4680961507452,8243.9957666456721,9,9,raw,1040,27712
0,1123,375335685,8,7880,1193.3411649439852,8249.9895327463819,9,9,raw,1040,27712
0,1124,375507676,8,7888,1193.8631591136755,8253.5731117074938,9,9,raw,1040,27712
0,1125,375556054,8,7896,1194.0099867612923,8254.5811085386104,9,9,raw,1040,27712
0,1126,376225767,8,7904,1196.0425714975045,8268.5351492545942,9,9,raw,1040,27712
0,1127,376970187,8,7912,1198.3018926236152,8284.0457739397862,9,9,raw,1040,27712
0,1128,377925571,8,7920,1201.2014913108458,8303.9520132324378,9,9,raw,1040,27712
0,1129,378794358,8,7928,1203.8382673555388,8322.0539302797661,9,9,raw,1040,27712
0,1130,379154725,8,7936,1204.9319843113608,8329.5624836312727,9,9,raw,1040,27712
0,1131,380301874,8,7944,1208.4135914289782,8353.4643100155608,9,9,raw,1040,27712
0,1132,380323348,8,7952,1208.4787652043499,8353.91173909389,9,9,raw,1040,27712
0,1133,380924088,8,7960,1210.3020162901612,8366.4286686140276,9,9,raw,1040,27712
0,1134,381008560,8,7968,1210.5583895393549,8368.1887146745939,9,9,raw,1040,27712
0,1135,381008563,8,7976,1210.5583986443808,8368.1887771821494,9,9,raw,1040,27712
0,1136,381008565,8,7984,1210.5584047143982,8368.1888188538542,9,9,raw,1040,27712
0,1137,381008568,8,7992,1210.558413819424,8368.1888813614078,9,9,raw,1040,27712
0,1138,381008570,8,8000,1210.5584198894412,8368.1889230331108,9,9,raw,1040,27712
0,1139,381008573,8,8008,1210.5584289944672,8368.1889855406662,9,9,raw,1040,27712
0,1140,381008575,8,8016,1210.5584350644845,8368.1890272123692,9,9,raw,1040,27712
0,1141,381008580,8,8024,1210.5584502395275,8368.1891313916276,9,9,raw,1040,27712
0,1142,381008583,8,8032,1210.5584593445535,8368.1891938991812,9,9,raw,1040,27712
0,1143,381008585,8,8040,1210.5584654145709,8368.189235570886,9,9,raw,1040,27712
0,1144,381008587,8,8048,1210.5584714845879,8368.189277242589,9,9,raw,1040,27712
0,1145,381008592,8,8056,1210.5584866596312,8368.1893814218474,9,9,raw,1040,27712
0,1146,381008593,8,8064,1210.5584896946398,8368.1894022576998,9,9,raw,1040,27712
0,1147,381008594,8,8072,1210.5584927296486,8368.1894230935504,9,9,raw,1040,27712
0,1148,381008597,8,8080,1210.5585018346744,8368.1894856011058,9,9,raw,1040,27712
0,1149,381008600,8,8088,1210.5585109397005,8368.1895481086613,9,9,raw,1040,27712
0,1150,381008608,8,8096,1210.5585352197693,8368.1897147954733,9,9,raw,1040,27712
0,1151,381008611,8,8104,1210.5585443247953,8368.1897773030287,9,9,raw,1040,27712
0,1152,381008613,9,8128,1210.5585503948125,8368.1898189747317,9,9,raw,1040,27712
0,1153,381008618,9,8136,1210.5585655698555,8368.1899231539901,9,9,raw,1040,27712
0,1154,381008621,9,8144,1210.5585746748814,8368.1899856615455,9,9,raw,1040,27712
0,1155,381008625,9,8152,1210.558586814916,8368.1900690049515,9,9,raw,1040,27712
0,1156,381008627,9,8160,1210.5585928849332,8368.1901106766545,9,9,raw,1040,27712
0,1157,381008630,9,8168,1210.5586019899592,8368.1901731842099,9,9,raw,1040,27712
0,1158,381008633,9,8176,1210.5586110949851,8368.1902356917653,9,9,raw,1040,27712
0,1159,381008638,9,8184,1210.5586262700283,8368.1903398710238,9,9,raw,1040,27712
0,1160,381008641,9,8192,1210.5586353750541,8368.1904023785773,9,9,raw,1040,27712
0,1161,381008643,9,8200,1210.5586414450715,8368.1904440502822,9,9,raw,1040,27712
0,1162,381008644,9,8208,1210.5586444800799,8368.1904648861328,9,9,raw,1040,27712
0,1163,381008646,9,8216,1210.5586505500974,8368.1905065578376,9,9,raw,1040,27712
0,1164,381008649,9,8224,1210.5586596551234,8368.1905690653912,9,9,raw,1040,27712
0,1165,381008652,9,8232,1210.5586687601492,8368.1906315729466,9,9,raw,1040,27712
0,1166,381008657,9,8240,1210.5586839351922,8368.190735752205,9,9,raw,1040,27712
0,1167,381008661,9,8248,1210.5586960752269,8368.1908190956128,9,9,raw,1040,27712
0,1168,381008662,9,8256,1210.5586991102355,8368.1908399314634,9,9,raw,1040,27712
0,1169,381008665,9,8264,1210.5587082152613,8368.190902439017,9,9,raw,1040,27712
0,1170,381008668,9,8272,1210.5587173202873,8368.1909649465724,9,9,raw,1040,27712
0,1171,381008670,9,8280,1210.5587233903045,8368.1910066182754,9,9,raw,1040,27712
0,1172,381008673,9,8288,1210.5587324953303,8368.1910691258308,9,9,raw,1040,27712
0,1173,381008675,9,8296,1210.5587385653478,8368.1911107975357,9,9,raw,1040,27712
0,1174,381008678,9,8304,1210.5587476703736,8368.1911733050893,9,9,raw,1040,27712
0,1175,381008681,9,8312,1210.5587567753996,8368.1912358126447,9,9,raw,1040,27712
0,1176,381008684,9,8320,1210.5587658804254,8368.1912983202001,9,9,raw,1040,27712
0,1177,381008689,9,8328,1210.5587810554687,8368.1914024994585,9,9,raw,1040,27712
0,1178,381008694,9,8336,1210.5587962305117,8368.1915066787151,9,9,raw,1040,27712
0,1179,381008696,9,8344,1210.5588023005291,8368.1915483504199,9,9,raw,1040,27712
0,1180,381008699,9,8352,1210.5588114055549,8368.1916108579753,9,9,raw,1040,27712
0,1181,381008702,9,8360,1210.5588205105807,8368.1916733655289,9,9,raw,1040,27712
0,1182,381008708,9,8368,1210.5588387206324,8368.1917983806379,9,9,raw,1040,27712
0,1183,381008709,9,8376,1210.5588417556412,8368.1918192164903,9,9,raw,1040,27712
0,1184,381008710,9,8384,1210.5588447906498,8368.1918400523427,9,9,raw,1040,27712
0,1185,381008711,9,8392,1210.5588478256584,8368.1918608881933,9,9,raw,1040,27712
0,1186,381008712,9,8400,1210.558850860667,8368.1918817240457,9,9,raw,1040,27712
0,1187,381008719,9,8408,1210.5588721057277,8368.1920275750072,9,9,raw,1040,27712
0,1188,381008722,9,8416,1210.5588812107535,8368.1920900825626,9,9,raw,1040,27712
0,1189,381008723,9,8424,1210.5588842457621,8368.1921109184132,9,9,raw,1040,27712
0,1190,381008725,9,8432,1210.5588903157793,8368.192152590118,9,9,raw,1040,27712
0,1191,381008732,9,8440,1210.5589115608398,8368.1922984410776,9,9,raw,1040,27712
0,1192,381008735,9,8448,1210.5589206658656,8368.192360948633,9,9,raw,1040,27712
0,1193,381008740,9,8456,1210.5589358409088,8368.1924651278914,9,9,raw,1040,27712
0,1194,381008742,9,8464,1210.558941910926,8368.1925067995962,9,9,raw,1040,27712
0,1195,381008745,9,8472,1210.5589510159521,8368.1925693071498,9,9,raw,1040,27712
0,1196,381008746,9,8480,1210.5589540509604,8368.1925901430004,9,9,raw,1040,27712
0,1197,381008749,9,8488,1210.5589631559865,8368.1926526505558,9,9,raw,1040,27712
0,1198,381008750,9,8496,1210.5589661909951,8368.1926734864082,9,9,raw,1040,27712
0,1199,381008754,9,8504,1210.5589783310297,8368.1927568298161,9,9,raw,1040,27712
0,1200,381008756,9,8512,1210.5589844010469,8368.1927985015191,9,9,raw,1040,27712
0,1201,381008761,9,8520,1210.5589995760899,8368.1929026807757,9,9,raw,1040,27712
0,1202,381008765,9,8528,1210.5590117161246,8368.1929860241835,9,9,raw,1040,27712
0,1203,381008768,9,8536,1210.5590208211506,8368.1930485317389,9,9,raw,1040,27712
0,1204,381008773,9,8544,1210.5590359961936,8368.1931527109955,9,9,raw,1040,27712
0,1205,381008775,9,8552,1210.5590420662108,8368.1931943826985,9,9,raw,1040,27712
0,1206,381008776,9,8560,1210.5590451012195,8368.1932152185509,9,9,raw,1040,27712
0,1207,381008777,9,8568,1210.5590481362283,8368.1932360544033,9,9,raw,1040,27712
0,1208,381008779,9,8576,1210.5590542062455,8368.1932777261063,9,9,raw,1040,27712
0,1209,381008782,9,8584,1210.5590633112713,8368.1933402336617,9,9,raw,1040,27712
0,1210,381008785,9,8592,1210.5590724162973,8368.1934027412153,9,9,raw,1040,27712
0,1211,381008788,9,8600,1210.5590815213232,8368.1934652487707,9,9,raw,1040,27712
0,1212,381008790,9,8608,1210.5590875913404,8368.1935069204737,9,9,raw,1040,27712
0,1213,381008793,9,8616,1210.5590966963664,8368.1935694280292,9,9,raw,1040,27712
0,1214,381008794,9,8624,1210.559099731375,8368.1935902638816,9,9,raw,1040,27712
0,1215,381008795,9,8632,1210.5591027663834,8368.1936110997322,9,9,raw,1040,27712
0,1216,381008796,9,8640,1210.5591058013922,8368.1936319355846,9,9,raw,1040,27712
0,1217,381008797,9,8648,1210.5591088364008,8368.193652771437,9,9,raw,1040,27712
0,1218,381008800,9,8656,1210.5591179414268,8368.1937152789906,9,9,raw,1040,27712
0,1219,381008803,9,8664,1210.5591270464527,8368.193777786546,9,9,raw,1040,27712
0,1220,381008804,9,8672,1210.5591300814613,8368.1937986223966,9,9,raw,1040,27712
0,1221,381008805,9,8680,1210.5591331164699,8368.193819458249,9,9,raw,1040,27712
0,1222,381008806,9,8688,1210.5591361514787,8368.1938402941014,9,9,raw,1040,27712
0,1223,381008809,9,8696,1210.5591452565045,8368.1939028016568,9,9,raw,1040,27712
0,1224,381008812,9,8704,1210.5591543615303,8368.1939653092104,9,9,raw,1040,27712
0,1225,381008815,9,8712,1210.5591634665564,8368.1940278167658,9,9,raw,1040,27712
0,1226,381008816,9,8720,1210.5591665015647,8368.1940486526164,9,9,raw,1040,27712
0,1227,381008819,9,8728,1210.5591756065908,8368.1941111601718,9,9,raw,1040,27712
0,1228,381008822,9,8736,1210.5591847116166,8368.1941736677272,9,9,raw,1040,27712
0,1229,381503722,9,8744,1212.0612104837778,8378.5058366492431,9,9,raw,1040,27712
0,1230,381826127,9,8752,1213.0397124418978,8385.2234194004177,9,9,raw,1040,27712
0,1231,382082755,9,8760,1213.8185806372064,8390.57048233762,9,9,raw,1040,27712
0,1232,382222269,9,8768,1214.242006831543,8393.4773753446971,9,9,raw,1040,27712
0,1233,382918155,9,8776,1216.3540268486902,8407.9767528059147,9,9,raw,1040,27712
0,1234,383178002,9,8784,1217.1426647367862,8413.3908863495744,9,9,raw,1040,27712
0,1235,383242889,9,8792,1217.3395973419151,8414.7428622555799,9,9,raw,1040,27712
0,1236,384108102,9,8800,1219.9655262657559,8432.7703119691123,9,9,raw,1040,27712
0,1237,385540133,9,8808,1224.3117527125808,8462.6078974431148,9,9,raw,1040,27712
0,1238,385551930,9,8816,1224.3475567094169,8462.8536979850287,9,9,raw,1040,27712
0,1239,386426609,9,8824,1227.0022150249717,8481.0783798702778,9,9,raw,1040,27712
0,1240,387327182,9,8832,1229.7354618540533,8499.8425852981509,9,9,raw,1040,27712
0,1241,388289838,9,8840,1232.6571311240584,8519.9003429040004,9,9,raw,1040,27712
0,1242,388719362,9,8848,1233.9607401718695,8528.8498412480549,9,9,raw,1040,27712
0,1243,389428945,9,8856,1236.1143307022542,8543.6346073693203,9,9,raw,1040,27712
0,1244,389567642,9,8864,1236.5352772945384,8546.5244774856001,9,9,raw,1040,27712
0,1245,390157647,9,8872,1238.3259475626814,8558.817734138278,9,9,raw,1040,27712
0,1246,390635364,9,8880,1239.7758227815123,8568.771374680895,9,9,raw,1040,27712
0,1247,391253193,9,8888,1241.6509391298423,8581.6443680698776,9,9,raw,1040,27712
0,1248,391749674,9,8896,1243.1577632506512,8591.9889725328521,9,9,raw,1040,27712
0,1249,392598112,9,8904,1245.7327799046841,8609.6669008349581,9,9,raw,1040,27712
0,1250,392682201,9,8912,1245.9879907455718,8611.4189667643441,9,9,raw,1040,27712
0,1251,393427192,9,8920,1248.2490448616115,8626.9414887208277,9,9,raw,1040,27712
0,1252,393741419,9,8928,1249.2027265191359,8633.4886758772082,9,9,raw,1040,27712
0,1253,394644936,9,8936,1251.9449084136313,8652.3142220523368,9,9,raw,1040,27712
0,1254,395700219,9,8944,1255.147701428227,8674.3019420889577,9,9,raw,1040,27712
0,1255,397025813,9,8952,1259.1708906612482,8701.9218220209059,9,9,raw,1040,27712
0,1256,398075787,9,8960,1262.3575708150149,8723.7989245211174,9,9,raw,1040,27712
0,1257,398930693,9,8968,1264.9522179048818,8741.6116191116962,9,9,raw,1040,27712
0,1258,399437574,9,8976,1266.4906061154675,8752.1729164318294,9,9,raw,1040,27712
0,1259,399637882,9,8984,1267.0985426246007,8756.3465042041098,9,9,raw,1040,27712
0,1260,399754841,9,8992,1267.4535141992344,8758.783444577226,9,9,raw,1040,27712
0,1261,400882047,9,9000,1270.8745941396962,8782.2697415720595,9,9,raw,1040,27712
0,1262,401805067,9,9008,1273.6759678075487,8801.5016493619169,9,9,raw,1040,27712
0,1263,401842911,9,9016,1273.790824674232,8802.2901613317536,9,9,raw,1040,27712
0,1264,402667993,9,9024,1276.2949556666474,8819.4814474827253,9,9,raw,1040,27712
0,1265,402933102,9,9032,1277.0995637701669,8825.0052192777675,9,9,raw,1040,27712
0,1266,403548664,9,9040,1278.9677997539275,8837.8309777910617,9,9,raw,1040,27712
0,1267,403982585,9,9048,1280.284753734695,8846.8720913748202,10,9,raw,1040,27712
0,1268,404069498,9,9056,1280.5485354399605,8848.6829977492653,10,9,raw,1040,27712
0,1269,404608316,9,9064,1282.1838527212381,8859.9097296635409,10,9,raw,1040,27712
0,1270,405331429,9,9072,1284.3785069184189,8874.9764048576289,10,9,raw,1040,27712
0,1271,405486011,9,9080,1284.8476646228282,8878.1972524773664,10,9,raw,1040,27712
0,1272,406758896,9,9088,1288.7108815858455,8904.7188955047004,10,9,raw,1040,27712
0,1273,407550951,9,9096,1291.1147753481594,8921.2220359832336,10,9,raw,1040,27712
0,1274,408317870,9,9104,1293.4423811334898,8937.2014464946933,10,9,raw,1040,27712
0,1275,408970950,9,9112,1295.4244845711196,8950.8089244901857,10,9,raw,1040,27712
0,1276,409873139,9,9120,1298.162635974151,8969.6068006543246,10,9,raw,1040,27712
0,1277,410633285,9,9128,1300.4696856460143,8985.4450899425592,10,9,raw,1040,27712
0,1278,411385043,9,9136,1302.7512776654694,9001.1086081071571,10,9,raw,1040,27712
0,1279,412040866,9,9144,1304.7417061317778,9014.7732388437234,10,9,raw,1040,27712
0,1280,414011025,10,9168,1310.7211557039241,9055.8231794943658,10,9,raw,1040,27712
0,1281,414487944,10,9176,1312.1686089858665,9065.7601930273649,10,9,raw,1040,27712
0,1282,415072167,10,9184,1313.9417308340969,9077.9329767858035,10,9,raw,1040,27712
0,1283,415197360,10,9192,1314.3216926698094,9080.5414795614033,10,9,raw,1040,27712
0,1284,415729184,10,9200,1315.9357831007123,9091.6224855292403,10,9,raw,1040,27712
0,1285,416695807,10,9208,1318.8694922499621,9111.7628989585864,10,9,raw,1040,27712
0,1286,417633758,10,9216,1321.7161816317043,9131.3059068494258,10,9,raw,1040,27712
0,1287,417851007,10,9224,1322.3755342220786,9135.8324747845054,10,9,raw,1040,27712
0,1288,418962386,10,9232,1325.7485790809162,9158.9890027552774,10,10,raw,1040,27712
0,1289,419716493,10,9240,1328.0373003356485,9174.7014643354014,10,10,raw,1040,27712
0,1290,420717987,10,9248,1331.0768432709181,9195.5684447476287,10,10,raw,1040,27712
0,1291,421197155,10,9256,1332.5311222872745,9205.5523181109893,10,10,raw,1040,27712
0,1292,421871598,10,9264,1334.5780626143176,9219.604912405277,10,10,raw,1040,27712
0,1293,422271202,10,9272,1335.7908642038483,9227.9310020679695,10,10,raw,1040,27712
0,1294,422452055,10,9280,1336.3397546200385,9231.6992283464024,10,10,raw,1040,27712
0,1295,423297143,10,9288,1338.9046039951531,9249.3073565454797,10,10,raw,1040,27712
0,1296,423458958,10,9296,1339.3957139170004,9252.6789098802037,10,10,raw,1040,27712
0,1297,424337018,10,9304,1342.0606335967414,9270.9740377798807,10,10,raw,1040,27712
0,1298,424946730,10,9312,1343.9111147800022,9283.6779065610208,10,10,raw,1040,27712
0,1299,425618233,10,9320,1345.9491321816665,9297.6692434514607,10,10,raw,1040,27712
0,1300,426334799,10,9328,1348.123916177331,9312.5995063247956,10,10,raw,1040,27712
0,1301,427376386,10,9336,1351.2851417136978,9334.3018585372192,10,10,raw,1040,27712
0,1302,428341210,10,9344,1354.2133908824178,9354.4047882694449,10,10,raw,1040,27712
0,1303,428351321,10,9352,1354.2440778546998,9354.6154595654771,10,10,raw,1040,27712
0,1304,428447603,10,9360,1354.536294555842,9356.6215770340295,10,10,raw,1040,27712
0,1305,429246719,10,9368,1356.961618514109,9373.271839461062,10,10,raw,1040,27712
0,1306,429915463,10,9376,1358.9912623269561,9387.2056902367967,10,10,raw,1040,27712
0,1307,430305452,10,9384,1360.1748823084865,9395.3314431858744,10,10,raw,1040,27712
0,1308,430906386,10,9392,1361.9987221859726,9407.8524148612323,10,10,raw,1040,27712
0,1309,431671370,10,9400,1364.3204552295992,9423.791507999751,10,10,raw,1040,27712
0,1310,432485717,10,9408,1366.7920054043459,9440.7591212832613,10,10,raw,1040,27712
0,1311,432849820,10,9416,1367.8970611524185,9448.3455173765306,10,10,raw,1040,27712
0,1312,433825883,10,9424,1370.8594207831579,9468.6826212454507,10,10,raw,1040,27712
0,1313,435228697,10,9432,1375.116973382771,9497.911445641801,10,10,raw,1040,27712
0,1314,435417028,10,9440,1375.6885595935141,9501.8354824188718,10,10,raw,1040,27712
0,1315,435643551,10,9448,1376.3760588539451,9506.5552820421526,10,10,raw,1040,27712
0,1316,436529228,10,9456,1379.0640961944387,9525.0091166238471,10,10,raw,1040,27712
0,1317,436773224,10,9464,1379.804626160703,9530.0929810830075,10,10,raw,1040,27712
0,1318,437196583,10,9472,1381.0895243802956,9538.9140264016405,10,10,raw,1040,27712
0,1319,437825745,10,9480,1382.9990364814562,9552.0231524973715,10,10,raw,1040,27712
0,1320,438509321,10,9488,1385.073695542339,9566.2660406247778,10,10,raw,1040,27712
0,1321,439491462,10,9496,1388.0545019555459,9586.7297848000253,10,10,raw,1040,27712
0,1322,439702541,10,9504,1388.6951285426585,9591.1277955304267,10,10,raw,1040,27712
0,1323,439959813,10,9512,1389.4759512835262,9596.4882767560903,10,10,raw,1040,27712
0,1324,440672238,10,9520,1391.6381673084441,9611.3322583677436,10,10,raw,1040,27712
0,1325,441218227,10,9528,1393.2952486366246,9622.7084041742,10,10,raw,1040,27712
0,1326,442102473,10,9536,1395.9789428797653,9641.1324226521847,10,10,raw,1040,27712
0,1327,442136762,10,9544,1396.0830102907605,9641.846863169405,10,10,raw,1040,27712
0,1328,443243630,10,9552,1399.4423642256575,9664.9094006133855,10,10,raw,1040,27712
0,1329,443535751,10,9560,1400.3289539823547,9670.9959904331954,10,10,raw,1040,27712
0,1330,443535753,10,9568,1400.3289600523722,9670.9960321049002,10,10,raw,1040,27712
0,1331,443535759,10,9576,1400.3289782624238,9670.9961571200074,10,10,raw,1040,27712
0,1332,443535762,10,9584,1400.3289873674496,9670.9962196275628,10,10,raw,1040,27712
0,1333,443535767,10,9592,1400.3290025424928,9670.9963238068231,10,10,raw,1040,27712
0,1334,443535770,10,9600,1400.3290116475189,9670.9963863143767,10,10,raw,1040,27712
0,1335,443535773,10,9608,1400.3290207525447,9670.9964488219321,10,10,raw,1040,27712
0,1336,443535776,10,9616,1400.3290298575707,9670.9965113294875,10,10,raw,1040,27712
0,1337,443535778,10,9624,1400.3290359275879,9670.9965530011905,10,10,raw,1040,27712
0,1338,443535781,10,9632,1400.3290450326137,9670.9966155087459,10,10,raw,1040,27712
0,1339,443535782,10,9640,1400.3290480676226,9670.9966363445965,10,10,raw,1040,27712
0,1340,443535785,10,9648,1400.3290571726484,9670.9966988521519,10,10,raw,1040,27712
0,1341,443535788,10,9656,1400.329066277674,9670.9967613597055,10,10,raw,1040,27712
0,1342,443535790,10,9664,1400.3290723476914,9670.9968030314103,10,10,raw,1040,27712
0,1343,443535794,10,9672,1400.3290844877258,9670.9968863748163,10,10,raw,1040,27712
0,1344,443535795,10,9680,1400.3290875227347,9670.9969072106687,10,10,raw,1040,27712
0,1345,443535800,10,9688,1400.3291026977777,9670.9970113899253,10,10,raw,1040,27712
0,1346,443535802,10,9696,1400.3291087677951,9670.9970530616301,10,10,raw,1040,27712
0,1347,443535805,10,9704,1400.3291178728209,9670.9971155691856,10,10,raw,1040,27712
0,1348,443535806,10,9712,1400.3291209078295,9670.9971364050361,10,10,raw,1040,27712
0,1349,443535808,10,9720,1400.329126977847,9670.997178076741,10,10,raw,1040,27712
0,1350,443535814,10,9728,1400.3291451878988,9670.99730309185,10,10,raw,1040,27712
0,1351,443535815,10,9736,1400.3291482229072,9670.9973239277006,10,10,raw,1040,27712
0,1352,443535817,10,9744,1400.3291542929244,9670.9973655994036,10,10,raw,1040,27712
0,1353,443535819,10,9752,1400.3291603629418,9670.9974072711084,10,10,raw,1040,27712
0,1354,443535822,10,9760,1400.3291694679676,9670.9974697786638,10,10,raw,1040,27712
0,1355,443535826,10,9768,1400.329181608002,9670.997553122068,10,10,raw,1040,27712
0,1356,443535827,10,9776,1400.3291846430109,9670.9975739579204,10,10,raw,1040,27712
0,1357,443535828,10,9784,1400.3291876780195,9670.9975947937728,10,10,raw,1040,27712
0,1358,443535831,10,9792,1400.3291967830455,9670.9976573013282,10,10,raw,1040,27712
0,1359,443535832,10,9800,1400.3291998180539,9670.9976781371788,10,10,raw,1040,27712
0,1360,443535839,10,9808,1400.3292210631143,9670.9978239881402,10,10,raw,1040,27712
0,1361,443535841,10,9816,1400.3292271331316,9670.9978656598432,10,10,raw,1040,27712
0,1362,443535843,10,9824,1400.329233203149,9670.997907331548,10,10,raw,1040,27712
0,1363,443535846,10,9832,1400.329242308175,9670.9979698391035,10,10,raw,1040,27712
0,1364,443535848,10,9840,1400.3292483781922,9670.9980115108065,10,10,raw,1040,27712
0,1365,443535850,10,9848,1400.3292544482094,9670.9980531825076,10,10,raw,1040,27712
0,1366,443535853,10,9856,1400.3292635532353,9670.9981156900631,10,10,raw,1040,27712
0,1367,443535858,10,9864,1400.3292787282783,9670.9982198693215,10,10,raw,1040,27712
0,1368,443535861,10,9872,1400.3292878333043,9670.9982823768769,10,10,raw,1040,27712
0,1369,443535864,10,9880,1400.3292969383301,9670.9983448844305,10,10,raw,1040,27712
0,1370,443535866,10,9888,1400.3293030083476,9670.9983865561353,10,10,raw,1040,27712
0,1371,443535868,10,9896,1400.3293090783648,9670.9984282278383,10,10,raw,1040,27712
0,1372,443535872,10,9904,1400.3293212183994,9670.9985115712461,10,10,raw,1040,27712
0,1373,443535875,10,9912,1400.3293303234252,9670.9985740788015,10,10,raw,1040,27712
0,1374,443535880,10,9920,1400.3293454984685,9670.9986782580581,10,10,raw,1040,27712
0,1375,443535882,10,9928,1400.3293515684857,9670.9987199297611,10,10,raw,1040,27712
0,1376,443535885,10,9936,1400.3293606735115,9670.9987824373165,10,10,raw,1040,27712
0,1377,443535888,10,9944,1400.3293697785373,9670.998844944872,10,10,raw,1040,27712
0,1378,443535891,10,9952,1400.3293788835633,9670.9989074524256,10,10,raw,1040,27712
0,1379,443535892,10,9960,1400.3293819185719,9670.998928288278,10,10,raw,1040,27712
0,1380,443535896,10,9968,1400.3293940586063,9670.999011631684,10,10,raw,1040,27712
0,1381,443535897,10,9976,1400.3293970936152,9670.9990324675364,10,10,raw,1040,27712
0,1382,443535900,10,9984,1400.329406198641,9670.9990949750918,10,10,raw,1040,27712
0,1383,443535902,10,9992,1400.3294122686582,9670.9991366467948,10,10,raw,1040,27712
0,1384,443535904,10,10000,1400.3294183386756,9670.9991783184978,10,10,raw,1040,27712
0,1385,443535907,10,10008,1400.3294274437014,9670.9992408260532,10,10,raw,1040,27712
0,1386,443535909,10,10016,1400.3294335137186,9670.9992824977562,10,10,raw,1040,27712
0,1387,443535910,10,10024,1400.3294365487272,9670.9993033336068,10,10,raw,1040,27712
0,1388,443535914,10,10032,1400.3294486887619,9670.9993866770146,10,10,raw,1040,27712
0,1389,443535917,10,10040,1400.3294577937877,9670.99944918457,10,10,raw,1040,27712
0,1390,443535919,10,10048,1400.3294638638049,9670.9994908562712,10,10,raw,1040,27712
0,1391,443535921,10,10056,1400.3294699338223,9670.999532527976,10,10,raw,1040,27712
0,1392,443535922,10,10064,1400.3294729688307,9670.9995533638266,10,10,raw,1040,27712
0,1393,443535924,10,10072,1400.3294790388481,9670.9995950355315,10,10,raw,1040,27712
0,1394,443535927,10,10080,1400.3294881438742,9670.9996575430869,10,10,raw,1040,27712
0,1395,443535928,10,10088,1400.3294911788826,9670.9996783789375,10,10,raw,1040,27712
0,1396,443535932,10,10096,1400.3295033189172,9670.9997617223435,10,10,raw,1040,27712
0,1397,443535937,10,10104,1400.3295184939604,9670.9998659016019,10,10,raw,1040,27712
0,1398,443535940,10,10112,1400.3295275989863,9670.9999284091573,10,10,raw,1040,27712
0,1399,443535943,10,10120,1400.3295367040121,9670.9999909167127,10,10,raw,1040,27712
0,1400,443535946,10,10128,1400.3295458090381,9671.0000534242663,10,10,raw,1040,27712
0,1401,443535950,10,10136,1400.3295579490728,9671.0001367676741,10,10,raw,1040,27712
0,1402,443535952,10,10144,1400.32956401909,9671.0001784393771,10,10,raw,1040,27712
0,1403,443535953,10,10152,1400.3295670540986,9671.0001992752295,10,10,raw,1040,27712
0,1404,443535955,10,10160,1400.3295731241158,9671.0002409469325,10,10,raw,1040,27712
0,1405,443535958,10,10168,1400.3295822291416,9671.0003034544861,10,10,raw,1040,27712
0,1406,443535959,10,10176,1400.3295852641504,9671.0003242903385,10,10,raw,1040,27712
0,1407,443535962,10,10184,1400.3295943691762,9671.000386797894,10,10,raw,1040,27712
0,1408,443535965,11,10208,1400.3296034742023,9671.0004493054494,10,10,raw,1040,27712
0,1409,443535968,11,10216,1400.3296125792278,9671.000511813003,10,10,raw,1040,27712
0,1410,443535971,11,10224,1400.3296216842539,9671.0005743205584,10,10,raw,1040,27712
0,1411,443535972,11,10232,1400.3296247192625,9671.000595156409,10,10,raw,1040,27712
0,1412,443535973,11,10240,1400.3296277542713,9671.0006159922614,10,10,raw,1040,27712
0,1413,443535974,11,10248,1400.3296307892797,9671.000636828112,10,10,raw,1040,27712
0,1414,443535976,11,10256,1400.3296368592971,9671.0006784998168,10,10,raw,1040,27712
0,1415,443535982,11,10264,1400.329655069349,9671.0008035149276,10,10,raw,1040,27712
0,1416,443535984,11,10272,1400.3296611393662,9671.0008451866306,10,10,raw,1040,27712
0,1417,443535989,11,10280,1400.3296763144092,9671.0009493658872,10,10,raw,1040,27712
0,1418,443535991,11,10288,1400.3296823844266,9671.000991037592,10,10,raw,1040,27712
0,1419,443535997,11,10296,1400.3297005944785,9671.0011160527029,10,10,raw,1040,27712
0,1420,443536000,11,10304,1400.3297096995041,9671.0011785602546,10,10,raw,1040,27712
0,1421,443536003,11,10312,1400.3297188045301,9671.00124106781,10,10,raw,1040,27712
0,1422,443536006,11,10320,1400.3297279095559,9671.0013035753655,10,10,raw,1040,27712
0,1423,443536007,11,10328,1400.3297309445647,9671.0013244112179,10,10,raw,1040,27712
0,1424,443536009,11,10336,1400.3297370145817,9671.0013660829209,10,10,raw,1040,27712
0,1425,443536010,11,10344,1400.3297400495906,9671.0013869187733,10,10,raw,1040,27712
0,1426,443536013,11,10352,1400.3297491546164,9671.0014494263269,10,10,raw,1040,27712
0,1427,443536015,11,10360,1400.3297552246336,9671.0014910980299,10,10,raw,1040,27712
0,1428,443536016,11,10368,1400.3297582596424,9671.0015119338823,10,10,raw,1040,27712
0,1429,443536018,11,10376,1400.3297643296596,9671.0015536055853,10,10,raw,1040,27712
0,1430,443536020,11,10384,1400.329770399677,9671.0015952772901,10,10,raw,1040,27712
0,1431,443539340,11,10392,1400.3398466283363,9671.0707703047665,10,10,raw,1040,27712
0,1432,443550122,11,10400,1400.3725700914106,9671.295422457255,10,10,raw,1040,27712
0,1433,444339249,11,10408,1402.7675773484486,9687.7375555621566,10,10,raw,1040,27712
0,1434,444688777,11,10416,1403.8283978457046,9695.0202691176291,10,10,raw,1040,27712
0,1435,444858894,11,10424,1404.3447044092179,9698.564801692748,10,10,raw,1040,27712
0,1436,445203679,11,10432,1405.3911298605303,9705.7486908038463,10,10,raw,1040,27712
0,1437,445635280,11,10440,1406.701042621271,9714.7414652117786,10,10,raw,1040,27712
0,1438,446127210,11,10448,1408.194054417794,9724.9912457138962,11,10,raw,1040,27712
0,1439,446255992,11,10456,1408.5849088994883,9727.674528361069,11,10,raw,1040,27712
0,1440,446988254,11,10464,1410.8073303906465,9742.9318307618996,11,10,raw,1040,27712
0,1441,447176852,11,10472,1411.3797269486945,9746.8614307113603,11,10,raw,1040,27712
0,1442,447562578,11,10480,1412.5504086884253,9754.8983604248551,11,10,raw,1040,27712
0,1443,449013803,11,10488,1416.9548890909398,9785.1358692354261,11,10,raw,1040,27712
0,1444,449661894,11,10496,1418.9218508705028,9798.6393971670386,11,10,raw,1040,27712
0,1445,450594312,11,10504,1421.7517475494822,9818.0671202906997,11,10,raw,1040,27712
0,1446,451024240,11,10512,1423.0565827407806,9827.0250363188206,11,10,raw,1040,27712
0,1447,451841082,11,10520,1425.535705262065,9844.0446350521961,11,10,raw,1040,27712
0,1448,452013434,11,10528,1426.0587950698716,9847.6357357557536,11,10,raw,1040,27712
0,1449,452683552,11,10536,1428.09260898458,9861.5982149916581,11,10,raw,1040,27712
0,1450,452940960,11,10544,1428.8738444866217,9866.961529893144,11,10,raw,1040,27712
0,1451,453012747,11,10552,1429.0917186513138,9868.4572731755343,11,10,raw,1040,27712
0,1452,453748714,11,10560,1431.3253848494548,9883.7917724067265,11,10,raw,1040,27712
0,1453,454399994,11,10568,1433.3020252715464,9897.3617458692497,11,10,raw,1040,27712
0,1454,454806150,11,10576,1434.5347122376363,9905.8243520319502,11,10,raw,1040,27712
0,1455,455547085,11,10584,1436.7834563586632,9921.2623637741417,11,10,raw,1040,27712
0,1456,455937611,11,10592,1437.968706139829,9929.3993055755545,11,10,raw,1040,27712
0,1457,456759404,11,10600,1440.4628549888523,9946.522062610451,11,10,raw,1040,27712
0,1458,457386042,11,10608,1442.364706728225,9959.5785990166169,11,10,raw,1040,27712
0,1459,457780581,11,10616,1443.5621359990325,9967.7991550907027,11,10,raw,1040,27712
0,1460,458419954,11,10624,1445.5026385733383,9981.1210360676287,11,10,raw,1040,27712
0,1461,459555500,11,10632,1448.9490304857943,10004.781104065225,11,10,raw,1040,27712
0,1462,460384190,11,10640,1451.4641117893552,10022.047565968949,11,10,raw,1040,27712
0,1463,460489299,11,10648,1451.783118511695,10024.237601500014,11,10,raw,1040,27712
0,1464,461208588,11,10656,1453.9661668358658,10039.224600397392,11,10,raw,1040,27712
0,1465,462039341,11,10664,1456.487509362235,10056.53404666307,11,10,raw,1040,27712
0,1466,462376002,11,10672,1457.5092784034182,10063.548665315364,11,10,raw,1040,27712
0,1467,462939964,11,10680,1459.220907941748,10075.299293883523,11,10,raw,1040,27712
0,1468,463661400,11,10688,1461.4104724294523,10090.331027354394,11,10,raw,1040,27712
0,1469,464656566,11,10696,1464.430809830096,10111.06615849738,11,10,raw,1040,27712
0,1470,464702630,11,10704,1464.5706144677376,10112.02594116778,11,10,raw,1040,27712
0,1471,465402491,11,10712,1466.6946986441983,10126.608141139304,11,10,raw,1040,27712
0,1472,465654696,11,10720,1467.4601429963257,10131.863047104656,11,10,raw,1040,27712
0,1473,466251553,11,10728,1469.2716091436178,10144.29907101284,11,10,raw,1040,27712
0,1474,466880718,11,10736,1471.1811303498043,10157.408259616124,11,10,raw,1040,27712
0,1475,467226346,11,10744,1472.2301143133939,10164.609713350164,11,10,raw,1040,27712
0,1476,468004920,11,10752,1474.5930931243347,10180.831965712603,11,10,raw,1040,27712
0,1477,468344808,11,10760,1475.6246561383746,10187.913821658172,11,10,raw,1040,27712
0,1478,469488845,11,10768,1479.0968183091279,10211.750806872124,11,11,raw,1040,27712
0,1479,470205702,11,10776,1481.2724854923044,10226.68713297829,11,11,raw,1040,27712
0,1480,471098175,11,10784,1483.9811487514639,10245.282568007797,11,11,raw,1040,27712
0,1481,471903391,11,10792,1486.4249862623883,10262.059929129893,11,11,raw,1040,27712
0,1482,472070557,11,10800,1486.9323365154276,10265.542975106795,11,11,raw,1040,27712
0,1483,472926129,11,10808,1489.5290049210435,10283.36954637457,11,11,raw,1040,27712
0,1484,472986342,11,10816,1489.7117518958246,10284.624135509963,11,11,raw,1040,27712
0,1485,473868648,11,10824,1492.3895582222187,10303.007732435748,11,11,raw,1040,27712
0,1486,473974102,11,10832,1492.7096120225367,10305.20495633563,11,11,raw,1040,27712
0,1487,474448252,11,10840,1494.1486613655761,10315.084275395413,11,11,raw,1040,27712
0,1488,475218993,11,10848,1496.4878669538996,10331.143320531879,11,11,raw,1040,27712
0,1489,475352802,11,10856,1496.8939784239888,10333.931345005296,11,11,raw,1040,27712
0,1490,476823547,11,10864,1501.3577021950073,10364.575569640072,11,11,raw,1040,27712
0,1491,477054045,11,10872,1502.0572656147519,10369.378191773663,11,11,raw,1040,27712
0,1492,477510376,11,10880,1503.4422341389711,10378.886236792896,11,11,raw,1040,27712
0,1493,477641273,11,10888,1503.8395076639226,10381.613587266309,11,11,raw,1040,27712
0,1494,478374465,11,10896,1506.064751713109,10396.890267009174,11,11,raw,1040,27712
0,1495,478932286,11,10904,1507.7577432634275,10408.512942612351,11,11,raw,1040,27712
0,1496,479692545,11,10912,1510.0651358912667,10424.353586351825,11,11,raw,1040,27712
0,1497,480018313,11,10920,1511.0538445834172,10431.141240072096,11,11,raw,1040,27712
0,1498,480219056,11,10928,1511.6631013213055,10435.323891439844,11,11,raw,1040,27712
0,1499,480505210,11,10936,1512.5315811814935,10441.286153732859,11,11,raw,1040,27712
0,1500,481311609,11,10944,1514.97900910763,10458.088163667457,11,11,raw,1040,27712
0,1501,482000503,11,10952,1517.0698083444197,10472.441856853937,11,11,raw,1040,27712
0,1502,482813577,11,10960,1519.5374949531772,10489.382946098296,11,11,raw,1040,27712
0,1503,483609295,11,10968,1521.9525059521111,10505.962408301422,11,11,raw,1040,27712
0,1504,483876614,11,10976,1522.7638214247086,10511.532227328613,11,11,raw,1040,27712
0,1505,484188746,11,10984,1523.711144739148,10518.035763375787,11,11,raw,1040,27712
0,1506,484645215,11,10992,1525.0965320945584,10527.546683742547,11,11,raw,1040,27712
0,1507,485305398,11,11000,1527.100193198504,10541.302158792309,11,11,raw,1040,27712
0,1508,485763283,11,11008,1528.4898781261379,10550.842582725005,11,11,raw,1040,27712
0,1509,486512389,11,11016,1530.7634213026997,10566.450844211027,11,11,raw,1040,27712
0,1510,487271588,11,11024,1533.0675968213884,10582.269401947751,11,11,raw,1040,27712
0,1511,487313040,11,11032,1533.1934039992175,10583.133089670342,11,11,raw,1040,27712
0,1512,489283930,11,11040,1539.175072162674,10624.198261328538,12,11,raw,1040,27712
0,1513,490177835,11,11048,1541.888081554195,10642.823533297609,12,11,raw,1040,27712
0,1514,490721203,11,11056,1543.5372081247499,10654.145068336891,12,11,raw,1040,27712
0,1515,491000946,11,11064,1544.3862305445957,10659.973751984979,12,11,raw,1040,27712
0,1516,491916215,11,11072,1547.1640798605383,10679.044161088696,12,11,raw,1040,27712
0,1517,491993943,11,11080,1547.3999850115156,10680.663690165737,12,11,raw,1040,27712
0,1518,492230694,11,11088,1548.1185263402383,10685.596598879692,12,11,raw,1040,27712
0,1519,492445979,11,11096,1548.7719181736586,10690.082245202133,12,11,raw,1040,27712
0,1520,492491439,11,11104,1548.9098896660862,10691.029443018137,12,11,raw,1040,27712
0,1521,493266483,11,11112,1551.2621548965546,10707.178144824251,12,11,raw,1040,27712
0,1522,494499382,11,11120,1555.004014004398,10732.866645487515,12,11,raw,1040,27712
0,1523,495114346,11,11128,1556.8704350529963,10745.67994416152,12,11,raw,1040,27712
0,1524,495630070,11,11136,1558.4356618449178,10756.425492917795,12,11,raw,1040,27712
0,1525,496386736,11,11144,1560.7321496867407,10772.191273442289,12,11,raw,1040,27712
0,1526,497380861,11,11152,1563.7493276433979,10792.90471446371,12,11,raw,1040,27712
0,1527,498359288,11,11160,1566.7188620345441,10813.291074285928,12,11,raw,1040,27712
0,1528,498994495,11,11168,1568.6467207628875,10826.526153104882,12,11,raw,1040,27712
0,1529,498996499,11,11176,1568.6528029201868,10826.567908151588,12,11,raw,1040,27712
0,1530,499145672,11,11184,1569.1055442629038,10829.676054649753,12,11,raw,1040,27712
0,1531,499376127,11,11192,1569.8049771772771,10834.477780841722,12,11,raw,1040,27712
0,1532,499778943,11,11200,1571.0275272145348,10842.870795259912,12,11,raw,1040,27712
0,1533,500222116,11,11208,1572.3725610951692,10852.104682143137,12,11,raw,1040,27712
0,1534,500222117,11,11216,1572.372564130178,10852.10470297899,12,11,raw,1040,27712
0,1535,500222119,11,11224,1572.3725702001952,10852.104744650693,12,11,raw,1040,27712
0,1536,500222123,12,11248,1572.3725823402297,10852.104827994099,12,11,for,416,27712
0,1537,500222131,12,11251.125,1572.3726066202987,10852.104994680913,12,11,for,416,27712
0,1538,500222133,12,11254.25,1572.3726126903159,10852.105036352616,12,11,for,416,27712
0,1539,500222137,12,11257.375,1572.3726248303506,10852.105119696023,12,11,for,416,27712
0,1540,500222139,12,11260.5,1572.3726309003678,10852.105161367726,12,11,for,416,27712
0,1541,500222141,12,11263.625,1572.372636970385,10852.105203039429,12,11,for,416,27712
0,1542,500222143,12,11266.75,1572.3726430404024,10852.105244711132,12,11,for,416,27712
0,1543,500222146,12,11269.875,1572.3726521454282,10852.105307218688,12,11,for,416,27712
0,1544,500222150,12,11273,1572.3726642854626,10852.105390562094,12,11,for,416,27712
0,1545,500222153,12,11276.125,1572.3726733904887,10852.105453069649,12,11,for,416,27712
0,1546,500222154,12,11279.25,1572.3726764254973,10852.105473905502,12,11,for,416,27712
0,1547,500222155,12,11282.375,1572.3726794605059,10852.105494741352,12,11,for,416,27712
0,1548,500222160,12,11285.5,1572.3726946355491,10852.105598920611,12,11,for,416,27712
0,1549,500222163,12,11288.625,1572.3727037405749,10852.105661428166,12,11,for,416,27712
0,1550,500222165,12,11291.75,1572.3727098105921,10852.105703099869,12,11,for,416,27712
0,1551,500222168,12,11294.875,1572.3727189156182,10852.105765607424,12,11,for,416,27712
0,1552,500222170,12,11298,1572.3727249856354,10852.105807279127,12,11,for,416,27712
0,1553,500222172,12,11301.125,1572.3727310556528,10852.10584895083,12,11,for,416,27712
0,1554,500222173,12,11304.25,1572.3727340906612,10852.105869786681,12,11,for,416,27712
0,1555,500222180,12,11307.375,1572.3727553357216,10852.106015637644,12,11,for,416,27712
0,1556,500222183,12,11310.5,1572.3727644407477,10852.106078145198,12,11,for,416,27712
0,1557,500222186,12,11313.625,1572.3727735457735,10852.106140652753,12,11,for,416,27712
0,1558,500222187,12,11316.75,1572.3727765807821,10852.106161488604,12,11,for,416,27712
0,1559,500222190,12,11319.875,1572.3727856858079,10852.106223996159,12,11,for,416,27712
0,1560,500222192,12,11323,1572.3727917558253,10852.106265667864,12,11,for,416,27712
0,1561,500222195,12,11326.125,1572.3728008608512,10852.10632817542,12,11,for,416,27712
0,1562,500222196,12,11329.25,1572.3728038958598,10852.10634901127,12,11,for,416,27712
0,1563,500222197,12,11332.375,1572.3728069308684,10852.106369847121,12,11,for,416,27712
0,1564,500222200,12,11335.5,1572.3728160358944,10852.106432354676,12,11,for,416,27712
0,1565,500222203,12,11338.625,1572.3728251409202,10852.106494862232,12,11,for,416,27712
0,1566,500222212,12,11341.75,1572.3728524559979,10852.106682384896,12,11,for,416,27712
0,1567,500222217,12,11344.875,1572.3728676310411,10852.106786564154,12,11,for,416,27712
0,1568,500222223,12,11348,1572.372885841093,10852.106911579265,12,11,for,416,27712
0,1569,500222228,12,11351.125,1572.372901016136,10852.107015758522,12,11,for,416,27712
0,1570,500222229,12,11354.25,1572.3729040511446,10852.107036594374,12,11,for,416,27712
0,1571,500222232,12,11357.375,1572.3729131561706,10852.10709910193,12,11,for,416,27712
0,1572,500222237,12,11360.5,1572.3729283312136,10852.107203281188,12,11,for,416,27712
0,1573,500222238,12,11363.625,1572.3729313662225,10852.107224117039,12,11,for,416,27712
0,1574,500222239,12,11366.75,1572.3729344012311,10852.107244952891,12,11,for,416,27712
0,1575,500222243,12,11369.875,1572.3729465412655,10852.107328296297,12,11,for,416,27712
0,1576,500222246,12,11373,1572.3729556462913,10852.107390803852,12,11,for,416,27712
0,1577,500222247,12,11376.125,1572.3729586813001,10852.107411639705,12,11,for,416,27712
0,1578,500222250,12,11379.25,1572.3729677863259,10852.10747414726,12,11,for,416,27712
0,1579,500222253,12,11382.375,1572.372976891352,10852.107536654814,12,11,for,416,27712
0,1580,500222254,12,11385.5,1572.3729799263604,10852.107557490664,12,11,for,416,27712
0,1581,500222257,12,11388.625,1572.3729890313864,10852.10761999822,12,11,for,416,27712
0,1582,500222258,12,11391.75,1572.372992066395,10852.107640834072,12,11,for,416,27712
0,1583,500222261,12,11394.875,1572.373001171421,10852.107703341628,12,11,for,416,27712
0,1584,500222266,12,11398,1572.3730163464641,10852.107807520884,12,11,for,416,27712
0,1585,500222269,12,11401.125,1572.3730254514899,10852.10787002844,12,11,for,416,27712
0,1586,500222272,12,11404.25,1572.3730345565159,10852.107932535995,12,11,for,416,27712
0,1587,500222274,12,11407.375,1572.3730406265331,10852.107974207698,12,11,for,416,27712
0,1588,500222276,12,11410.5,1572.3730466965505,10852.108015879403,12,11,for,416,27712
0,1589,500222277,12,11413.625,1572.3730497315589,10852.108036715254,12,11,for,416,27712
0,1590,500222278,12,11416.75,1572.3730527665678,10852.108057551106,12,11,for,416,27712
0,1591,500222281,12,11419.875,1572.3730618715936,10852.10812005866,12,11,for,416,27712
0,1592,500222285,12,11423,1572.3730740116282,10852.108203402067,12,11,for,416,27712
0,1593,500222287,12,11426.125,1572.3730800816454,10852.10824507377,12,11,for,416,27712
0,1594,500222288,12,11429.25,1572.373083116654,10852.108265909623,12,11,for,416,27712
0,1595,500222293,12,11432.375,1572.3730982916973,10852.108370088879,12,11,for,416,27712
0,1596,500222294,12,11435.5,1572.3731013267059,10852.108390924732,12,11,for,416,27712
0,1597,500222295,12,11438.625,1572.3731043617145,10852.108411760582,12,11,for,416,27712
0,1598,500222298,12,11441.75,1572.3731134667403,10852.108474268138,12,11,for,416,27712
0,1599,500222299,12,11444.875,1572.3731165017489,10852.10849510399,12,11,for,416,27712
0,1600,500222300,12,11448,1572.3731195367575,10852.108515939841,12,11,for,416,27712
0,1601,500222302,12,11451.125,1572.3731256067749,10852.108557611546,12,11,for,416,27712
0,1602,500222303,12,11454.25,1572.3731286417833,10852.108578447396,12,11,for,416,27712
0,1603,500222305,12,11457.375,1572.3731347118007,10852.108620119099,12,11,for,416,27712
0,1604,500222307,12,11460.5,1572.3731407818179,10852.108661790802,12,11,for,416,27712
0,1605,500222308,12,11463.625,1572.3731438168268,10852.108682626655,12,11,for,416,27712
0,1606,500222313,12,11466.75,1572.3731589918698,10852.108786805913,12,11,for,416,27712
0,1607,500222316,12,11469.875,1572.3731680968956,10852.108849313468,12,11,for,416,27712
0,1608,500222318,12,11473,1572.3731741669128,10852.108890985171,12,11,for,416,27712
0,1609,500222320,12,11476.125,1572.3731802369302,10852.108932656874,12,11,for,416,27712
0,1610,500222322,12,11479.25,1572.3731863069474,10852.108974328577,12,11,for,416,27712
0,1611,500222324,12,11482.375,1572.3731923769647,10852.10901600028,12,11,for,416,27712
0,1612,500222325,12,11485.5,1572.3731954119735,10852.109036836133,12,11,for,416,27712
0,1613,500222328,12,11488.625,1572.3732045169993,10852.109099343688,12,11,for,416,27712
0,1614,500222330,12,11491.75,1572.3732105870165,10852.109141015391,12,11,for,416,27712
0,1615,500222333,12,11494.875,1572.3732196920423,10852.109203522945,12,11,for,416,27712
0,1616,500222336,12,11498,1572.3732287970684,10852.1092660305,12,11,for,416,27712
0,1617,500222340,12,11501.125,1572.373240937103,10852.109349373908,12,11,for,416,27712
0,1618,500222347,12,11504.25,1572.3732621821632,10852.109495224868,12,11,for,416,27712
0,1619,500222351,12,11507.375,1572.3732743221979,10852.109578568276,12,11,for,416,27712
0,1620,500222352,12,11510.5,1572.3732773572065,10852.109599404128,12,11,for,416,27712
0,1621,500222353,12,11513.625,1572.3732803922151,10852.109620239979,12,11,for,416,27712
0,1622,500222357,12,11516.75,1572.3732925322497,10852.109703583386,12,11,for,416,27712
0,1623,500222358,12,11519.875,1572.3732955672583,10852.109724419239,12,11,for,416,27712
0,1624,500222361,12,11523,1572.3733046722841,10852.109786926791,12,11,for,416,27712
0,1625,500222362,12,11526.125,1572.3733077072927,10852.109807762643,12,11,for,416,27712
0,1626,500740990,12,11529.25,1573.9473481642829,10862.915863832108,12,11,for,416,27712
0,1627,501093539,12,11532.375,1575.0173374226172,10870.261522495417,12,11,for,416,27712
0,1628,501418840,12,11535.5,1576.0046287657365,10877.039445872968,12,11,for,416,27712
0,1629,501920470,12,11538.625,1577.5270801459935,10887.491334136088,12,11,for,416,27712
0,1630,503091880,12,11541.75,1581.0823196080407,10911.898659117252,12,11,for,416,27712
0,1631,503712601,12,11544.875,1582.9662132013359,10924.831909789207,12,11,for,416,27712
0,1632,504281992,12,11548,1584.6943198015308,10936.695656195974,12,11,for,416,27712
0,1633,504927648,12,11551.125,1586.6538913350739,10950.148448828819,12,11,for,416,27712
0,1634,504983828,12,11554.25,1586.8243981200405,10951.319006974507,12,11,for,416,27712
0,1635,505162349,12,11557.375,1587.3662108961005,10955.038644046892,12,11,for,416,27712
0,1636,505532007,12,11560.5,1588.4881261171258,10962.740783296076,12,11,for,416,27712
0,1637,506073154,12,11563.625,1590.1305119335082,10974.016041908844,12,11,for,416,27712
0,1638,506190815,12,11566.75,1590.4876140842018,10976.467609049818,12,11,for,416,27712
0,1639,506535289,12,11569.875,1591.5330956478299,10983.645018211055,12,11,for,416,27712
0,1640,507693084,12,11573,1595.0470134673476,11007.768663072007,12,11,for,416,27712
0,1641,508744277,12,11576.125,1598.2373932966368,11029.67116447538,12,11,for,416,27712
0,1642,508754216,12,11579.25,1598.267558247434,11029.878252004926,12,11,for,416,27712
0,1643,509948921,12,11582.375,1601.8934982355725,11054.770948150275,12,11,for,416,27712
0,1644,510384617,12,11585.5,1603.2158393566629,11063.849045370715,12,11,for,416,27712
0,1645,510798150,12,11588.625,1604.4709155814335,11072.465357611036,12,11,for,416,27712
0,1646,511756922,12,11591.75,1607.3807968779106,11092.442188769079,12,11,for,416,27712
0,1647,512706620,12,11594.875,1610.2631385060574,11112.22995540925,12,11,for,416,27712
0,1648,513356069,12,11598,1612.2342218273429,11125.761778427401,12,11,for,416,27712
0,1649,513616550,12,11601.125,1613.024783910912,11131.189121901009,12,11,for,416,27712
0,1650,513798845,12,11604.25,1613.5780508095504,11134.987393477521,12,11,for,416,27712
0,1651,514071471,12,11607.375,1614.4054730729595,11140.667788369416,12,11,for,416,27712
0,1652,515573049,12,11610.5,1618.96277526514,11171.954444818113,12,11,for,416,27712
0,1653,515777149,12,11613.625,1619.5822205270072,11176.207042139849,12,11,for,416,27712
0,1654,516357864,12,11616.75,1621.3446955649554,11188.306733730698,12,11,for,416,27712
0,1655,516361803,12,11619.875,1621.3566504639584,11188.388806150348,12,11,for,416,27712
0,1656,516691961,12,11623,1622.3586828440052,11195.267929259364,12,11,for,416,27712
0,1657,518049023,12,11626.125,1626.4773777286698,11223.543471771029,12,11,for,416,27712
0,1658,518376292,12,11629.25,1627.4706419687777,11230.362400104628,12,11,for,416,27712
0,1659,518390732,12,11632.375,1627.514467493429,11230.663269802451,12,11,for,416,27712
0,1660,518920907,12,11635.5,1629.123553195097,11241.709917450917,12,12,for,416,27712
0,1661,519877030,12,11638.625,1632.0253947537069,11261.631554437938,12,12,for,416,27712
0,1662,520547248,12,11641.75,1634.0595121692784,11275.596117259005,12,12,for,416,27712
0,1663,520799244,12,11644.875,1634.8243222046017,11280.846668531365,12,12,for,416,27712
0,1664,521687373,13,11664,1637.5198013862621,11299.351592621306,12,12,raw,1040,27712
0,1665,522538856,13,11672,1640.1040596415803,11317.092966091685,12,12,raw,1040,27712
0,1666,522961130,13,11680,1641.3856648768069,11325.89140451128,12,12,raw,1040,27712
0,1667,523543539,13,11688,1643.1532812193782,11338.026392034822,12,12,raw,1040,27712
0,1668,524085183,13,11696,1644.7971754350508,11349.31200606586,12,12,raw,1040,27712
0,1669,525061422,13,11704,1647.7600692273097,11369.652777044672,12,12,raw,1040,27712
0,1670,525578758,13,11712,1649.3301884531465,11380.431913193803,12,12,raw,1040,27712
0,1671,527304011,13,11720,1654.566346201173,11416.379028760284,12,12,raw,1040,27712
0,1672,527821062,13,11728,1656.1356004495499,11427.152226691696,12,12,raw,1040,27712
0,1673,529052594,13,11736,1659.8733107005928,11452.812244745755,12,12,raw,1040,27712
0,1674,529920209,13,11744,1662.5065297151687,11470.88974217495,12,12,raw,1040,27712
0,1675,530231475,13,11752,1663.4512247121324,11477.375234374596,12,12,raw,1040,27712
0,1676,530521876,13,11760,1664.3325942539823,11483.425986529568,13,12,raw,1040,27712
0,1677,531102649,13,11768,1666.0952453224311,11495.526886599813,13,12,raw,1040,27712
0,1678,531673960,13,11776,1667.8291791392003,11507.430637841748,13,12,raw,1040,27712
0,1679,532268468,13,11784,1669.6335160512147,11519.817718334403,13,12,raw,1040,27712
0,1680,533688255,13,11792,1673.942581852345,11549.400189640806,13,12,raw,1040,27712
0,1681,534170244,13,11800,1675.4054226280534,11559.442840941672,13,12,raw,1040,27712
0,1682,535133878,13,11808,1678.3300601365011,11579.520976010435,13,12,raw,1040,27712
0,1683,535772201,13,11816,1680.2673759517429,11592.820979343131,13,12,raw,1040,27712
0,1684,536602263,13,11824,1682.7866212871472,11610.116028035318,13,12,raw,1040,27712
0,1685,536616990,13,11832,1682.8313178592762,11610.422877622566,13,12,raw,1040,27712
0,1686,536695010,13,11840,1683.0681092327738,11612.048490768288,13,12,raw,1040,27712
0,1687,537397945,13,11848,1685.2015230257707,11626.694740147785,13,12,raw,1040,27712
0,1688,538331886,13,11856,1688.0360420228969,11646.154196273508,13,12,raw,1040,27712
0,1689,538730131,13,11864,1689.2447190356963,11654.451970013808,13,13,raw,1040,27712
0,1690,538730688,13,11872,1689.2464095355047,11654.463575583177,13,13,raw,1040,27712
0,1691,541744294,13,11880,1698.392729760074,11717.254623130311,13,13,raw,1040,27712
0,1692,541862571,13,11888,1698.7517014760849,11719.7190251559,13,13,raw,1040,27712
0,1693,542549149,13,11896,1700.835471632882,11734.02446250996,13,13,raw,1040,27712
0,1694,542772441,13,11904,1701.5131647804217,11738.676941496562,13,13,raw,1040,27712
0,1695,542775438,13,11912,1701.5222607012929,11738.739386543957,13,13,raw,1040,27712
0,1696,543077237,13,11920,1702.4382232715343,11745.027625736035,13,13,raw,1040,27712
0,1697,543642688,13,11928,1704.154371937718,11756.8092788873,13,13,raw,1040,27712
0,1698,543987736,13,11936,1705.2015955963009,11763.998647827382,13,13,raw,1040,27712
0,1699,544916401,13,11944,1708.0201018878829,11783.348173999801,13,13,raw,1040,27712
0,1700,546115908,13,11952,1711.6606159874741,11808.340923904772,13,13,raw,1040,27712
0,1701,546960089,13,11960,1714.2227126097589,11825.930153986405,13,13,raw,1040,27712
0,1702,547077780,13,11968,1714.5799058107116,11828.382346202929,13,13,raw,1040,27712
0,1703,547606848,13,11976,1716.1856317578233,11839.405928563618,13,13,raw,1040,27712
0,1704,547752812,13,11984,1716.628633757839,11842.447212813839,13,13,raw,1040,27712
0,1705,547918559,13,11992,1717.1316773336289,11845.900692717247,13,13,raw,1040,27712
0,1706,548550437,13,12000,1719.0494325182351,11859.066408986058,13,13,raw,1040,27712
0,1707,548946292,13,12008,1720.2508558604029,11867.314385040916,13,13,raw,1040,27712
0,1708,549911806,13,12016,1723.1811991850793,11887.431691510779,13,13,raw,1040,27712
0,1709,550039761,13,12024,1723.5695437146344,11890.097742908638,13,13,raw,1040,27712
0,1710,550277800,13,12032,1724.2919941344758,11895.05748819952,13,13,raw,1040,27712
0,1711,550907412,13,12040,1726.2028719895211,11908.175990428494,13,13,raw,1040,27712
0,1712,551218391,13,12048,1727.1466959390075,11914.655502738715,13,13,raw,1040,27712
0,1713,551971083,13,12056,1729.4311226565253,11930.338481588755,13,13,raw,1040,27712
0,1714,552610681,13,12064,1731.3723081077735,11943.665050632302,13,13,raw,1040,27712
0,1715,553770282,13,12072,1734.8917071528813,11967.826325041335,13,13,raw,1040,27712
0,1716,554705435,13,12080,1737.72990458047,11987.311034219258,13,13,raw,1040,27712
0,1717,555590048,13,12088,1740.4147126717792,12005.742699454799,13,13,raw,1040,27712
0,1718,556280010,13,12096,1742.508753297788,12020.11864533084,13,13,raw,1040,27712
0,1719,556707353,13,12104,1743.8057429917719,12029.022700682446,13,13,raw,1040,27712
0,1720,556767741,13,12112,1743.9890210930635,12030.280936091878,13,13,raw,1040,27712
0,1721,557585031,13,12120,1746.4695032982154,12047.309869286795,13,13,raw,1040,27712
0,1722,557585034,13,12128,1746.4695124032412,12047.309931794351,13,13,raw,1040,27712
0,1723,557585036,13,12136,1746.4695184732584,12047.309973466054,13,13,raw,1040,27712
0,1724,557585037,13,12144,1746.469521508267,12047.309994301904,13,13,raw,1040,27712
0,1725,557585038,13,12152,1746.4695245432756,12047.310015137755,13,13,raw,1040,27712
0,1726,557585042,13,12160,1746.4695366833103,12047.310098481163,13,13,raw,1040,27712
0,1727,557585044,13,12168,1746.4695427533275,12047.310140152866,13,13,raw,1040,27712
0,1728,557585048,13,12176,1746.4695548933621,12047.310223496273,13,13,raw,1040,27712
0,1729,557585051,13,12184,1746.4695639983879,12047.310286003827,13,13,raw,1040,27712
0,1730,557585054,13,12192,1746.4695731034137,12047.310348511382,13,13,raw,1040,27712
0,1731,557585056,13,12200,1746.4695791734309,12047.310390183085,13,13,raw,1040,27712
0,1732,557585057,13,12208,1746.4695822084398,12047.310411018938,13,13,raw,1040,27712
0,1733,557585064,13,12216,1746.4696034535,12047.310556869899,13,13,raw,1040,27712
0,1734,557585065,13,12224,1746.4696064885088,12047.31057770575,13,13,raw,1040,27712
0,1735,557585067,13,12232,1746.469612558526,12047.310619377453,13,13,raw,1040,27712
0,1736,557585069,13,12240,1746.4696186285435,12047.310661049158,13,13,raw,1040,27712
0,1737,557585074,13,12248,1746.4696338035865,12047.310765228416,13,13,raw,1040,27712
0,1738,557585077,13,12256,1746.4696429086123,12047.310827735972,13,13,raw,1040,27712
0,1739,557585078,13,12264,1746.4696459436211,12047.310848571822,13,13,raw,1040,27712
0,1740,557585079,13,12272,1746.4696489786295,12047.310869407673,13,13,raw,1040,27712
0,1741,557585080,13,12280,1746.4696520136383,12047.310890243525,13,13,raw,1040,27712
0,1742,557585083,13,12288,1746.4696611186641,12047.310952751081,13,13,raw,1040,27712
0,1743,557585090,13,12296,1746.4696823637244,12047.311098602042,13,13,raw,1040,27712
0,1744,557585093,13,12304,1746.4696914687504,12047.311161109596,13,13,raw,1040,27712
0,1745,557585095,13,12312,1746.4696975387678,12047.3112027813,13,13,raw,1040,27712
0,1746,557585099,13,12320,1746.4697096788022,12047.311286124706,13,13,raw,1040,27712
0,1747,557585101,13,12328,1746.4697157488197,12047.311327796411,13,13,raw,1040,27712
0,1748,557585104,13,12336,1746.4697248538455,12047.311390303965,13,13,raw,1040,27712
0,1749,557585111,13,12344,1746.4697460989057,12047.311536154926,13,13,raw,1040,27712
0,1750,557585115,13,12352,1746.4697582389404,12047.311619498334,13,13,raw,1040,27712
0,1751,557585116,13,12360,1746.4697612739492,12047.311640334186,13,13,raw,1040,27712
0,1752,557585118,13,12368,1746.4697673439664,12047.311682005888,13,13,raw,1040,27712
0,1753,557585122,13,12376,1746.4697794840006,12047.311765349294,13,13,raw,1040,27712
0,1754,557585127,13,12384,1746.4697946590441,12047.311869528554,13,13,raw,1040,27712
0,1755,557585128,13,12392,1746.4697976940524,12047.311890364404,13,13,raw,1040,27712
0,1756,557585131,13,12400,1746.4698067990785,12047.31195287196,13,13,raw,1040,27712
0,1757,557585136,13,12408,1746.4698219741217,12047.312057051218,13,13,raw,1040,27712
0,1758,557585138,13,12416,1746.4698280441389,12047.312098722921,13,13,raw,1040,27712
0,1759,557585140,13,12424,1746.4698341141561,12047.312140394624,13,13,raw,1040,27712
0,1760,557585144,13,12432,1746.4698462541908,12047.312223738032,13,13,raw,1040,27712
0,1761,557585146,13,12440,1746.469852324208,12047.312265409733,13,13,raw,1040,27712
0,1762,557585151,13,12448,1746.469867499251,12047.312369588992,13,13,raw,1040,27712
0,1763,557585156,13,12456,1746.4698826742942,12047.312473768252,13,13,raw,1040,27712
0,1764,557585157,13,12464,1746.4698857093028,12047.312494604103,13,13,raw,1040,27712
0,1765,557585162,13,12472,1746.4699008843461,12047.312598783361,13,13,raw,1040,27712
0,1766,557585164,13,12480,1746.4699069543633,12047.312640455064,13,13,raw,1040,27712
0,1767,557585165,13,12488,1746.4699099893721,12047.312661290916,13,13,raw,1040,27712
0,1768,557585167,13,12496,1746.4699160593893,12047.312702962619,13,13,raw,1040,27712
0,1769,557585168,13,12504,1746.4699190943979,12047.312723798472,13,13,raw,1040,27712
0,1770,557585171,13,12512,1746.469928199424,12047.312786306027,13,13,raw,1040,27712
0,1771,557585173,13,12520,1746.4699342694412,12047.312827977728,13,13,raw,1040,27712
0,1772,557585178,13,12528,1746.4699494444842,12047.312932156987,13,13,raw,1040,27712
0,1773,557585181,13,12536,1746.46995854951,12047.312994664542,13,13,raw,1040,27712
0,1774,557585183,13,12544,1746.4699646195272,12047.313036336245,13,13,raw,1040,27712
0,1775,557585186,13,12552,1746.4699737245533,12047.313098843801,13,13,raw,1040,27712
0,1776,557585190,13,12560,1746.4699858645879,12047.313182187207,13,13,raw,1040,27712
0,1777,557585194,13,12568,1746.4699980046223,12047.313265530614,13,13,raw,1040,27712
0,1778,557585197,13,12576,1746.4700071096483,12047.31332803817,13,13,raw,1040,27712
0,1779,557585199,13,12584,1746.4700131796656,12047.313369709873,13,13,raw,1040,27712
0,1780,557585204,13,12592,1746.4700283547086,12047.313473889129,13,13,raw,1040,27712
0,1781,557585205,13,12600,1746.4700313897174,12047.313494724982,13,13,raw,1040,27712
0,1782,557585208,13,12608,1746.4700404947432,12047.313557232537,13,13,raw,1040,27712
0,1783,557585212,13,12616,1746.4700526347776,12047.313640575943,13,13,raw,1040,27712
0,1784,557585213,13,12624,1746.4700556697862,12047.313661411796,13,13,raw,1040,27712
0,1785,557585214,13,12632,1746.4700587047951,12047.313682247646,13,13,raw,1040,27712
0,1786,557585216,13,12640,1746.4700647748123,12047.313723919349,13,13,raw,1040,27712
0,1787,557585218,13,12648,1746.4700708448295,12047.313765591052,13,13,raw,1040,27712
0,1788,557585221,13,12656,1746.4700799498553,12047.313828098608,13,13,raw,1040,27712
0,1789,557585224,13,12664,1746.4700890548813,12047.313890606163,13,13,raw,1040,27712
0,1790,557585225,13,12672,1746.4700920898899,12047.313911442016,13,13,raw,1040,27712
0,1791,557585226,13,12680,1746.4700951248985,12047.313932277866,13,13,raw,1040,27712
0,1792,557585228,14,12704,1746.4701011949157,12047.313973949569,13,13,raw,1040,27712
0,1793,557585232,14,12712,1746.4701133349504,12047.314057292977,13,13,raw,1040,27712
0,1794,557585233,14,12720,1746.470116369959,12047.314078128828,13,13,raw,1040,27712
0,1795,557585235,14,12728,1746.4701224399764,12047.314119800532,13,13,raw,1040,27712
0,1796,557585237,14,12736,1746.4701285099936,12047.314161472235,13,13,raw,1040,27712
0,1797,557585239,14,12744,1746.4701345800108,12047.314203143938,13,13,raw,1040,27712
0,1798,557585240,14,12752,1746.4701376150194,12047.314223979789,13,13,raw,1040,27712
0,1799,557585244,14,12760,1746.4701497550539,12047.314307323195,13,13,raw,1040,27712
0,1800,557585247,14,12768,1746.4701588600797,12047.31436983075,13,13,raw,1040,27712
0,1801,557585248,14,12776,1746.4701618950885,12047.314390666603,13,13,raw,1040,27712
0,1802,557585251,14,12784,1746.4701710001143,12047.314453174158,13,13,raw,1040,27712
0,1803,557585256,14,12792,1746.4701861751576,12047.314557353415,13,13,raw,1040,27712
0,1804,557585258,14,12800,1746.470192245175,12047.31459902512,13,13,raw,1040,27712
0,1805,557585262,14,12808,1746.4702043852092,12047.314682368526,13,13,raw,1040,27712
0,1806,557585264,14,12816,1746.4702104552266,12047.31472404023,13,13,raw,1040,27712
0,1807,557585266,14,12824,1746.4702165252438,12047.314765711933,13,13,raw,1040,27712
0,1808,557957872,14,12832,1747.6010789517175,12055.078329051781,13,13,raw,1040,27712
0,1809,558234381,14,12840,1748.4402861536462,12060.839629555632,13,13,raw,1040,27712
0,1810,559075357,14,12848,1750.9926555732643,12078.362080732728,13,13,raw,1040,27712
0,1811,560921850,14,12856,1756.5967777678798,12116.835334953237,13,13,raw,1040,27712
0,1812,561274837,14,12864,1757.6680963599947,12124.190119719566,13,13,raw,1040,27712
0,1813,562317039,14,12872,1760.8311884266707,12145.905285980756,13,13,raw,1040,27712
0,1814,562654722,14,12880,1761.8560592466761,12152.941198873437,13,13,raw,1040,27712
0,1815,563657745,14,12888,1764.9002427101443,12173.840037302836,13,13,raw,1040,27712
0,1816,563719430,14,12896,1765.0874572176319,12175.125296811857,13,13,raw,1040,27712
0,1817,564655756,14,12904,1767.9292147103467,12194.634446443766,13,13,raw,1040,27712
0,1818,564932230,14,12912,1768.7683156869734,12200.39501769281,13,13,raw,1040,27712
0,1819,565381320,14,12920,1770.1313077136856,12209.752190310248,13,13,raw,1040,27712
0,1820,566330067,14,12928,1773.0107630486227,12229.520142055499,13,13,raw,1040,27712
0,1821,566547661,14,12936,1773.6711627169755,12234.0538983594,13,13,raw,1040,27712
0,1822,566899229,14,12944,1774.7381746318413,12241.379117052238,13,13,raw,1040,27712
0,1823,568457160,14,12952,1779.466508665482,12273.83993624896,13,13,raw,1040,27712
0,1824,568459935,14,12960,1779.4749308144367,12273.897755737287,13,13,raw,1040,27712
0,1825,568705157,14,12968,1780.2191817012842,12279.00716495057,13,13,raw,1040,27712
0,1826,569319297,14,12976,1782.0831019027696,12291.803294882819,13,13,raw,1040,27712
0,1827,569384337,14,12984,1782.2804988642192,12293.158458674125,13,13,raw,1040,27712
0,1828,569518778,14,12992,1782.6885284597638,12295.959651405783,13,13,raw,1040,27712
0,1829,570627826,14,13000,1786.0544987134792,12319.06761100636,13,13,raw,1040,27712
0,1830,571091372,14,13008,1787.461364824981,12328.725986695246,13,13,raw,1040,27712
0,1831,571982002,14,13016,1790.1644345632308,12347.283021250163,13,13,raw,1040,27712
0,1832,572729390,14,13024,1792.4327635949624,12362.85548674305,14,13,raw,1040,27712
0,1833,573612196,14,13032,1795.1120874256726,12381.249501594659,14,13,raw,1040,27712
0,1834,574525494,14,13040,1797.883954739601,12400.278843234775,14,13,raw,1040,27712
0,1835,575494042,14,13048,1800.8235062804681,12420.459365678546,14,13,raw,1040,27712
0,1836,575752556,14,13056,1801.6080985020571,12425.845725031957,14,13,raw,1040,27712
0,1837,577107584,14,13064,1805.7206201791635,12454.078887421367,14,13,raw,1040,27712
0,1838,578606100,14,13072,1810.2686291749119,12485.301744492313,14,13,raw,1040,27712
0,1839,578706061,14,13080,1810.5720116728123,12487.384517059085,14,13,raw,1040,27712
0,1840,579582396,14,13088,1813.2316959626623,12505.643703114665,14,13,raw,1040,27712
0,1841,580007569,14,13096,1814.5220996879143,12514.502544668194,14,13,raw,1040,27712
0,1842,580364746,14,13104,1815.6061349661989,12521.944631652936,14,13,raw,1040,27712
0,1843,580616522,14,13112,1816.3702772996232,12527.190599037931,14,13,raw,1040,27712
0,1844,580687903,14,13120,1816.5869192508108,12528.677882964552,14,13,raw,1040,27712
0,1845,581339662,14,13128,1818.5650134420368,12542.257836800012,14,13,raw,1040,27712
0,1846,582013396,14,13136,1820.6098019479598,12556.295658475481,14,13,raw,1040,27712
0,1847,582856871,14,13144,1823.1697558541503,12573.87017844585,14,13,raw,1040,27712
0,1848,582866181,14,13152,1823.1980117845176,12574.064160224711,14,13,raw,1040,27712
0,1849,584369919,14,13160,1827.761869595344,12605.395822112971,14,13,raw,1040,27712
0,1850,585290981,14,13168,1830.5573007162943,12624.586933305296,14,13,raw,1040,27712
0,1851,586022047,14,13176,1832.7760923371281,12639.819316027553,14,13,raw,1040,27712
0,1852,586033071,14,13184,1832.8095502722915,12640.049010456141,14,13,raw,1040,27712
0,1853,586683246,14,13192,1834.7828370098443,12653.595960302591,14,13,raw,1040,27712
0,1854,586828581,14,13200,1835.2239299894302,12656.624138802124,14,13,raw,1040,27712
0,1855,587661313,14,13208,1837.7512787978828,12673.974819218216,14,13,raw,1040,27712
0,1856,587662740,14,13216,1837.7556097552012,12674.00455197852,14,13,raw,1040,27712
0,1857,587757694,14,13224,1838.0437959648796,12675.982999436083,14,13,raw,1040,27712
0,1858,588047849,14,13232,1838.9244188946054,12682.028625971547,14,13,raw,1040,27712
0,1859,589714576,14,13240,1843.9829497274138,12716.756302484368,14,14,raw,1040,27712
0,1860,590252981,14,13248,1845.6170135501261,12727.974429191911,14,14,raw,1040,27712
0,1861,590340329,14,13256,1845.8821154841467,12729.794399161823,14,14,raw,1040,27712
0,1862,590514622,14,13264,1846.4110962437087,12733.425942253432,14,14,raw,1040,27712
0,1863,591950678,14,13272,1850.769538600279,12763.347392030328,14,14,raw,1040,27712
0,1864,592731130,14,13280,1853.1382171574312,12779.608774122165,14,14,raw,1040,27712
0,1865,593682158,14,13288,1856.0245953470592,12799.424252445031,14,14,raw,1040,27712
0,1866,595313131,14,13296,1860.9746124812254,12833.406963917962,14,14,raw,1040,27712
0,1867,595381485,14,13304,1861.1820674612827,12834.831177721637,14,14,raw,1040,27712
0,1868,595510993,14,13312,1861.5751253592439,12837.529587197107,14,14,raw,1040,27712
0,1869,595691062,14,13320,1862.1216363286667,12841.281478167846,14,14,raw,1040,27712
0,1870,596687763,14,13328,1865.1466324675609,12862.048592343115,14,14,raw,1040,27712
0,1871,596709123,14,13336,1865.2114602519484,12862.493646134357,14,14,raw,1040,27712
0,1872,596818960,14,13344,1865.5448164951022,12864.782193572022,14,14,raw,1040,27712
0,1873,597781601,14,13352,1868.4664402399778,12884.839638640096,14,14,raw,1040,27712
0,1874,598098467,14,13360,1869.4281312852831,12891.441811608982,14,14,raw,1040,27712
0,1875,598903152,14,13368,1871.870357206624,12908.208108893852,14,14,raw,1040,27712
0,1876,599385524,14,13376,1873.3343603906387,12918.258740325899,14,14,raw,1040,27712
0,1877,599593165,14,13384,1873.9645526180732,12922.585117398328,14,14,raw,1040,27712
0,1878,600813078,14,13392,1877.6669991038164,12948.003043692066,14,14,raw,1040,27712
0,1879,601754909,14,13400,1880.5254643190524,12967.626894687308,14,14,raw,1040,27712
0,1880,603438016,14,13408,1885.6337085932587,13002.695862450153,14,14,raw,1040,27712
0,1881,605147220,14,13416,1890.8211574877444,13038.308583433503,14,14,raw,1040,27712
0,1882,605427905,14,13424,1891.6730388857218,13044.156894453847,14,14,raw,1040,27712
0,1883,606470567,14,13432,1894.8375270563686,13065.881645206795,14,14,raw,1040,27712
0,1884,607279404,14,13440,1897.2923543335507,13082.734452947714,14,14,raw,1040,27712
0,1885,608005887,14,13448,1899.4972365098224,13097.871344961861,14,14,raw,1040,27712
0,1886,608433249,14,13456,1900.7942838689705,13106.77579619465,14,14,raw,1040,27712
0,1887,609623592,14,13464,1904.4069851494546,13131.5776063551,14,14,raw,1040,27712
0,1888,610611469,14,13472,1907.4052003721768,13152.160864975411,14,14,raw,1040,27712
0,1889,612048911,14,13480,1911.7678492507114,13182.111193242692,14,14,raw,1040,27712
0,1890,612573661,14,13488,1913.3604700305489,13193.044806395959,14,14,raw,1040,27712
0,1891,613520684,14,13496,1916.2346930106041,13212.776837132966,14,14,raw,1040,27712
0,1892,614122629,14,13504,1918.0616012818175,13225.318873854341,14,14,raw,1040,27712
0,1893,614333055,14,13512,1918.7002460082931,13229.703278773617,14,14,raw,1040,27712
0,1894,614833510,14,13520,1920.2191312534071,13240.130684911048,15,14,raw,1040,27712
0,1895,615118094,14,13528,1921.0828461500423,13246.060234916973,15,14,raw,1040,27712
0,1896,615482350,14,13536,1922.1883662544356,13253.649818895545,15,14,raw,1040,27712
0,1897,616188899,14,13544,1924.3327485686295,13268.371369042903,15,14,raw,1040,27712
0,1898,617484178,14,13552,1928.2639315149604,13295.359610132085,15,14,raw,1040,27712
0,1899,617853585,14,13560,1929.3850849488192,13303.056519582506,15,14,raw,1040,27712
0,1900,618758041,14,13568,1932.1301167164202,13321.901630622333,15,14,raw,1040,27712
0,1901,619701795,14,13576,1934.9944182532563,13341.565548960296,15,14,raw,1040,27712
0,1902,619701796,14,13584,1934.9944212882649,13341.565569796148,15,14,raw,1040,27712
0,1903,619701798,14,13592,1934.9944273582821,13341.565611467851,15,14,raw,1040,27712
0,1904,619701799,14,13600,1934.9944303932907,13341.565632303704,15,14,raw,1040,27712
0,1905,619701801,14,13608,1934.9944364633079,13341.565673975407,15,14,raw,1040,27712
0,1906,619701804,14,13616,1934.994445568334,13341.565736482962,15,14,raw,1040,27712
0,1907,619701809,14,13624,1934.9944607433772,13341.565840662221,15,14,raw,1040,27712
0,1908,619701811,14,13632,1934.9944668133944,13341.565882333924,15,14,raw,1040,27712
0,1909,619701814,14,13640,1934.9944759184204,13341.565944841479,15,14,raw,1040,27712
0,1910,619701821,14,13648,1934.9944971634809,13341.56609069244,15,14,raw,1040,27712
0,1911,619701822,14,13656,1934.9945001984893,13341.566111528291,15,14,raw,1040,27712
0,1912,619701826,14,13664,1934.9945123385239,13341.566194871699,15,14,raw,1040,27712
0,1913,619701828,14,13672,1934.9945184085411,13341.566236543402,15,14,raw,1040,27712
0,1914,619701829,14,13680,1934.99452144355,13341.566257379254,15,14,raw,1040,27712
0,1915,619701830,14,13688,1934.9945244785583,13341.566278215105,15,14,raw,1040,27712
0,1916,619701835,14,13696,1934.9945396536016,13341.566382394363,15,14,raw,1040,27712
0,1917,619701838,14,13704,1934.9945487586276,13341.566444901919,15,14,raw,1040,27712
0,1918,619701840,14,13712,1934.9945548286448,13341.566486573622,15,14,raw,1040,27712
0,1919,619701843,14,13720,1934.9945639336706,13341.566549081177,15,14,raw,1040,27712
0,1920,619701844,15,13744,1934.9945669686795,13341.566569917029,15,14,raw,1040,27712
0,1921,619701845,15,13752,1934.9945700036878,13341.56659075288,15,14,raw,1040,27712
0,1922,619701848,15,13760,1934.9945791087139,13341.566653260434,15,14,raw,1040,27712
0,1923,619701851,15,13768,1934.9945882137397,13341.566715767989,15,14,raw,1040,27712
0,1924,619701852,15,13776,1934.9945912487483,13341.566736603841,15,14,raw,1040,27712
0,1925,619701853,15,13784,1934.9945942837571,13341.566757439694,15,14,raw,1040,27712
0,1926,619701856,15,13792,1934.9946033887827,13341.566819947247,15,14,raw,1040,27712
0,1927,619701859,15,13800,1934.9946124938087,13341.566882454803,15,14,raw,1040,27712
0,1928,619701861,15,13808,1934.9946185638262,13341.566924126506,15,14,raw,1040,27712
0,1929,619701864,15,13816,1934.994627668852,13341.566986634061,15,14,raw,1040,27712
0,1930,619701866,15,13824,1934.9946337388692,13341.567028305764,15,14,raw,1040,27712
0,1931,619701869,15,13832,1934.994642843895,13341.56709081332,15,14,raw,1040,27712
0,1932,619701870,15,13840,1934.9946458789038,13341.567111649172,15,14,raw,1040,27712
0,1933,619701871,15,13848,1934.9946489139122,13341.567132485023,15,14,raw,1040,27712
0,1934,619701873,15,13856,1934.9946549839296,13341.567174156728,15,14,raw,1040,27712
0,1935,619701874,15,13864,1934.9946580189383,13341.567194992578,15,14,raw,1040,27712
0,1936,619701877,15,13872,1934.9946671239641,13341.567257500132,15,14,raw,1040,27712
0,1937,619701879,15,13880,1934.9946731939815,13341.567299171837,15,14,raw,1040,27712
0,1938,619701880,15,13888,1934.9946762289901,13341.567320007687,15,14,raw,1040,27712
0,1939,619701882,15,13896,1934.9946822990075,13341.567361679392,15,14,raw,1040,27712
0,1940,619701885,15,13904,1934.9946914040333,13341.567424186947,15,14,raw,1040,27712
0,1941,619701888,15,13912,1934.9947005090589,13341.567486694501,15,14,raw,1040,27712
0,1942,619701891,15,13920,1934.994709614085,13341.567549202055,15,14,raw,1040,27712
0,1943,619701892,15,13928,1934.9947126490936,13341.567570037907,15,14,raw,1040,27712
0,1944,619701893,15,13936,1934.9947156841024,13341.567590873759,15,14,raw,1040,27712
0,1945,619701895,15,13944,1934.9947217541196,13341.567632545462,15,14,raw,1040,27712
0,1946,619701896,15,13952,1934.9947247891282,13341.567653381315,15,14,raw,1040,27712
0,1947,619701904,15,13960,1934.9947490691973,13341.567820068127,15,14,raw,1040,27712
0,1948,619701907,15,13968,1934.9947581742231,13341.567882575682,15,14,raw,1040,27712
0,1949,619701908,15,13976,1934.9947612092319,13341.567903411535,15,14,raw,1040,27712
0,1950,619701913,15,13984,1934.9947763842749,13341.568007590793,15,14,raw,1040,27712
0,1951,619701916,15,13992,1934.994785489301,13341.568070098347,15,14,raw,1040,27712
0,1952,619701921,15,14000,1934.994800664344,13341.568174277605,15,14,raw,1040,27712
0,1953,619701923,15,14008,1934.9948067343612,13341.568215949308,15,14,raw,1040,27712
0,1954,619701926,15,14016,1934.994815839387,13341.568278456863,15,14,raw,1040,27712
0,1955,619701930,15,14024,1934.9948279794216,13341.568361800269,15,14,raw,1040,27712
0,1956,619701933,15,14032,1934.9948370844477,13341.568424307825,15,14,raw,1040,27712
0,1957,619701936,15,14040,1934.9948461894735,13341.56848681538,15,14,raw,1040,27712
0,1958,619701938,15,14048,1934.9948522594907,13341.568528487083,15,14,raw,1040,27712
0,1959,619701941,15,14056,1934.9948613645165,13341.568590994639,15,14,raw,1040,27712
0,1960,619701942,15,14064,1934.9948643995253,13341.568611830489,15,14,raw,1040,27712
0,1961,619701948,15,14072,1934.9948826095772,13341.5687368456,15,14,raw,1040,27712
0,1962,619701951,15,14080,1934.994891714603,13341.568799353156,15,14,raw,1040,27712
0,1963,619701954,15,14088,1934.994900819629,13341.568861860711,15,14,raw,1040,27712
0,1964,619701956,15,14096,1934.994906889646,13341.568903532412,15,14,raw,1040,27712
0,1965,619701961,15,14104,1934.9949220646893,13341.569007711671,15,14,raw,1040,27712
0,1966,619701964,15,14112,1934.9949311697151,13341.569070219226,15,14,raw,1040,27712
0,1967,619701968,15,14120,1934.9949433097497,13341.569153562634,15,14,raw,1040,27712
0,1968,619701969,15,14128,1934.9949463447585,13341.569174398484,15,14,raw,1040,27712
0,1969,619701972,15,14136,1934.9949554497844,13341.56923690604,15,14,raw,1040,27712
0,1970,619701974,15,14144,1934.9949615198016,13341.569278577743,15,14,raw,1040,27712
0,1971,619701975,15,14152,1934.9949645548102,13341.569299413595,15,14,raw,1040,27712
0,1972,619701978,15,14160,1934.994973659836,13341.569361921149,15,14,raw,1040,27712
0,1973,619701981,15,14168,1934.9949827648618,13341.569424428704,15,14,raw,1040,27712
0,1974,619701984,15,14176,1934.9949918698878,13341.569486936258,15,14,raw,1040,27712
0,1975,619701987,15,14184,1934.9950009749136,13341.569549443813,15,14,raw,1040,27712
0,1976,619701990,15,14192,1934.9950100799394,13341.569611951369,15,14,raw,1040,27712
0,1977,619701992,15,14200,1934.9950161499569,13341.569653623073,15,14,raw,1040,27712
0,1978,619701995,15,14208,1934.9950252549829,13341.569716130629,15,14,raw,1040,27712
0,1979,619701996,15,14216,1934.9950282899913,13341.569736966479,15,14,raw,1040,27712
0,1980,619701999,15,14224,1934.9950373950173,13341.569799474033,15,14,raw,1040,27712
0,1981,619702002,15,14232,1934.9950465000431,13341.569861981588,15,14,raw,1040,27712
0,1982,619702004,15,14240,1934.9950525700606,13341.569903653293,15,14,raw,1040,27712
0,1983,619702007,15,14248,1934.9950616750862,13341.569966160847,15,14,raw,1040,27712
0,1984,619702010,15,14256,1934.9950707801122,13341.570028668402,15,14,raw,1040,27712
0,1985,619702014,15,14264,1934.9950829201468,13341.570112011808,15,14,raw,1040,27712
0,1986,619702017,15,14272,1934.9950920251727,13341.570174519364,15,14,raw,1040,27712
0,1987,619702018,15,14280,1934.9950950601815,13341.570195355216,15,14,raw,1040,27712
0,1988,619702019,15,14288,1934.9950980951899,13341.570216191067,15,14,raw,1040,27712
0,1989,619702022,15,14296,1934.9951072002159,13341.570278698622,15,14,raw,1040,27712
0,1990,619702023,15,14304,1934.9951102352245,13341.570299534473,15,14,raw,1040,27712
0,1991,619702037,15,14312,1934.9951527253454,13341.570591236396,15,14,raw,1040,27712
0,1992,619702040,15,14320,1934.9951618303712,13341.570653743951,15,14,raw,1040,27712
0,1993,619702041,15,14328,1934.99516486538,13341.570674579803,15,14,raw,1040,27712
0,1994,619702042,15,14336,1934.9951679003884,13341.570695415654,15,14,raw,1040,27712
0,1995,619702045,15,14344,1934.9951770054142,13341.570757923209,15,14,raw,1040,27712
0,1996,619702047,15,14352,1934.9951830754317,13341.570799594914,15,14,raw,1040,27712
0,1997,619702050,15,14360,1934.9951921804577,13341.570862102468,15,14,raw,1040,27712
0,1998,619702053,15,14368,1934.9952012854835,13341.570924610023,15,14,raw,1040,27712
0,1999,619702057,15,14376,1934.9952134255179,13341.571007953429,15,14,raw,1040,27712
0,2000,619702060,15,14384,1934.9952225305437,13341.571070460985,15,14,raw,1040,27712
0,2001,619702067,15,14392,1934.9952437756044,13341.571216311946,15,14,raw,1040,27712
0,2002,619702070,15,14400,1934.9952528806302,13341.571278819501,15,14,raw,1040,27712
0,2003,619702072,15,14408,1934.9952589506474,13341.571320491204,15,14,raw,1040,27712
0,2004,620317885,15,14416,1936.8642567215745,13354.402308803261,15,14,raw,1040,27712
0,2005,620750134,15,14424,1938.1761361679091,13363.408584843062,15,14,raw,1040,27712
0,2006,621002890,15,14432,1938.943252809793,13368.674971362674,15,14,raw,1040,27712
0,2007,621921308,15,14440,1941.7306593679191,13387.810992563238,15,14,raw,1040,27712
0,2008,622832676,15,14448,1944.4966691151872,13406.80012100967,15,14,raw,1040,27712
0,2009,624822508,15,14456,1950.535826412158,13448.259965369818,15,14,raw,1040,27712
0,2010,626556297,15,14464,1955.7978909938704,13484.384935765982,15,14,raw,1040,27712
0,2011,626682675,15,14472,1956.1814493148124,13487.018129025788,15,14,raw,1040,27712
0,2012,628316208,15,14480,1961.1392360710777,13521.054180278943,15,14,raw,1040,27712
0,2013,629943428,15,14488,1966.0778628178468,13554.958694800631,15,14,raw,1040,27712
0,2014,630540047,15,14496,1967.8886066330842,13567.389759776121,15,14,raw,1040,27712
0,2015,631159902,15,14504,1969.7698719089033,13580.304966600545,15,14,raw,1040,27712
0,2016,631434777,15,14512,1970.6041199067265,13586.032221322801,15,14,raw,1040,27712
0,2017,632302298,15,14520,1973.2370536304911,13604.107760181942,15,14,raw,1040,27712
0,2018,632798805,15,14528,1974.7439566615244,13614.452906377061,15,14,raw,1040,27712
0,2019,633514289,15,14536,1976.9154567778487,13629.360624858909,15,14,raw,1040,27712
0,2020,633955054,15,14544,1978.2531823576965,13638.544339011361,15,14,raw,1040,27712
0,2021,634803206,15,14552,1980.8273309992603,13656.216308259896,15,14,raw,1040,27712
0,2022,635298029,15,14560,1982.3291230757566,13666.526366880835,15,14,raw,1040,27712
0,2023,637222294,15,14568,1988.169283961729,13706.620066955857,15,14,raw,1040,27712
0,2024,637274945,15,14576,1988.3290802012318,13707.717095381073,15,14,raw,1040,27712
0,2025,638596159,15,14584,1992.338976096443,13735.245714282793,15,15,raw,1040,27712
0,2026,638784604,15,14592,1992.9109082981709,13739.172126346954,15,15,raw,1040,27712
0,2027,641584041,15,14600,2001.4072237589535,13797.500780382088,15,15,raw,1040,27712
0,2028,642023741,15,14608,2002.7417170546075,13806.662304352532,15,15,raw,1040,27712
0,2029,642804022,15,14616,2005.109876625284,13822.920123513741,15,15,raw,1040,27712
0,2030,644364799,15,14624,2009.846848293492,13855.440241544256,15,15,raw,1040,27712
0,2031,644676470,15,14632,2010.7927724689523,13861.93417226382,15,15,raw,1040,27712
0,2032,644769502,15,14640,2011.0751253920391,13863.87257321451,15,15,raw,1040,27712
0,2033,644848562,15,14648,2011.3150731745145,13865.519855645949,15,15,raw,1040,27712
0,2034,645981865,15,14656,2014.7546575626081,13889.133188828293,15,15,raw,1040,27712
0,2035,646619227,15,14664,2016.6890567345542,13902.413168907551,15,15,raw,1040,27712
0,2036,647304501,15,14672,2018.7688692400945,13916.691436311059,15,15,raw,1040,27712
0,2037,648062179,15,14680,2021.0684285106533,13932.478302717424,15,15,raw,1040,27712
0,2038,649539822,15,14688,2025.5530877712179,13963.266253056881,15,15,raw,1040,27712
0,2039,650963254,15,14696,2029.8732161788132,13992.924671042549,15,15,raw,1040,27712
0,2040,651142177,15,14704,2030.4162490283431,13996.652684127297,15,15,raw,1040,27712
0,2041,652762703,15,14712,2035.3345594273271,14030.41772345804,15,15,raw,1040,27712
0,2042,653487957,15,14720,2037.5357115779898,14045.529008210509,15,15,raw,1040,27712
0,2043,654375812,15,14728,2040.2303591672846,14064.028223277099,15,15,raw,1040,27712
0,2044,655990938,15,14736,2045.1322805196539,14097.680749008934,15,15,raw,1040,27712
0,2045,656341147,15,14744,2046.1951678577884,14104.97765177938,15,15,raw,1040,27712
0,2046,658302806,15,14752,2052.1488198565594,14145.850487690997,16,15,raw,1040,27712
0,2047,659193734,15,14760,2054.8527940273816,14164.413731329705,16,15,raw,1040,27712
0,2048,659998432,16,14800,2057.2950594038348,14181.180299480646,16,15,linear,432,27712
0,2049,661917189,16,14803.125,2063.1185034622595,14221.159235684781,16,15,linear,432,27712
0,2050,662885633,16,14806.25,2066.0577393622289,14241.337591199981,16,15,linear,432,27712
0,2051,663806347,16,14809.375,2068.8521143001749,14260.521451515931,16,15,linear,432,27712
0,2052,664151938,16,14812.5,2069.9009859684452,14267.72213432346,16,15,linear,432,27712
0,2053,664541932,16,14815.625,2071.0846211250187,14275.847991451796,16,15,linear,432,27712
0,2054,665127807,16,14818.75,2072.8627568075099,14288.055196037159,16,15,linear,432,27712
0,2055,666001878,16,14821.875,2075.5155698378162,14306.267209724605,16,15,linear,432,27712
0,2056,666155994,16,14825,2075.9833132282033,14309.478347837476,16,15,linear,432,27712
0,2057,667886315,16,14828.125,2081.2348523999785,14345.531059500117,16,15,linear,432,27712
0,2058,668564088,16,14831.25,2083.2918993057674,14359.6530371804,16,15,linear,432,27712
0,2059,668952039,16,14834.375,2084.4693339397049,14367.736326663817,16,15,linear,432,27712
0,2060,669018211,16,14837.5,2084.6701665309265,14369.115076639191,16,15,linear,432,27712
0,2061,670121809,16,14840.625,2088.0195959875955,14392.109480848276,16,15,linear,432,27712
0,2062,670804360,16,14843.75,2090.0911441646294,14406.331012227738,16,15,linear,432,27712
0,2063,672161068,16,14846.875,2094.2087646562381,14434.599178847919,16,15,linear,432,27712
0,2064,673855117,16,14850,2099.3502179949,14469.896132499516,16,15,linear,432,27712
0,2065,674297291,16,14853.125,2100.6922199019109,14479.109204366945,16,15,linear,432,27712
0,2066,675547442,16,14856.25,2104.4864389786799,14505.157165142871,16,15,linear,432,27712
0,2067,676077205,16,14859.375,2106.0942742567913,14516.195228420458,16,15,linear,432,27712
0,2068,676230232,16,14862.5,2106.5587125227776,14519.383676290881,16,15,linear,432,27712
0,2069,677148024,16,14865.625,2109.3442191654999,14538.506654248311,16,15,linear,432,27712
0,2070,677150296,16,14868.75,2109.3511147051126,14538.553993303261,16,15,linear,432,27712
0,2071,679523627,16,14871.875,2116.5541947775896,14588.004365935278,16,15,linear,432,27712
0,2072,680389059,16,14875,2119.1807883683209,14606.036378700323,16,15,linear,432,27712
0,2073,680746759,16,14878.125,2120.2664109561206,14613.489362835477,16,15,linear,432,27712
0,2074,681973953,16,14881.25,2123.9909553397165,14639.05899496508,16,15,linear,432,27712
0,2075,683126385,16,14884.375,2127.4885964079385,14663.070897153633,16,15,linear,432,27712
0,2076,683647948,16,14887.5,2129.0715446152649,14673.938106447691,16,15,linear,432,27712
0,2077,684490321,16,14890.625,2131.6281539419419,14691.489665309538,16,15,linear,432,27712
0,2078,685455379,16,14893.75,2134.5571133026824,14711.597470631054,16,15,linear,432,27712
0,2079,685898751,16,14896.875,2135.9027511500344,14720.835503848755,16,15,linear,432,27712
0,2080,686457975,16,14900,2137.6000008174642,14732.487412151799,16,15,linear,432,27712
0,2081,687298805,16,14903.125,2140.1519271258217,14750.00682129455,16,15,linear,432,27712
0,2082,687298808,16,14906.25,2140.1519362308477,14750.006883802107,16,15,linear,432,27712
0,2083,687298810,16,14909.375,2140.1519423008649,14750.006925473808,16,15,linear,432,27712
0,2084,687298811,16,14912.5,2140.1519453358737,14750.006946309661,16,15,linear,432,27712
0,2085,687298815,16,14915.625,2140.1519574759086,14750.007029653068,16,15,linear,432,27712
0,2086,687298816,16,14918.75,2140.1519605109165,14750.007050488917,16,15,linear,432,27712
0,2087,687298819,16,14921.875,2140.151969615943,14750.007112996474,16,15,linear,432,27712
0,2088,687298823,16,14925,2140.1519817559774,14750.00719633988,16,15,linear,432,27712
0,2089,687298826,16,14928.125,2140.1519908610035,14750.007258847438,16,15,linear,432,27712
0,2090,687298828,16,14931.25,2140.1519969310202,14750.007300519139,16,15,linear,432,27712
0,2091,687298830,16,14934.375,2140.1520030010379,14750.007342190842,16,15,linear,432,27712
0,2092,687298833,16,14937.5,2140.1520121060635,14750.007404698395,16,15,linear,432,27712
0,2093,687298835,16,14940.625,2140.1520181760807,14750.0074463701,16,15,linear,432,27712
0,2094,687298838,16,14943.75,2140.1520272811072,14750.007508877658,16,15,linear,432,27712
0,2095,687298840,16,14946.875,2140.1520333511239,14750.007550549359,16,15,linear,432,27712
0,2096,687298843,16,14950,2140.15204245615,14750.007613056914,16,15,linear,432,27712
0,2097,687298847,16,14953.125,2140.1520545961844,14750.00769640032,16,15,linear,432,27712
0,2098,687298848,16,14956.25,2140.1520576311932,14750.007717236173,16,15,linear,432,27712
0,2099,687298852,16,14959.375,2140.1520697712276,14750.007800579579,16,15,linear,432,27712
0,2100,687298855,16,14962.5,2140.1520788762537,14750.007863087134,16,15,linear,432,27712
0,2101,687298857,16,14965.625,2140.1520849462709,14750.007904758835,16,15,linear,432,27712
0,2102,687298860,16,14968.75,2140.1520940512969,14750.007967266392,16,15,linear,432,27712
0,2103,687298862,16,14971.875,2140.1521001213137,14750.008008938094,16,15,linear,432,27712
0,2104,687298863,16,14975,2140.1521031563225,14750.008029773946,16,15,linear,432,27712
0,2105,687298865,16,14978.125,2140.1521092263397,14750.008071445651,16,15,linear,432,27712
0,2106,687298870,16,14981.25,2140.1521244013829,14750.008175624907,16,15,linear,432,27712
0,2107,687298872,16,14984.375,2140.1521304714006,14750.008217296612,16,15,linear,432,27712
0,2108,687298877,16,14987.5,2140.1521456464434,14750.008321475871,16,15,linear,432,27712
0,2109,687298880,16,14990.625,2140.152154751469,14750.008383983424,16,15,linear,432,27712
0,2110,687298885,16,14993.75,2140.1521699265122,14750.008488162681,16,15,linear,432,27712
0,2111,687298886,16,14996.875,2140.152172961521,14750.008508998533,16,15,linear,432,27712
0,2112,687298889,16,15000,2140.1521820665471,14750.00857150609,16,15,linear,432,27712
0,2113,687298891,16,15003.125,2140.1521881365643,14750.008613177792,16,15,linear,432,27712
0,2114,687298893,16,15006.25,2140.1521942065815,14750.008654849496,16,15,linear,432,27712
0,2115,687298895,16,15009.375,2140.1522002765987,14750.008696521199,16,15,linear,432,27712
0,2116,687298896,16,15012.5,2140.1522033116075,14750.008717357052,16,15,linear,432,27712
0,2117,687298899,16,15015.625,2140.1522124166331,14750.008779864605,16,15,linear,432,27712
0,2118,687298900,16,15018.75,2140.152215451642,14750.008800700458,16,15,linear,432,27712
0,2119,687298903,16,15021.875,2140.1522245566675,14750.008863208011,16,15,linear,432,27712
0,2120,687298906,16,15025,2140.152233661694,14750.008925715569,16,15,linear,432,27712
0,2121,687298909,16,15028.125,2140.1522427667196,14750.008988223122,16,15,linear,432,27712
0,2122,687298911,16,15031.25,2140.1522488367368,14750.009029894825,16,15,linear,432,27712
0,2123,687298912,16,15034.375,2140.1522518717456,14750.009050730678,16,15,linear,432,27712
0,2124,687298913,16,15037.5,2140.1522549067545,14750.00907156653,16,15,linear,432,27712
0,2125,687298916,16,15040.625,2140.1522640117801,14750.009134074084,16,15,linear,432,27712
0,2126,687298919,16,15043.75,2140.1522731168061,14750.009196581641,16,15,linear,432,27712
0,2127,687298922,16,15046.875,2140.1522822218317,14750.009259089195,16,15,linear,432,27712
0,2128,687298923,16,15050,2140.1522852568405,14750.009279925045,16,15,linear,432,27712
0,2129,687298928,16,15053.125,2140.1523004318838,14750.009384104304,16,15,linear,432,27712
0,2130,687298929,16,15056.25,2140.1523034668921,14750.009404940156,16,15,linear,432,27712
0,2131,687298932,16,15059.375,2140.1523125719182,14750.00946744771,16,15,linear,432,27712
0,2132,687298935,16,15062.5,2140.1523216769442,14750.009529955267,16,15,linear,432,27712
0,2133,687298937,16,15065.625,2140.152327746961,14750.009571626968,16,15,linear,432,27712
0,2134,687298939,16,15068.75,2140.1523338169786,14750.009613298671,16,15,linear,432,27712
0,2135,687298941,16,15071.875,2140.1523398869958,14750.009654970376,16,15,linear,432,27712
0,2136,687298943,16,15075,2140.152345957013,14750.009696642077,16,15,linear,432,27712
0,2137,687298945,16,15078.125,2140.1523520270302,14750.009738313782,16,15,linear,432,27712
0,2138,687298946,16,15081.25,2140.1523550620391,14750.009759149634,16,15,linear,432,27712
0,2139,687298951,16,15084.375,2140.1523702370823,14750.009863328891,16,15,linear,432,27712
0,2140,687298954,16,15087.5,2140.1523793421084,14750.009925836448,16,15,linear,432,27712
0,2141,687298955,16,15090.625,2140.1523823771167,14750.009946672297,16,15,linear,432,27712
0,2142,687298956,16,15093.75,2140.1523854121251,14750.009967508149,16,15,linear,432,27712
0,2143,687298958,16,15096.875,2140.1523914821428,14750.010009179854,16,15,linear,432,27712
0,2144,687298964,16,15100,2140.1524096921944,14750.010134194963,16,15,linear,432,27712
0,2145,687298965,16,15103.125,2140.1524127272032,14750.010155030815,16,15,linear,432,27712
0,2146,687298968,16,15106.25,2140.1524218322288,14750.010217538369,16,15,linear,432,27712
0,2147,687298975,16,15109.375,2140.1524430772893,14750.010363389332,16,15,linear,432,27712
0,2148,687298978,16,15112.5,2140.1524521823153,14750.010425896886,16,15,linear,432,27712
0,2149,687298981,16,15115.625,2140.1524612873413,14750.010488404441,16,15,linear,432,27712
0,2150,687298987,16,15118.75,2140.152479497393,14750.010613419552,16,15,linear,432,27712
0,2151,687298990,16,15121.875,2140.1524886024185,14750.010675927106,16,15,linear,432,27712
0,2152,687298991,16,15125,2140.1524916374274,14750.010696762958,16,15,linear,432,27712
0,2153,687298993,16,15128.125,2140.152497707445,14750.010738434661,16,15,linear,432,27712
0,2154,687298995,16,15131.25,2140.1525037774622,14750.010780106366,16,15,linear,432,27712
0,2155,687298998,16,15134.375,2140.1525128824878,14750.01084261392,16,15,linear,432,27712
0,2156,687298999,16,15137.5,2140.1525159174967,14750.010863449772,16,15,linear,432,27712
0,2157,687299001,16,15140.625,2140.1525219875134,14750.010905121473,16,15,linear,432,27712
0,2158,687299005,16,15143.75,2140.1525341275483,14750.010988464881,16,15,linear,432,27712
0,2159,687299008,16,15146.875,2140.1525432325743,14750.011050972435,16,15,linear,432,27712
0,2160,687299010,16,15150,2140.1525493025915,14750.011092644139,16,15,linear,432,27712
0,2161,687299013,16,15153.125,2140.1525584076171,14750.011155151693,16,15,linear,432,27712
0,2162,687299014,16,15156.25,2140.1525614426259,14750.011175987545,16,15,linear,432,27712
0,2163,687299017,16,15159.375,2140.152570547652,14750.011238495101,16,15,linear,432,27712
0,2164,687299018,16,15162.5,2140.1525735826608,14750.011259330953,16,15,linear,432,27712
0,2165,687299020,16,15165.625,2140.1525796526776,14750.011301002654,16,15,linear,432,27712
0,2166,687299023,16,15168.75,2140.1525887577041,14750.011363510212,16,15,linear,432,27712
0,2167,687299025,16,15171.875,2140.1525948277208,14750.011405181913,16,15,linear,432,27712
0,2168,687299028,16,15175,2140.1526039327468,14750.01146768947,16,15,linear,432,27712
0,2169,687299029,16,15178.125,2140.1526069677557,14750.011488525322,16,15,linear,432,27712
0,2170,687299032,16,15181.25,2140.1526160727813,14750.011551032874,16,15,linear,432,27712
0,2171,687299035,16,15184.375,2140.1526251778073,14750.011613540431,16,15,linear,432,27712
0,2172,687299036,16,15187.5,2140.1526282128157,14750.01163437628,16,15,linear,432,27712
0,2173,687299038,16,15190.625,2140.1526342828333,14750.011676047985,16,15,linear,432,27712
0,2174,687299041,16,15193.75,2140.1526433878594,14750.011738555542,16,15,linear,432,27712
0,2175,687299042,16,15196.875,2140.1526464228677,14750.011759391391,16,15,linear,432,27712
0,2176,687299044,17,15216,2140.152652492885,14750.011801063096,16,15,raw,1040,27712
0,2177,687299045,17,15224,2140.1526555278938,14750.011821898946,16,15,raw,1040,27712
0,2178,687299051,17,15232,2140.1526737379454,14750.011946914057,16,15,raw,1040,27712
0,2179,687299053,17,15240,2140.1526798079631,14750.011988585762,16,15,raw,1040,27712
0,2180,687363206,17,15248,2140.3473847167552,14751.348670976653,16,15,raw,1040,27712
0,2181,687534976,17,15256,2140.8687081495377,14754.92764521455,16,15,raw,1040,27712
0,2182,688376937,17,15264,2143.4240670526588,14772.47061970552,16,16,raw,1040,27712
0,2183,688569124,17,15272,2144.0073562566886,14776.474999526552,16,16,raw,1040,27712
0,2184,689015346,17,15280,2145.361643878643,14785.772414921455,16,16,raw,1040,27712
0,2185,689708664,17,15288,2147.4658699936222,14800.218285915635,16,16,raw,1040,27712
0,2186,690413667,17,15296,2149.6055601844705,14814.907623836343,16,16,raw,1040,27712
0,2187,690453379,17,15304,2149.7260864472792,14815.735057177062,16,16,raw,1040,27712
0,2188,691117771,17,15312,2151.7425219025586,14829.578230326419,16,16,raw,1040,27712
0,2189,692041217,17,15320,2154.5451884840882,14848.819014189075,16,16,raw,1040,27712
0,2190,692739236,17,15328,2156.6636821746483,14863.362834521862,16,16,raw,1040,27712
0,2191,692760015,17,15336,2156.7267466190206,14863.795782683295,16,16,raw,1040,27712
0,2192,693390306,17,15344,2158.639685244927,14876.928432455537,16,16,raw,1040,27712
0,2193,694094337,17,15352,2160.776425407385,14891.597517928443,16,16,raw,1040,27712
0,2194,694594894,17,15360,2162.2956202233795,14902.027049322742,16,16,raw,1040,27712
0,2195,695691852,17,15368,2165.6248972227295,14924.883103476872,16,16,raw,1040,27712
0,2196,696344779,17,15376,2167.6065363040384,14938.487393587062,16,16,raw,1040,27712
0,2197,697867481,17,15384,2172.2279500185691,14970.214186566009,16,16,raw,1040,27712
0,2198,697996691,17,15392,2172.6201034839578,14972.906386957688,16,16,raw,1040,27712
0,2199,698584204,17,15400,2174.4032105105889,14985.147720668054,16,16,raw,1040,27712
0,2200,699501271,17,15408,2177.186516772053,15004.255592633039,17,16,raw,1040,27712
0,2201,699740982,17,15416,2177.9140417263275,15009.250175467878,17,16,raw,1040,27712
0,2202,700527749,17,15424,2180.3018863629936,15025.643135962886,17,16,raw,1040,27712
0,2203,701054249,17,15432,2181.8998184079373,15036.613211856538,17,16,raw,1040,27712
0,2204,701994779,17,15440,2184.7543350769429,15056.209955408784,17,16,raw,1040,27712
0,2205,702446838,17,15448,2186.1263380442842,15065.628989669767,17,16,raw,1040,27712
0,2206,702616530,17,15456,2186.641354729129,15069.164667007937,17,16,raw,1040,27712
0,2207,703118400,17,15464,2188.1645345114575,15079.621555875452,17,16,raw,1040,27712
0,2208,705756109,17,15472,2196.1700040961441,15134.58046929496,17,16,raw,1040,27712
0,2209,707593237,17,15480,2201.7457034349172,15172.858595764768,17,16,raw,1040,27712
0,2210,707951300,17,15488,2202.8324277308507,15180.319143314073,17,16,raw,1040,27712
0,2211,708885618,17,15496,2205.6680909262313,15199.786454555868,17,16,raw,1040,27712
0,2212,709727535,17,15504,2208.223316288972,15217.328512269365,17,17,raw,1040,27712
0,2213,709818201,17,15512,2208.4984883816351,15219.217615595051,17,17,raw,1040,27712
0,2214,710178522,17,15520,2209.5920657270599,15226.725210497381,17,17,raw,1040,27712
0,2215,710498959,17,15528,2210.5645947881917,15233.401788292509,17,17,raw,1040,27712
0,2216,711898706,17,15536,2214.8128390163292,15262.566709131848,17,17,raw,1040,27712
0,2217,712073397,17,15544,2215.3430277093271,15266.206544892415,17,17,raw,1040,27712
0,2218,712798879,17,15552,2217.544871841958,15281.322580219061,17,17,raw,1040,27712
0,2219,713165581,17,15560,2218.657815577466,15288.963128690768,17,17,raw,1040,27712
0,2220,714239325,17,15568,2221.9166378864238,15311.335499384697,17,17,raw,1040,27712
0,2221,714928969,17,15576,2224.009713379688,15325.704819459916,17,17,raw,1040,27712
0,2222,715937743,17,15584,2227.0713511778008,15346.723484872153,17,17,raw,1040,27712
0,2223,717407625,17,15592,2231.5324557363697,15377.349728166955,17,17,raw,1040,27712
0,2224,718188596,17,15600,2233.9027094630023,15393.621924065801,17,17,raw,1040,27712
0,2225,719292464,17,15608,2237.252958372002,15416.621953954831,17,17,raw,1040,27712
0,2226,719570357,17,15616,2238.0963660258776,15422.412091277367,17,17,raw,1040,27712
0,2227,720094713,17,15624,2239.6877910123144,15433.337495105083,17,17,raw,1040,27712
0,2228,721599192,17,15632,2244.2538977645372,15464.684596359415,17,17,raw,1040,27712
0,2229,722325402,17,15640,2246.4579513834524,15479.815800186061,17,17,raw,1040,27712
0,2230,723021282,17,15648,2248.5699531905475,15494.315052632168,17,17,raw,1040,27712
0,2231,723852516,17,15656,2251.0927555560693,15511.634520942489,17,17,raw,1040,27712
0,2232,724149063,17,15664,2251.9927782609734,15517.813330241701,17,17,raw,1040,27712
0,2233,724445746,17,15672,2252.8932137270513,15523.994973216735,17,17,raw,1040,27712
0,2234,724836895,17,15680,2254.0803543185948,15532.144895753727,17,17,raw,1040,27712
0,2235,726081370,17,15688,2257.8573466863668,15558.074592235689,17,17,raw,1040,27712
0,2236,726934930,17,15696,2260.4479086546148,15575.859241769947,17,17,raw,1040,27712
0,2237,726996906,17,15704,2260.6360063496149,15577.1505645118,17,17,raw,1040,27712
0,2238,727121974,17,15712,2261.0155888092481,15579.756462805944,17,17,raw,1040,27712
0,2239,727802762,17,15720,2263.0817862660638,15593.941260578949,17,17,raw,1040,27712
0,2240,728716175,17,15728,2265.854002605985,15612.972998342006,17,17,raw,1040,27712
0,2241,729490721,17,15736,2268.2047564021545,15629.111323894002,17,17,raw,1040,27712
0,2242,729820570,17,15744,2269.205850964534,15635.984008724856,17,17,raw,1040,27712
0,2243,730440111,17,15752,2271.0861632476426,15648.892673091863,17,17,raw,1040,27712
0,2244,730791169,17,15760,2272.1516273081061,15656.207265500359,17,17,raw,1040,27712
0,2245,731360531,17,15768,2273.8796458930506,15668.070407667428,17,17,raw,1040,27712
0,2246,731732603,17,15776,2275.0088876249147,15675.822844662496,17,17,raw,1040,27712
0,2247,733022677,17,15784,2278.9242733513138,15702.70263514384,17,17,raw,1040,27712
0,2248,734164368,17,15792,2282.3893153918157,15726.490739449822,17,17,raw,1040,27712
0,2249,734450009,17,15800,2283.2562382925753,15732.442312950941,17,17,raw,1040,27712
0,2250,735170128,17,15808,2285.4418056739105,15747.446605605188,17,17,raw,1040,27712
0,2251,735863096,17,15816,2287.5449695358684,15761.885184051289,17,17,raw,1040,27712
0,2252,736236708,17,15824,2288.6788851810265,15769.669708257899,17,17,raw,1040,27712
0,2253,736512580,17,15832,2289.5161590824564,15775.417736324249,17,17,raw,1040,27712
0,2254,737300665,17,15840,2291.9080038604993,15791.83815847173,17,17,raw,1040,27712
0,2255,737491303,17,15848,2292.4865918361579,15795.810263558556,17,17,raw,1040,27712
0,2256,738314028,17,15856,2294.9835693132263,15812.95243960719,17,17,raw,1040,27712
0,2257,738376665,17,15864,2295.1736731489323,15814.257534846982,17,17,raw,1040,27712
0,2258,740165790,17,15872,2300.6036829683253,15851.535477930041,17,17,raw,1040,27712
0,2259,741032579,17,15880,2303.234395065771,15869.595764945774,17,17,raw,1040,27712
0,2260,741971837,17,15888,2306.085051203796,15889.166005294721,18,17,raw,1040,27712
0,2261,742861447,17,15896,2308.7850252332405,15907.701787280954,18,17,raw,1040,27712
0,2262,743522970,17,15904,2310.7927532487538,15921.485182371927,18,17,raw,1040,27712
0,2263,744432739,17,15912,2313.5539100172186,15940.44099429157,18,17,raw,1040,27712
0,2264,744519674,17,15920,2313.8177584926739,15942.25235905475,18,17,raw,1040,27712
0,2265,745220702,17,15928,2315.9453845242087,15956.858874465152,18,17,raw,1040,27712
0,2266,745468152,17,15936,2316.6963974102896,15962.014705955911,18,17,raw,1040,27712
0,2267,745992945,17,15944,2318.2891486954977,15972.949215050796,18,17,raw,1040,27712
0,2268,746168790,17,15952,2318.8228397884573,15976.613095384166,18,17,raw,1040,27712
0,2269,746760785,17,15960,2320.6195497237786,15988.947815381625,18,17,raw,1040,27712
0,2270,747838388,17,15968,2323.8900841310492,16011.400591627073,18,17,raw,1040,27712
0,2271,747838389,17,15976,2323.8900871660576,16011.400612462923,18,17,raw,1040,27712
0,2272,747838392,17,15984,2323.8900962710841,16011.40067497048,18,17,raw,1040,27712
0,2273,747838394,17,15992,2323.8901023411008,16011.400716642182,18,17,raw,1040,27712
0,2274,747838395,17,16000,2323.8901053761097,16011.400737478034,18,17,raw,1040,27712
0,2275,747838400,17,16008,2323.8901205511529,16011.400841657292,18,17,raw,1040,27712
0,2276,747838403,17,16016,2323.8901296561789,16011.400904164848,18,17,raw,1040,27712
0,2277,747838404,17,16024,2323.8901326911873,16011.400925000697,18,17,raw,1040,27712
0,2278,747838407,17,16032,2323.8901417962134,16011.400987508254,18,17,raw,1040,27712
0,2279,747838410,17,16040,2323.8901509012389,16011.401050015807,18,17,raw,1040,27712
0,2280,747838411,17,16048,2323.8901539362478,16011.40107085166,18,17,raw,1040,27712
0,2281,747838412,17,16056,2323.8901569712561,16011.401091687512,18,17,raw,1040,27712
0,2282,747838414,17,16064,2323.8901630412738,16011.401133359215,18,17,raw,1040,27712
0,2283,747838415,17,16072,2323.8901660762826,16011.401154195068,18,17,raw,1040,27712
0,2284,747838417,17,16080,2323.8901721462994,16011.401195866769,18,17,raw,1040,27712
0,2285,747838421,17,16088,2323.8901842863343,16011.401279210178,18,17,raw,1040,27712
0,2286,747838422,17,16096,2323.8901873213426,16011.401300046027,18,17,raw,1040,27712
0,2287,747838423,17,16104,2323.890190356351,16011.40132088188,18,17,raw,1040,27712
0,2288,747838426,17,16112,2323.8901994613775,16011.401383389437,18,17,raw,1040,27712
0,2289,747838428,17,16120,2323.8902055313943,16011.401425061138,18,17,raw,1040,27712
0,2290,747838430,17,16128,2323.8902116014119,16011.401466732841,18,17,raw,1040,27712
0,2291,747838433,17,16136,2323.8902207064375,16011.401529240395,18,17,raw,1040,27712
0,2292,747838442,17,16144,2323.8902480215152,16011.401716763061,18,17,raw,1040,27712
0,2293,747838445,17,16152,2323.8902571265412,16011.401779270614,18,17,raw,1040,27712
0,2294,747838448,17,16160,2323.8902662315672,16011.401841778172,18,17,raw,1040,27712
0,2295,747838452,17,16168,2323.8902783716017,16011.401925121578,18,17,raw,1040,27712
0,2296,747838453,17,16176,2323.8902814066105,16011.40194595743,18,17,raw,1040,27712
0,2297,747838455,17,16184,2323.8902874766277,16011.401987629133,18,17,raw,1040,27712
0,2298,747838458,17,16192,2323.8902965816533,16011.402050136687,18,17,raw,1040,27712
0,2299,747838460,17,16200,2323.8903026516709,16011.402091808392,18,17,raw,1040,27712
0,2300,747838462,17,16208,2323.8903087216877,16011.402133480093,18,17,raw,1040,27712
0,2301,747838463,17,16216,2323.8903117566965,16011.402154315945,18,17,raw,1040,27712
0,2302,747838467,17,16224,2323.8903238967314,16011.402237659355,18,17,raw,1040,27712
0,2303,747838472,17,16232,2323.8903390717746,16011.402341838611,18,17,raw,1040,27712
0,2304,747838475,18,16256,2323.8903481768002,16011.402404346165,18,17,raw,1040,27712
0,2305,747838476,18,16264,2323.8903512118086,16011.402425182017,18,17,raw,1040,27712
0,2306,747838478,18,16272,2323.8903572818263,16011.402466853722,18,17,raw,1040,27712
0,2307,747838480,18,16280,2323.890363351843,16011.402508525423,18,17,raw,1040,27712
0,2308,747838482,18,16288,2323.8903694218607,16011.402550197128,18,17,raw,1040,27712
0,2309,747838484,18,16296,2323.8903754918779,16011.402591868831,18,17,raw,1040,27712
0,2310,747838485,18,16304,2323.8903785268863,16011.40261270468,18,17,raw,1040,27712
0,2311,747838493,18,16312,2323.8904028069555,16011.402779391496,18,17,raw,1040,27712
0,2312,747838496,18,16320,2323.8904119119816,16011.402841899051,18,17,raw,1040,27712
0,2313,747838499,18,16328,2323.8904210170072,16011.402904406605,18,17,raw,1040,27712
0,2314,747838503,18,16336,2323.8904331570416,16011.402987750011,18,17,raw,1040,27712
0,2315,747838504,18,16344,2323.8904361920504,16011.403008585863,18,17,raw,1040,27712
0,2316,747838508,18,16352,2323.8904483320853,16011.403091929271,18,17,raw,1040,27712
0,2317,747838511,18,16360,2323.8904574371109,16011.403154436824,18,17,raw,1040,27712
0,2318,747838512,18,16368,2323.8904604721197,16011.403175272677,18,17,raw,1040,27712
0,2319,747838515,18,16376,2323.8904695771453,16011.40323778023,18,17,raw,1040,27712
0,2320,747838516,18,16384,2323.8904726121541,16011.403258616083,18,17,raw,1040,27712
0,2321,747838520,18,16392,2323.8904847521885,16011.403341959489,18,17,raw,1040,27712
0,2322,747838522,18,16400,2323.8904908222057,16011.403383631194,18,17,raw,1040,27712
0,2323,747838525,18,16408,2323.8904999272322,16011.403446138749,18,17,raw,1040,27712
0,2324,747838530,18,16416,2323.890515102275,16011.403550318008,18,17,raw,1040,27712
0,2325,747838533,18,16424,2323.8905242073006,16011.403612825561,18,17,raw,1040,27712
0,2326,747838535,18,16432,2323.8905302773182,16011.403654497266,18,17,raw,1040,27712
0,2327,747838536,18,16440,2323.8905333123271,16011.403675333117,18,17,raw,1040,27712
0,2328,747838539,18,16448,2323.8905424173527,16011.40373784067,18,17,raw,1040,27712
0,2329,747838542,18,16456,2323.8905515223787,16011.403800348227,18,17,raw,1040,27712
0,2330,747838543,18,16464,2323.8905545573875,16011.40382118408,18,17,raw,1040,27712
0,2331,747838545,18,16472,2323.8905606274043,16011.403862855781,18,17,raw,1040,27712
0,2332,747838546,18,16480,2323.8905636624131,16011.403883691633,18,17,raw,1040,27712
0,2333,747838548,18,16488,2323.8905697324303,16011.403925363338,18,17,raw,1040,27712
0,2334,747838549,18,16496,2323.8905727674387,16011.403946199187,18,17,raw,1040,27712
0,2335,747838551,18,16504,2323.8905788374564,16011.40398787089,18,17,raw,1040,27712
0,2336,747838554,18,16512,2323.8905879424824,16011.404050378447,18,17,raw,1040,27712
0,2337,747838557,18,16520,2323.890597047508,16011.404112886001,18,17,raw,1040,27712
0,2338,747838559,18,16528,2323.8906031175256,16011.404154557706,18,17,raw,1040,27712
0,2339,747838560,18,16536,2323.890606152534,16011.404175393558,18,17,raw,1040,27712
0,2340,747838561,18,16544,2323.8906091875424,16011.404196229407,18,17,raw,1040,27712
0,2341,747838562,18,16552,2323.8906122225512,16011.404217065259,18,17,raw,1040,27712
0,2342,747838566,18,16560,2323.8906243625861,16011.404300408667,18,17,raw,1040,27712
0,2343,747838569,18,16568,2323.8906334676117,16011.404362916221,18,17,raw,1040,27712
0,2344,747838572,18,16576,2323.8906425726377,16011.404425423778,18,17,raw,1040,27712
0,2345,747838573,18,16584,2323.8906456076461,16011.404446259627,18,17,raw,1040,27712
0,2346,747838574,18,16592,2323.8906486426549,16011.404467095479,18,17,raw,1040,27712
0,2347,747838576,18,16600,2323.8906547126721,16011.404508767184,18,17,raw,1040,27712
0,2348,747838579,18,16608,2323.8906638176977,16011.404571274736,18,17,raw,1040,27712
0,2349,747838582,18,16616,2323.8906729227238,16011.404633782293,18,17,raw,1040,27712
0,2350,747838585,18,16624,2323.8906820277498,16011.404696289846,18,17,raw,1040,27712
0,2351,747838588,18,16632,2323.8906911327758,16011.404758797404,18,17,raw,1040,27712
0,2352,747838593,18,16640,2323.8907063078191,16011.40486297666,18,17,raw,1040,27712
0,2353,747838596,18,16648,2323.8907154128447,16011.404925484214,18,17,raw,1040,27712
0,2354,747838597,18,16656,2323.890718447853,16011.404946320066,18,17,raw,1040,27712
0,2355,747838599,18,16664,2323.8907245178707,16011.404987991771,18,17,raw,1040,27712
0,2356,747838602,18,16672,2323.8907336228963,16011.405050499325,18,17,raw,1040,27712
0,2357,747838605,18,16680,2323.8907427279223,16011.40511300688,18,17,raw,1040,27712
0,2358,747838608,18,16688,2323.8907518329484,16011.405175514434,18,17,raw,1040,27712
0,2359,747838611,18,16696,2323.8907609379744,16011.405238021991,18,17,raw,1040,27712
0,2360,747838613,18,16704,2323.8907670079911,16011.405279693692,18,17,raw,1040,27712
0,2361,747838619,18,16712,2323.8907852180432,16011.405404708803,18,17,raw,1040,27712
0,2362,747838622,18,16720,2323.8907943230693,16011.405467216358,18,17,raw,1040,27712
0,2363,747838628,18,16728,2323.8908125331209,16011.405592231469,18,17,raw,1040,27712
0,2364,747838631,18,16736,2323.8908216381465,16011.405654739023,18,17,raw,1040,27712
0,2365,747838632,18,16744,2323.8908246731553,16011.405675574875,18,17,raw,1040,27712
0,2366,747838633,18,16752,2323.8908277081641,16011.405696410726,18,17,raw,1040,27712
0,2367,747838634,18,16760,2323.890830743173,16011.405717246578,18,17,raw,1040,27712
0,2368,747838637,18,16768,2323.8908398481985,16011.405779754132,18,17,raw,1040,27712
0,2369,747838640,18,16776,2323.8908489532246,16011.405842261689,18,17,raw,1040,27712
0,2370,747838642,18,16784,2323.8908550232418,16011.40588393339,18,17,raw,1040,27712
0,2371,747838653,18,16792,2323.8908884083371,16011.406113127761,18,17,raw,1040,27712
0,2372,749317165,18,16800,2328.3781850914029,16042.212169822302,18,17,raw,1040,27712
0,2373,750154720,18,16808,2330.9201717464894,16059.6633415509,18,17,raw,1040,27712
0,2374,751000219,18,16816,2333.4862685101521,16077.280033285007,18,17,raw,1040,27712
0,2375,752066277,18,16824,2336.7217637427616,16099.492259623157,18,17,raw,1040,27712
0,2376,752201079,18,16832,2337.1308889764227,16102.300974097263,18,17,raw,1040,27712
0,2377,753064471,18,16840,2339.7512911495437,16120.290481724938,18,17,raw,1040,27712
0,2378,753497337,18,16848,2341.0650431962044,16129.309613485208,18,17,raw,1040,27712
0,2379,754052322,18,16856,2342.7494274620417,16140.873198613106,18,17,raw,1040,27712
0,2380,755000483,18,16864,2345.6271042819208,16160.628940549293,18,17,raw,1040,27712
0,2381,755157797,18,16872,2346.1045536299139,16163.906711715739,18,17,raw,1040,27712
0,2382,755285644,18,16880,2346.4925703785366,16166.570512841618,18,17,raw,1040,27712
0,2383,755352856,18,16888,2346.6965593787359,16167.970932102711,18,17,raw,1040,27712
0,2384,756707337,18,16896,2350.8074209061201,16196.192697281265,18,17,raw,1040,27712
0,2385,756736724,18,16904,2350.8966107047995,16196.8050004537,18,17,raw,1040,27712
0,2386,757057221,18,16912,2351.8693218664489,16203.482828399927,18,17,raw,1040,27712
0,2387,757842083,18,16920,2354.2513848116701,16219.836096597543,18,17,raw,1040,27712
0,2388,758220048,18,16928,2355.3985118494047,16227.711319266382,18,17,raw,1040,27712
0,2389,758383454,18,16936,2355.8944504699862,16231.11602244108,18,17,raw,1040,27712
0,2390,758430169,18,16944,2356.0362308982476,16232.089369250902,18,17,raw,1040,27712
0,2391,758967082,18,16952,2357.6657664880809,16243.276408867785,18,18,raw,1040,27712
0,2392,759157247,18,16960,2358.2429189046557,16247.23865859678,18,18,raw,1040,27712
0,2393,759789108,18,16968,2360.1606224941152,16260.404020656115,18,18,raw,1040,27712
0,2394,760773863,18,16976,2363.149362419887,16280.922229747575,18,18,raw,1040,27712
0,2395,761736690,18,16984,2366.0715506763681,16300.983550284054,18,18,raw,1040,27712
0,2396,761887915,18,16992,2366.5305198567989,16304.134451949807,18,18,raw,1040,27712
0,2397,762421674,18,17000,2368.1504830294052,16315.255775290585,18,18,raw,1040,27712
0,2398,762813851,18,17008,2369.3407436098232,16323.427117083073,18,18,raw,1040,27712
0,2399,763368031,18,17016,2371.0226846937117,16334.973929350395,18,18,raw,1040,27712
0,2400,763464633,18,17024,2371.3158725976155,16336.986714291474,18,18,raw,1040,27712
0,2401,764436465,18,17032,2374.2653911068314,16357.235661672063,18,18,raw,1040,27712
0,2402,765195170,18,17040,2376.5680673312554,16373.043926498071,18,18,raw,1040,27712
0,2403,765600834,18,17048,2377.7992610730985,16381.496281421762,18,18,raw,1040,27712
0,2404,765687891,18,17056,2378.0634798196065,16383.310188158843,18,18,raw,1040,27712
0,2405,765878027,18,17064,2378.6405442209316,16387.271833648141,18,18,raw,1040,27712
0,2406,766057643,18,17072,2379.1856803314436,16391.014285978083,18,18,raw,1040,27712
0,2407,766557436,18,17080,2380.7025564008427,16401.42789878172,18,18,raw,1040,27712
0,2408,767528609,18,17088,2383.6500748393701,16421.663115336076,18,18,raw,1040,27712
0,2409,768197068,18,17096,2385.6788536747572,16435.59102789409,18,18,raw,1040,27712
0,2410,768647554,18,17104,2387.0460825735199,16444.977287360427,18,18,raw,1040,27712
0,2411,768901400,18,17112,2387.8165073748132,16450.26638495834,18,18,raw,1040,27712
0,2412,769271592,18,17120,2388.9400432904486,16457.979650552305,18,18,raw,1040,27712
0,2413,770745280,18,17128,2393.4126990918721,16488.685195098489,18,18,raw,1040,27712
0,2414,772280541,18,17136,2398.072229479817,16520.673665538307,18,18,raw,1040,27712
0,2415,772704083,18,17144,2399.3576831059891,16529.498523817794,18,18,raw,1040,27712
0,2416,773113042,18,17152,2400.5988772012756,16538.01953287267,18,18,raw,1040,27712
0,2417,773881243,18,17160,2402.9303738676726,16554.025654945945,18,18,raw,1040,27712
0,2418,774852372,18,17168,2405.8777587658201,16574.259954722824,18,18,raw,1040,27712
0,2419,775241358,18,17176,2407.0583346336916,16582.364809312698,18,18,raw,1040,27712
0,2420,777982045,18,17184,2415.3763433373229,16639.469357063404,18,18,raw,1040,27712
0,2421,778478046,18,17192,2416.8817106539882,16649.803960317589,18,18,raw,1040,27712
0,2422,779140262,18,17200,2418.8915419304835,16663.60179465375,18,18,raw,1040,27712
0,2423,779701970,18,17208,2420.5963305593559,16675.305459212293,18,18,raw,1040,27712
0,2424,779778492,18,17216,2420.8285754899225,16676.899860252244,18,18,raw,1040,27712
0,2425,780140278,18,17224,2421.926599122994,16684.437979677241,18,18,raw,1040,27712
0,2426,780983975,18,17232,2424.4872268011009,16702.017125206676,18,18,raw,1040,27712
0,2427,781463180,18,17240,2425.9416181127767,16712.001769496546,18,18,raw,1040,27712
0,2428,782253933,18,17248,2428.3415602938512,16728.477781696231,18,18,raw,1040,27712
0,2429,783313694,18,17256,2431.5579440771025,16750.558804676541,18,18,raw,1040,27712
0,2430,783682357,18,17264,2432.6768394645392,16758.240212253335,19,18,raw,1040,27712
0,2431,785118219,18,17272,2437.0346930294345,16788.157619875008,19,18,raw,1040,27712
0,2432,785659462,19,17296,2438.6773702066457,16799.434878729535,19,18,for,416,27712
0,2433,785829133,19,17299.125,2439.1923231563092,16802.970118514819,19,18,for,416,27712
0,2434,786495406,19,17302.25,2441.2144674628253,16816.852483901126,19,18,for,416,27712
0,2435,786510418,19,17305.375,2441.2600290124151,16817.165271706093,19,18,for,416,27712
0,2436,786876598,19,17308.5,2442.371388473417,16824.794943863242,19,18,for,416,27712
0,2437,787834247,19,17311.625,2445.2778614551999,16844.748376359879,19,18,for,416,27712
0,2438,788648096,19,17314.75,2447.7479001956472,16861.705613389266,19,18,for,416,27712
0,2439,788776517,19,17317.875,2448.1376590392251,16864.381374293996,19,18,for,416,27712
0,2440,789660883,19,17321,2450.8217174834017,16882.807893074176,19,18,for,416,27712
0,2441,790359558,19,17324.125,2452.9422021396249,16897.365381725645,19,18,for,416,27712
0,2442,791268063,19,17327.25,2455.6995226571785,16916.294857128803,19,18,for,416,27712
0,2443,791369083,19,17330.375,2456.0061192292205,16918.399694862474,19,18,for,416,27712
0,2444,791881925,19,17333.5,2457.5625991262636,16929.085194694289,19,18,for,416,27712
0,2445,792236667,19,17336.625,2458.639244158529,16936.476546380265,19,18,for,416,27712
0,2446,792289810,19,17339.75,2458.8005336222786,16937.583826044494,19,18,for,416,27712
0,2447,793220812,19,17342.875,2461.6261327290354,16956.982045602221,19,18,for,416,27712
0,2448,794709319,19,17346,2466.1437643233817,16987.996356634001,19,18,for,416,27712
0,2449,795590091,19,17349.125,2468.8169149465339,17006.347991363353,19,18,for,416,27712
0,2450,795666128,19,17352.25,2469.0476878979134,17007.932287015257,19,18,for,416,27712
0,2451,795932593,19,17355.375,2469.8564114731385,17013.484312225133,19,18,for,416,27712
0,2452,796824883,19,17358.5,2472.5645193257183,17032.075934293789,19,18,for,416,27712
0,2453,797454108,19,17361.625,2474.4742226324229,17045.186373048175,19,18,for,416,27712
0,2454,797541948,19,17364.75,2474.74081779069,17047.016594257097,19,18,for,416,27712
0,2455,798161574,19,17367.875,2476.6213880495329,17059.927029671497,19,18,for,416,27712
0,2456,798538753,19,17371,2477.766129570482,17067.78587536094,19,18,for,416,27712
0,2457,800935333,19,17374.125,2485.0397705586533,17117.720660707968,19,18,for,416,27712
0,2458,801611349,19,17377.25,2487.0914849542755,17131.806029796899,19,18,for,416,27712
0,2459,802528633,19,17380.375,2489.8754498126123,17150.918423141691,19,18,for,416,27712
0,2460,803490747,19,17383.5,2492.7954741079384,17170.964887715945,19,18,for,416,27712
0,2461,803579576,19,17386.625,2493.0650708897438,17172.81571558215,19,18,for,416,27712
0,2462,804146512,19,17389.75,2494.785726543746,17184.628309973119,19,18,for,416,27712
0,2463,804736602,19,17392.875,2496.5766547876233,17196.923337673186,19,18,for,416,27712
0,2464,804817488,19,17396,2496.8221444958608,17198.608666369735,19,18,for,416,27712
0,2465,805492971,19,17399.125,2498.8722412318821,17212.68292994974,19,18,for,416,27712
0,2466,805776339,19,17402.25,2499.7322655580201,17218.58714356006,19,18,for,416,27712
0,2467,806106793,19,17405.375,2500.7351963006222,17225.472434081163,19,18,for,416,27712
0,2468,806586657,19,17408.5,2502.1915876829871,17235.470809197272,19,18,for,416,27712
0,2469,808783998,19,17411.625,2508.8605365862527,17281.254280297431,19,19,for,416,27712
0,2470,809337700,19,17414.75,2510.5410269360145,17292.791133027666,19,19,for,416,27712
0,2471,809337703,19,17417.875,2510.5410360410406,17292.791195535221,19,19,for,416,27712
0,2472,809337712,19,17421,2510.5410633561182,17292.791383057884,19,19,for,416,27712
0,2473,809337718,19,17424.125,2510.5410815661699,17292.791508072994,19,19,for,416,27712
0,2474,809337724,19,17427.25,2510.5410997762219,17292.791633088105,19,19,for,416,27712
0,2475,809337727,19,17430.375,2510.5411088812475,17292.791695595657,19,19,for,416,27712
0,2476,809337728,19,17433.5,2510.5411119162563,17292.791716431511,19,19,for,416,27712
0,2477,809337729,19,17436.625,2510.5411149512647,17292.791737267362,19,19,for,416,27712
0,2478,809337732,19,17439.75,2510.5411240562912,17292.791799774917,19,19,for,416,27712
0,2479,809337735,19,17442.875,2510.5411331613168,17292.791862282473,19,19,for,416,27712
0,2480,809337736,19,17446,2510.5411361963256,17292.791883118323,19,19,for,416,27712
0,2481,809337737,19,17449.125,2510.541139231334,17292.791903954178,19,19,for,416,27712
0,2482,809337738,19,17452.25,2510.5411422663428,17292.791924790028,19,19,for,416,27712
0,2483,809337741,19,17455.375,2510.5411513713684,17292.791987297584,19,19,for,416,27712
0,2484,809337746,19,17458.5,2510.5411665464117,17292.79209147684,19,19,for,416,27712
0,2485,809337752,19,17461.625,2510.5411847564633,17292.792216491951,19,19,for,416,27712
0,2486,809337755,19,17464.75,2510.5411938614898,17292.792278999506,19,19,for,416,27712
0,2487,809337757,19,17467.875,2510.5411999315065,17292.792320671208,19,19,for,416,27712
0,2488,809337760,19,17471,2510.5412090365326,17292.792383178763,19,19,for,416,27712
0,2489,809337768,19,17474.125,2510.5412333166014,17292.792549865575,19,19,for,416,27712
0,2490,809337769,19,17477.25,2510.5412363516102,17292.792570701429,19,19,for,416,27712
0,2491,809337772,19,17480.375,2510.5412454566363,17292.792633208985,19,19,for,416,27712
0,2492,809337774,19,17483.5,2510.5412515266535,17292.792674880686,19,19,for,416,27712
0,2493,809337776,19,17486.625,2510.5412575966707,17292.792716552391,19,19,for,416,27712
0,2494,809337777,19,17489.75,2510.5412606316795,17292.792737388241,19,19,for,416,27712
0,2495,809337780,19,17492.875,2510.5412697367051,17292.792799895797,19,19,for,416,27712
0,2496,809337781,19,17496,2510.5412727717139,17292.792820731647,19,19,for,416,27712
0,2497,809337782,19,17499.125,2510.5412758067223,17292.792841567501,19,19,for,416,27712
0,2498,809337786,19,17502.25,2510.5412879467567,17292.792924910904,19,19,for,416,27712
0,2499,809337792,19,17505.375,2510.5413061568088,17292.793049926015,19,19,for,416,27712
0,2500,809337794,19,17508.5,2510.541312226826,17292.793091597719,19,19,for,416,27712
0,2501,809337797,19,17511.625,2510.5413213318516,17292.793154105275,19,19,for,416,27712
0,2502,809337800,19,17514.75,2510.5413304368781,17292.79321661283,19,19,for,416,27712
0,2503,809337806,19,17517.875,2510.5413486469297,17292.793341627941,19,19,for,416,27712
0,2504,809337809,19,17521,2510.5413577519553,17292.793404135493,19,19,for,416,27712
0,2505,809337812,19,17524.125,2510.5413668569813,17292.793466643048,19,19,for,416,27712
0,2506,809337815,19,17527.25,2510.5413759620074,17292.793529150604,19,19,for,416,27712
0,2507,809337818,19,17530.375,2510.5413850670334,17292.793591658159,19,19,for,416,27712
0,2508,809337821,19,17533.5,2510.541394172059,17292.793654165715,19,19,for,416,27712
0,2509,809337825,19,17536.625,2510.5414063120938,17292.793737509121,19,19,for,416,27712
0,2510,809337827,19,17539.75,2510.541412382111,17292.793779180822,19,19,for,416,27712
0,2511,809337833,19,17542.875,2510.5414305921627,17292.793904195933,19,19,for,416,27712
0,2512,809337836,19,17546,2510.5414396971887,17292.793966703488,19,19,for,416,27712
0,2513,809337839,19,17549.125,2510.5414488022143,17292.794029211043,19,19,for,416,27712
0,2514,809337842,19,17552.25,2510.5414579072408,17292.794091718599,19,19,for,416,27712
0,2515,809337843,19,17555.375,2510.5414609422487,17292.794112554449,19,19,for,416,27712
0,2516,809337846,19,17558.5,2510.5414700472752,17292.794175062005,19,19,for,416,27712
0,2517,809337848,19,17561.625,2510.5414761172924,17292.79421673371,19,19,for,416,27712
0,2518,809337850,19,17564.75,2510.5414821873092,17292.794258405411,19,19,for,416,27712
0,2519,809337852,19,17567.875,2510.5414882573268,17292.794300077116,19,19,for,416,27712
0,2520,809337853,19,17571,2510.5414912923356,17292.794320912966,19,19,for,416,27712
0,2521,809337856,19,17574.125,2510.5415003973612,17292.794383420522,19,19,for,416,27712
0,2522,809337858,19,17577.25,2510.5415064673784,17292.794425092226,19,19,for,416,27712
0,2523,809337860,19,17580.375,2510.5415125373961,17292.794466763931,19,19,for,416,27712
0,2524,809337862,19,17583.5,2510.5415186074129,17292.794508435632,19,19,for,416,27712
0,2525,809337863,19,17586.625,2510.5415216424217,17292.794529271483,19,19,for,416,27712
0,2526,809337865,19,17589.75,2510.5415277124389,17292.794570943188,19,19,for,416,27712
0,2527,809337867,19,17592.875,2510.5415337824561,17292.794612614889,19,19,for,416,27712
0,2528,809337868,19,17596,2510.5415368174649,17292.79463345074,19,19,for,416,27712
0,2529,809337869,19,17599.125,2510.5415398524733,17292.794654286594,19,19,for,416,27712
0,2530,809337870,19,17602.25,2510.5415428874821,17292.794675122444,19,19,for,416,27712
0,2531,809337872,19,17605.375,2510.5415489574993,17292.794716794146,19,19,for,416,27712
0,2532,809337873,19,17608.5,2510.5415519925077,17292.79473763,19,19,for,416,27712
0,2533,809337875,19,17611.625,2510.5415580625254,17292.794779301705,19,19,for,416,27712
0,2534,809337877,19,17614.75,2510.5415641325426,17292.794820973406,19,19,for,416,27712
0,2535,809337880,19,17617.875,2510.5415732375686,17292.794883480961,19,19,for,416,27712
0,2536,809337883,19,17621,2510.5415823425947,17292.794945988517,19,19,for,416,27712
0,2537,809337884,19,17624.125,2510.5415853776026,17292.794966824367,19,19,for,416,27712
0,2538,809337887,19,17627.25,2510.5415944826291,17292.795029331923,19,19,for,416,27712
0,2539,809337890,19,17630.375,2510.5416035876547,17292.795091839478,19,19,for,416,27712
0,2540,809337893,19,17633.5,2510.5416126926807,17292.795154347034,19,19,for,416,27712
0,2541,809337896,19,17636.625,2510.5416217977063,17292.795216854585,19,19,for,416,27712
0,2542,809337899,19,17639.75,2510.5416309027323,17292.795279362144,19,19,for,416,27712
0,2543,809337901,19,17642.875,2510.5416369727495,17292.795321033846,19,19,for,416,27712
0,2544,809337904,19,17646,2510.5416460777756,17292.795383541401,19,19,for,416,27712
0,2545,809337907,19,17649.125,2510.5416551828012,17292.795446048953,19,19,for,416,27712
0,2546,809337909,19,17652.25,2510.5416612528188,17292.795487720658,19,19,for,416,27712
0,2547,809337912,19,17655.375,2510.5416703578449,17292.795550228217,19,19,for,416,27712
0,2548,809337918,19,17658.5,2510.5416885678965,17292.795675243324,19,19,for,416,27712
0,2549,809337921,19,17661.625,2510.5416976729225,17292.795737750879,19,19,for,416,27712
0,2550,809337924,19,17664.75,2510.5417067779485,17292.795800258435,19,19,for,416,27712
0,2551,809337927,19,17667.875,2510.5417158829741,17292.79586276599,19,19,for,416,27712
0,2552,809337930,19,17671,2510.5417249879997,17292.795925273542,19,19,for,416,27712
0,2553,809337933,19,17674.125,2510.5417340930258,17292.795987781097,19,19,for,416,27712
0,2554,809337935,19,17677.25,2510.5417401630434,17292.796029452802,19,19,for,416,27712
0,2555,809337937,19,17680.375,2510.5417462330602,17292.796071124503,19,19,for,416,27712
0,2556,809337940,19,17683.5,2510.5417553380867,17292.796133632062,19,19,for,416,27712
0,2557,809337942,19,17686.625,2510.5417614081034,17292.796175303763,19,19,for,416,27712
0,2558,809337944,19,17689.75,2510.5417674781211,17292.796216975468,19,19,for,416,27712
0,2559,809337949,19,17692.875,2510.5417826531639,17292.796321154725,19,19,for,416,27712
0,2560,809337951,20,17712,2510.5417887231815,17292.79636282643,19,19,raw,1040,27712
0,2561,809337953,20,17720,2510.5417947931987,17292.796404498135,19,19,raw,1040,27712
0,2562,809337955,20,17728,2510.5418008632159,17292.796446169836,19,19,raw,1040,27712
0,2563,809337956,20,17736,2510.5418038982243,17292.796467005686,19,19,raw,1040,27712
0,2564,809337959,20,17744,2510.5418130032508,17292.796529513242,19,19,raw,1040,27712
0,2565,809337962,20,17752,2510.5418221082764,17292.796592020797,19,19,raw,1040,27712
0,2566,809337964,20,17760,2510.5418281782936,17292.796633692502,19,19,raw,1040,27712
0,2567,809337968,20,17768,2510.541840318328,17292.796717035908,19,19,raw,1040,27712
0,2568,809337970,20,17776,2510.5418463883457,17292.796758707613,19,19,raw,1040,27712
0,2569,809337974,20,17784,2510.5418585283801,17292.796842051015,19,19,raw,1040,27712
0,2570,809337976,20,17792,2510.5418645983973,17292.79688372272,19,19,raw,1040,27712
0,2571,809337979,20,17800,2510.5418737034229,17292.796946230275,19,19,raw,1040,27712
0,2572,809337980,20,17808,2510.5418767384317,17292.796967066126,19,19,raw,1040,27712
0,2573,809337982,20,17816,2510.5418828084494,17292.797008737831,19,19,raw,1040,27712
0,2574,810025084,20,17824,2512.6272433097693,17307.113364078155,19,19,raw,1040,27712
0,2575,810031507,20,17832,2512.6467371702151,17307.247192753301,19,19,raw,1040,27712
0,2576,810917154,20,17840,2515.3346834604499,17325.700402259448,19,19,raw,1040,27712
0,2577,811209918,20,17848,2516.2232247276975,17331.800389531865,19,19,raw,1040,27712
0,2578,811765836,20,17856,2517.9104406565889,17343.383414509353,19,19,raw,1040,27712
0,2579,812320874,20,17864,2519.5949857778837,17354.94810393739,19,19,raw,1040,27712
0,2580,813222258,20,17872,2522.3306939989661,17373.729207240951,19,19,raw,1040,27712
0,2581,813628427,20,17880,2523.5634204201683,17382.192084269722,19,19,raw,1040,27712
0,2582,813878341,20,17888,2524.3219115675188,17387.399255298944,19,19,raw,1040,27712
0,2583,813895746,20,17896,2524.3747358927649,17387.761903296912,19,19,raw,1040,27712
0,2584,814240965,20,17904,2525.4224785378242,17394.954835167628,19,19,raw,1040,27712
0,2585,815066852,20,17912,2527.9290527121884,17412.162894179175,19,19,raw,1040,27712
0,2586,815765362,20,17920,2530.0490365919868,17426.716944915119,19,19,raw,1040,27712
0,2587,816622163,20,17928,2532.6494350232124,17444.569123444577,19,19,raw,1040,27712
0,2588,817119831,20,17936,2534.1598616992678,17454.938460063458,19,19,raw,1040,27712
0,2589,817212670,20,17944,2534.4416288656885,17456.872839694777,19,19,raw,1040,27712
0,2590,817679422,20,17952,2535.8582252148658,17466.598015124058,19,19,raw,1040,27712
0,2591,818230816,20,17960,2537.5317107647043,17478.086778708683,19,19,raw,1040,27712
0,2592,818900991,20,17968,2539.5656976749042,17492.050445588127,19,19,raw,1040,27712
0,2593,819428391,20,17976,2541.1663612276175,17503.039273748265,19,19,raw,1040,27712
0,2594,819541162,20,17984,2541.5086221860988,17505.388953574671,19,19,raw,1040,27712
0,2595,820263551,20,17992,2543.7010790370296,17520.440543612163,19,19,raw,1040,27712
0,2596,821967629,20,18000,2548.8729704772654,17555.946460019957,19,19,raw,1040,27712
0,2597,823128026,20,18008,2552.3947853892446,17580.124319766903,19,19,raw,1040,27712
0,2598,823660715,20,18016,2554.0115011026146,17591.223348746415,19,19,raw,1040,27712
0,2599,823756826,20,18024,2554.3031988172802,17593.225903284336,19,19,raw,1040,27712
0,2600,824676172,20,18032,2557.0934218634175,17612.381260155227,19,19,raw,1040,27712
0,2601,825256734,20,18040,2558.855432545045,17624.477763860777,19,19,raw,1040,27712
0,2602,826713380,20,18048,2563.2763657293553,17654.82822382314,20,19,raw,1040,27712
0,2603,827558444,20,18056,2565.841142264263,17672.435851961782,20,19,raw,1040,27712
0,2604,827975560,20,18064,2567.1070929249636,17681.126819058565,20,19,raw,1040,27712
0,2605,828127128,20,18072,2567.5671031133547,17684.284867421433,20,19,raw,1040,27712
0,2606,829860517,20,18080,2572.8279536916143,17720.401503476933,20,20,raw,1040,27712
0,2607,831208597,20,18088,2576.9193881287429,17748.48989836908,20,20,raw,1040,27712
0,2608,832808472,20,18096,2581.7750225644595,17781.824656527406,20,20,raw,1040,27712
0,2609,833548601,20,18104,2584.0213204685292,17797.245874573167,20,20,raw,1040,27712
0,2610,834727042,20,18112,2587.5978990762706,17821.799696427282,20,20,raw,1040,27712
0,2611,835572227,20,18120,2590.1630428472226,17839.409845703969,20,20,raw,1040,27712
0,2612,835712988,20,18128,2590.590253697324,17842.342721018056,20,20,raw,1040,27712
0,2613,837401404,20,18136,2595.7146108323595,17877.522306317311,20,20,raw,1040,27712
0,2614,838359836,20,18144,2598.6234602259015,17897.49205328579,20,20,raw,1040,27712
0,2615,839026493,20,18152,2600.6467699757327,17911.382419639132,20,20,raw,1040,27712
0,2616,839039948,20,18160,2600.6876060168815,17911.662766023084,20,20,raw,1040,27712
0,2617,840215903,20,18168,2604.2566395931631,17936.164789949995,20,20,raw,1040,27712
0,2618,842090837,20,18176,2609.9470804682915,17975.230636627279,20,20,raw,1040,27712
0,2619,842700187,20,18184,2611.7964629784278,17987.926962830123,20,20,raw,1040,27712
0,2620,842962568,20,18192,2612.5927915783982,17993.393894421864,20,20,raw,1040,27712
0,2621,843768884,20,18200,2615.0399675988183,18010.194174980774,20,20,raw,1040,27712
0,2622,843784468,20,18208,2615.0872651733453,18010.518880892887,20,20,raw,1040,27712
0,2623,844564092,20,18216,2617.4534307433496,18026.763010899558,20,20,raw,1040,27712
0,2624,845562034,20,18224,2620.4821933279568,18047.555982366724,20,20,raw,1040,27712
0,2625,845971375,20,18232,2621.7245467965408,18056.08495071693,20,20,raw,1040,27712
0,2626,846757236,20,18240,2624.1096417153854,18072.459033930343,20,20,raw,1040,27712
0,2627,848088074,20,18248,2628.148746533675,18100.188177068343,20,20,raw,1040,27712
0,2628,848572125,20,18256,2629.6178454971832,18110.27379189531,20,20,raw,1040,27712
0,2629,849121725,20,18264,2631.2858862415355,18121.725175962078,20,20,raw,1040,27712
0,2630,849886265,20,18272,2633.6062717413292,18137.655017982459,20,20,raw,1040,27712
0,2631,850346926,20,18280,2635.0043818529266,18147.253282239337,20,20,raw,1040,27712
0,2632,850426347,20,18288,2635.2454252735183,18148.908086413219,20,20,raw,1040,27712
0,2633,850859303,20,18296,2636.5594504709557,18157.929093400136,20,20,raw,1040,27712
0,2634,851669302,20,18304,2639.0178044281688,18174.806112400678,20,20,raw,1040,27712
0,2635,851707220,20,18312,2639.1328858854913,18175.596166223535,20,20,raw,1040,27712
0,2636,851914098,20,18320,2639.760762401339,18179.906645541152,20,20,raw,1040,27712
0,2637,852175766,20,18328,2640.5549270401543,18185.358721170673,20,20,raw,1040,27712
0,2638,852204041,20,18336,2640.6407419092352,18185.947854876071,20,20,raw,1040,27712
0,2639,852548410,20,18344,2641.685904796956,18193.123076272881,20,20,raw,1040,27712
0,2640,853449187,20,18352,2644.419770767799,18211.891532214489,20,20,raw,1040,27712
0,2641,853491056,20,18360,2644.5468435442281,18212.763908487221,20,20,raw,1040,27712
0,2642,854084222,20,18368,2646.3471074746576,18225.12302726696,20,20,raw,1040,27712
0,2643,854657139,20,18376,2648.0859155152907,18237.060240886647,20,20,raw,1040,27712
0,2644,856225055,20,18384,2652.8445541101255,18269.729106062092,20,20,raw,1040,27712
0,2645,858067362,20,18392,2658.4359717586053,18308.115141407594,20,20,raw,1040,27712
0,2646,858410725,20,18400,2659.4780814276428,18315.269401937647,20,20,raw,1040,27712
0,2647,859370950,20,18408,2662.3923725916625,18335.276507588133,20,20,raw,1040,27712
0,2648,860307158,20,18416,2665.2337719533584,18354.783198589546,20,20,raw,1040,27712
0,2649,861200819,20,18424,2667.946040802773,18373.403386610815,20,20,raw,1040,27712
0,2650,861699582,20,18432,2669.4597908132814,18383.795538487258,20,20,raw,1040,27712
0,2651,862067542,20,18440,2670.5765525896491,18391.462298460337,20,20,raw,1040,27712
0,2652,862582756,20,18448,2672.140231527168,18402.19722093227,20,20,raw,1040,27712
0,2653,863222757,20,18456,2674.0826400868955,18415.532186824035,20,20,raw,1040,27712
0,2654,863539910,20,18464,2675.0452021796777,18422.140339682341,20,20,raw,1040,27712
0,2655,863540009,20,18472,2675.0455026455325,18422.142402431655,20,20,raw,1040,27712
0,2656,863741183,20,18480,2675.6560674721413,18426.334034051466,20,20,raw,1040,27712
0,2657,865365611,20,18488,2680.5862204748091,18460.180374875348,20,20,raw,1040,27712
0,2658,866325553,20,18496,2683.4996527313856,18480.181583979818,20,20,raw,1040,27712
0,2659,866484965,20,18504,2683.9834695274894,18483.503068763028,20,20,raw,1040,27712
0,2660,867902666,20,18512,2688.2862043006126,18513.042076482889,21,20,raw,1040,27712
0,2661,868522130,20,18520,2690.1662828880562,18525.949136489318,21,20,raw,1040,27712
0,2662,868875255,20,18528,2691.238020311363,18533.306796603178,21,20,raw,1040,27712
0,2663,869053151,20,18536,2691.7779362070273,18537.013411268279,21,20,raw,1040,27712
0,2664,869791630,20,18544,2694.0192263468534,18552.400250158818,21,20,raw,1040,27712
0,2665,871320761,20,18552,2698.6601521318817,18584.260996828027,21,20,raw,1040,27712
0,2666,872298130,20,18560,2701.6264754838949,18604.6253123192,21,20,raw,1040,27712
0,2667,872665644,20,18568,2702.7418836464126,18612.28277950245,21,20,raw,1040,27712
0,2668,872665646,20,18576,2702.7418897164298,18612.282821174151,21,20,raw,1040,27712
0,2669,872665647,20,18584,2702.7418927514382,18612.282842010001,21,20,raw,1040,27712
0,2670,872665648,20,18592,2702.741895786447,18612.282862845852,21,20,raw,1040,27712
0,2671,872665652,20,18600,2702.7419079264814,18612.282946189258,21,20,raw,1040,27712
0,2672,872665655,20,18608,2702.7419170315075,18612.283008696817,21,20,raw,1040,27712
0,2673,872665658,20,18616,2702.741926136533,18612.283071204369,21,20,raw,1040,27712
0,2674,872665664,20,18624,2702.7419443465851,18612.28319621948,21,20,raw,1040,27712
0,2675,872665667,20,18632,2702.7419534516112,18612.283258727035,21,20,raw,1040,27712
0,2676,872665669,20,18640,2702.7419595216284,18612.283300398736,21,20,raw,1040,27712
0,2677,872665672,20,18648,2702.7419686266544,18612.283362906295,21,20,raw,1040,27712
0,2678,872665676,20,18656,2702.7419807666888,18612.283446249698,21,20,raw,1040,27712
0,2679,872665679,20,18664,2702.7419898717148,18612.283508757257,21,20,raw,1040,27712
0,2680,872665682,20,18672,2702.7419989767404,18612.283571264808,21,20,raw,1040,27712
0,2681,872665685,20,18680,2702.7420080817665,18612.283633772367,21,20,raw,1040,27712
0,2682,872665691,20,18688,2702.7420262918185,18612.283758787475,21,20,raw,1040,27712
0,2683,872665692,20,18696,2702.7420293268269,18612.283779623329,21,20,raw,1040,27712
0,2684,872665694,20,18704,2702.7420353968441,18612.28382129503,21,20,raw,1040,27712
0,2685,872665698,20,18712,2702.7420475368785,18612.283904638436,21,20,raw,1040,27712
0,2686,872665699,20,18720,2702.7420505718874,18612.283925474287,21,20,raw,1040,27712
0,2687,872665700,20,18728,2702.7420536068958,18612.283946310141,21,20,raw,1040,27712
0,2688,872665702,21,18752,2702.7420596769134,18612.283987981842,21,20,raw,1040,27712
0,2689,872665706,21,18760,2702.7420718169478,18612.284071325248,21,20,raw,1040,27712
0,2690,872665708,21,18768,2702.742077886965,18612.284112996953,21,20,raw,1040,27712
0,2691,872665711,21,18776,2702.7420869919906,18612.284175504508,21,20,raw,1040,27712
0,2692,872665717,21,18784,2702.7421052020427,18612.284300519615,21,20,raw,1040,27712
0,2693,872665719,21,18792,2702.7421112720599,18612.28434219132,21,20,raw,1040,27712
0,2694,872665723,21,18800,2702.7421234120943,18612.284425534726,21,20,raw,1040,27712
0,2695,872665725,21,18808,2702.742129482112,18612.284467206431,21,20,raw,1040,27712
0,2696,872665726,21,18816,2702.7421325171204,18612.284488042282,21,20,raw,1040,27712
0,2697,872665729,21,18824,2702.7421416221464,18612.284550549837,21,20,raw,1040,27712
0,2698,872665732,21,18832,2702.7421507271724,18612.284613057393,21,20,raw,1040,27712
0,2699,872665733,21,18840,2702.7421537621808,18612.284633893243,21,20,raw,1040,27712
0,2700,872665735,21,18848,2702.742159832198,18612.284675564948,21,20,raw,1040,27712
0,2701,872665737,21,18856,2702.7421659022157,18612.284717236653,21,20,raw,1040,27712
0,2702,872665739,21,18864,2702.7421719722324,18612.284758908354,21,20,raw,1040,27712
0,2703,872665740,21,18872,2702.7421750072413,18612.284779744205,21,20,raw,1040,27712
0,2704,872665741,21,18880,2702.7421780422496,18612.284800580059,21,20,raw,1040,27712
0,2705,872665744,21,18888,2702.7421871472761,18612.284863087614,21,20,raw,1040,27712
0,2706,872665747,21,18896,2702.7421962523017,18612.284925595166,21,20,raw,1040,27712
0,2707,872665748,21,18904,2702.7421992873105,18612.28494643102,21,20,raw,1040,27712
0,2708,872665753,21,18912,2702.7422144623533,18612.285050610277,21,20,raw,1040,27712
0,2709,872665761,21,18920,2702.7422387424226,18612.285217297092,21,20,raw,1040,27712
0,2710,872665763,21,18928,2702.7422448124398,18612.285258968794,21,20,raw,1040,27712
0,2711,872665764,21,18936,2702.7422478474482,18612.285279804644,21,20,raw,1040,27712
0,2712,872665767,21,18944,2702.7422569524747,18612.2853423122,21,20,raw,1040,27712
0,2713,872665770,21,18952,2702.7422660575003,18612.285404819755,21,20,raw,1040,27712
0,2714,872665773,21,18960,2702.7422751625263,18612.28546732731,21,20,raw,1040,27712
0,2715,872665775,21,18968,2702.7422812325431,18612.285508999012,21,20,raw,1040,27712
0,2716,872665777,21,18976,2702.7422873025607,18612.285550670716,21,20,raw,1040,27712
0,2717,872665779,21,18984,2702.7422933725779,18612.285592342421,21,20,raw,1040,27712
0,2718,872665781,21,18992,2702.7422994425951,18612.285634014122,21,20,raw,1040,27712
0,2719,872665783,21,19000,2702.7423055126123,18612.285675685827,21,20,raw,1040,27712
0,2720,872665785,21,19008,2702.7423115826296,18612.285717357528,21,20,raw,1040,27712
0,2721,872665787,21,19016,2702.7423176526468,18612.285759029233,21,20,raw,1040,27712
0,2722,872665788,21,19024,2702.7423206876556,18612.285779865084,21,20,raw,1040,27712
0,2723,872665790,21,19032,2702.7423267576733,18612.285821536789,21,20,raw,1040,27712
0,2724,872665792,21,19040,2702.74233282769,18612.28586320849,21,20,raw,1040,27712
0,2725,872665795,21,19048,2702.742341932716,18612.285925716045,21,20,raw,1040,27712
0,2726,872665797,21,19056,2702.7423480027333,18612.285967387746,21,20,raw,1040,27712
0,2727,872665799,21,19064,2702.7423540727505,18612.286009059451,21,20,raw,1040,27712
0,2728,872665804,21,19072,2702.7423692477937,18612.286113238712,21,20,raw,1040,27712
0,2729,872665806,21,19080,2702.7423753178109,18612.286154910416,21,20,raw,1040,27712
0,2730,872665809,21,19088,2702.7423844228369,18612.286217417968,21,20,raw,1040,27712
0,2731,872665811,21,19096,2702.7423904928542,18612.286259089673,21,20,raw,1040,27712
0,2732,872665816,21,19104,2702.7424056678974,18612.28636326893,21,20,raw,1040,27712
0,2733,872665817,21,19112,2702.7424087029058,18612.286384104784,21,20,raw,1040,27712
0,2734,872665820,21,19120,2702.7424178079318,18612.286446612336,21,20,raw,1040,27712
0,2735,872665827,21,19128,2702.7424390529923,18612.286592463297,21,20,raw,1040,27712
0,2736,872665828,21,19136,2702.7424420880006,18612.286613299151,21,20,raw,1040,27712
0,2737,872665829,21,19144,2702.7424451230095,18612.286634135002,21,20,raw,1040,27712
0,2738,872665830,21,19152,2702.7424481580183,18612.286654970856,21,20,raw,1040,27712
0,2739,872665832,21,19160,2702.7424542280351,18612.286696642557,21,20,raw,1040,27712
0,2740,872665838,21,19168,2702.7424724380871,18612.286821657664,21,20,raw,1040,27712
0,2741,872665840,21,19176,2702.7424785081043,18612.286863329369,21,20,raw,1040,27712
0,2742,872665842,21,19184,2702.742484578122,18612.286905001074,21,20,raw,1040,27712
0,2743,872665847,21,19192,2702.7424997531648,18612.287009180334,21,20,raw,1040,27712
0,2744,872665848,21,19200,2702.7425027881736,18612.287030016185,21,20,raw,1040,27712
0,2745,872665850,21,19208,2702.7425088581908,18612.287071687886,21,20,raw,1040,27712
0,2746,872665853,21,19216,2702.7425179632169,18612.287134195441,21,20,raw,1040,27712
0,2747,872665857,21,19224,2702.7425301032513,18612.287217538847,21,20,raw,1040,27712
0,2748,872665860,21,19232,2702.7425392082773,18612.287280046407,21,20,raw,1040,27712
0,2749,872665864,21,19240,2702.7425513483117,18612.287363389809,21,20,raw,1040,27712
0,2750,872665867,21,19248,2702.7425604533373,18612.287425897364,21,20,raw,1040,27712
0,2751,872665870,21,19256,2702.7425695583634,18612.28748840492,21,20,raw,1040,27712
0,2752,872665874,21,19264,2702.7425816983978,18612.287571748326,21,20,raw,1040,27712
0,2753,872665878,21,19272,2702.7425938384322,18612.287655091732,21,20,raw,1040,27712
0,2754,872665880,21,19280,2702.7425999084498,18612.287696763437,21,20,raw,1040,27712
0,2755,872665882,21,19288,2702.7426059784671,18612.287738435141,21,20,raw,1040,27712
0,2756,872665884,21,19296,2702.7426120484843,18612.287780106843,21,20,raw,1040,27712
0,2757,872665886,21,19304,2702.7426181185015,18612.287821778547,21,20,raw,1040,27712
0,2758,872665889,21,19312,2702.7426272235275,18612.287884286103,21,20,raw,1040,27712
0,2759,872665890,21,19320,2702.7426302585359,18612.287905121953,21,20,raw,1040,27712
0,2760,872665896,21,19328,2702.742648468588,18612.288030137061,21,20,raw,1040,27712
0,2761,872665898,21,19336,2702.7426545386052,18612.288071808765,21,20,raw,1040,27712
0,2762,872665899,21,19344,2702.742657573614,18612.28809264462,21,20,raw,1040,27712
0,2763,872665902,21,19352,2702.7426666786396,18612.288155152171,21,20,raw,1040,27712
0,2764,872665904,21,19360,2702.7426727486568,18612.288196823876,21,20,raw,1040,27712
0,2765,873471003,21,19368,2705.1861551635716,18629.063120151328,21,20,raw,1040,27712
0,2766,874744227,21,19376,2709.0504009945153,18655.591826532374,21,20,raw,1040,27712
0,2767,875255249,21,19384,2710.6013571758472,18666.239405114189,21,20,raw,1040,27712
0,2768,876150799,21,19392,2713.3193591565687,18684.898952059222,21,20,raw,1040,27712
0,2769,876223608,21,19400,2713.5403351000828,18686.415989581998,21,20,raw,1040,27712
0,2770,876363623,21,19408,2713.9652818337445,18689.333321350754,21,20,raw,1040,27712
0,2771,877180640,21,19416,2716.4449354815397,18706.356566358168,21,20,raw,1040,27712
0,2772,877928051,21,19424,2718.7133343184701,18721.929511075647,21,20,raw,1040,27712
0,2773,878790321,21,19432,2721.3303312119051,18739.89564087777,21,21,raw,1040,27712
0,2774,879738102,21,19440,2724.2068547285044,18759.643465190329,21,21,raw,1040,27712
0,2775,880095960,21,19448,2725.2929568476675,18767.099741390044,21,21,raw,1040,27712
0,2776,881025259,21,19456,2728.1133873347226,18786.462477492409,21,21,raw,1040,27712
0,2777,881756718,21,19464,2730.333371713949,18801.703048704367,21,21,raw,1040,27712
0,2778,881838635,21,19472,2730.581990516087,18803.409859163967,21,21,raw,1040,27712
0,2779,882497647,21,19480,2732.5820976249242,18817.140935431449,21,21,raw,1040,27712
0,2780,883660962,21,19488,2736.1127686920922,18841.379594193506,21,21,raw,1040,27712
0,2781,884318734,21,19496,2738.1091123902256,18855.084834004942,21,21,raw,1040,27712
0,2782,885023975,21,19504,2740.2495249131284,18869.77913085834,21,21,raw,1040,27712
0,2783,885683911,21,19512,2742.2524363699417,18883.529459452744,21,21,raw,1040,27712
0,2784,886489497,21,19520,2744.6973968340603,18900.31452983995,21,21,raw,1040,27712
0,2785,886706368,21,19528,2745.3556021911713,18904.833221823108,21,21,raw,1040,27712
0,2786,887514169,21,19536,2747.8072851994107,18921.664443621718,21,21,raw,1040,27712
0,2787,888256430,21,19544,2750.0600537418836,18937.130083703196,21,21,raw,1040,27712
0,2788,889062742,21,19552,2752.5072176222693,18953.930280918699,21,21,raw,1040,27712
0,2789,890072751,21,19560,2755.5726036560432,18974.974678607727,21,21,raw,1040,27712
0,2790,890908363,21,19568,2758.1086932893572,18992.385366276572,21,21,raw,1040,27712
0,2791,891071726,21,19576,2758.6045014045671,18995.789173509645,21,21,raw,1040,27712
0,2792,891126837,21,19584,2758.7717637653063,18996.937458129923,21,21,raw,1040,27712
0,2793,892066841,21,19592,2761.6246840197705,19016.523242024199,21,21,raw,1040,27712
0,2794,892959336,21,19600,2764.3334140491202,19035.119135442445,21,21,raw,1040,27712
0,2795,894224896,21,19608,2768.1743995739052,19061.488155856441,21,21,raw,1040,27712
0,2796,894943517,21,19616,2770.3554205123091,19076.461236404917,21,21,raw,1040,27712
0,2797,895207960,21,19624,2771.1580073000796,19081.971131522761,21,21,raw,1040,27712
0,2798,896781864,21,19632,2775.9348195266052,19114.764761777886,21,21,raw,1040,27712
0,2799,897521000,21,19640,2778.1781036671023,19130.165289822959,21,21,raw,1040,27712
0,2800,897791250,21,19648,2778.9983147500011,19135.796178731336,21,21,raw,1040,27712
0,2801,898170586,21,19656,2780.1496027845706,19143.699967352786,21,21,raw,1040,27712
0,2802,898491068,21,19664,2781.1222684210907,19150.37748276124,21,21,raw,1040,27712
0,2803,898869283,21,19672,2782.2701542109835,19158.257914392991,21,21,raw,1040,27712
0,2804,899074318,21,19680,2782.8924372059219,19162.529993236021,21,21,raw,1040,27712
0,2805,899613995,21,19688,2784.5303615596144,19173.774623146863,21,21,raw,1040,27712
0,2806,900006141,21,19696,2785.7205280547651,19181.945319027953,21,21,raw,1040,27712
0,2807,900774903,21,19704,2788.0537273610048,19197.963130013999,21,21,raw,1040,27712
0,2808,901560635,21,19712,2790.4384307637361,19214.334525402552,21,21,raw,1040,27712
0,2809,902385679,21,19720,2792.9424464258236,19231.525019791163,21,21,raw,1040,27712
0,2810,902739692,21,19728,2794.0168789367954,19238.901182141282,21,21,raw,1040,27712
0,2811,904142341,21,19736,2798.2739307599841,19268.126568622112,21,21,raw,1040,27712
0,2812,904701071,21,19744,2799.9696811331496,19279.76818401444,21,21,raw,1040,27712
0,2813,905597444,21,19752,2802.6901809259748,19298.444878865379,21,21,raw,1040,27712
0,2814,905898126,21,19760,2803.6027533915744,19304.709844411165,21,21,raw,1040,27712
0,2815,906196877,21,19768,2804.509465255504,19310.934575927411,21,21,raw,1040,27712
0,2816,907130247,22,19808,2807.3422512627017,19330.382134781845,21,21,linear,432,27712
0,2817,907759973,22,19811.125,2809.2534751087305,19343.503012297904,21,21,linear,432,27712
0,2818,907793446,22,19814.25,2809.3550659526823,19344.200450760181,21,21,linear,432,27712
0,2819,908635353,22,19817.375,2811.9102609653369,19361.742300115162,21,21,linear,432,27712
0,2820,908742324,22,19820.5,2812.2349188737503,19363.971132002,21,21,linear,432,27712
0,2821,909112800,22,19823.625,2813.3593167318372,19371.690314977834,21,21,linear,432,27712
0,2822,909726465,22,19826.75,2815.2217953042218,19384.476547880546,21,21,linear,432,27712
0,2823,910659352,22,19829.875,2818.0531154022501,19403.914043018631,22,21,linear,432,27712
0,2824,910860231,22,19833,2818.6627849013125,19408.099528062205,22,21,linear,432,27712
0,2825,911840771,22,19836.125,2821.6387322656988,19428.529914038958,22,21,linear,432,27712
0,2826,912256594,22,19839.25,2822.9007586602379,19437.193940379562,22,21,linear,432,27712
0,2827,912815665,22,19842.375,2824.597543971347,19448.842660797302,22,21,linear,432,27712
0,2828,913160391,22,19845.5,2825.64379035715,19456.025320593148,22,21,linear,432,27712
0,2829,913939877,22,19848.625,2828.0095370959639,19472.266575252295,22,21,linear,432,27712
0,2830,914846219,22,19851.75,2830.7602928898455,19491.150982708336,22,21,linear,432,27712
0,2831,915060876,22,19854.875,2831.4117787378445,19495.623544115937,22,21,linear,432,27712
0,2832,915152911,22,19858,2831.6911057573247,19497.541171722532,22,21,linear,432,27712
0,2833,916623006,22,19861.125,2836.1528567727328,19528.17185305374,22,21,linear,432,27712
0,2834,917060240,22,19864.25,2837.4798657370989,19537.281995814013,22,21,linear,432,27712
0,2835,917306451,22,19867.375,2838.2271182474842,19542.412011684581,22,21,linear,432,27712
0,2836,917942380,22,19870.5,2840.1571682520603,19555.662133988422,22,21,linear,432,27712
0,2837,918765906,22,19873.625,2842.6565767710431,19572.820999554227,22,21,linear,432,27712
0,2838,919159317,22,19876.75,2843.8505825521138,19581.018052787655,22,21,linear,432,27712
0,2839,919987716,22,19879.875,2846.3647806681624,19598.278451458547,22,21,linear,432,27712
0,2840,920909068,22,19883,2849.1610919416157,19617.47560504785,22,21,linear,432,27712
0,2841,920994897,22,19886.125,2849.4215836975236,19619.263925359108,22,21,linear,432,27712
0,2842,921739239,22,19889.25,2851.6806680929608,19634.772924847868,22,21,linear,432,27712
0,2843,922212259,22,19892.375,2853.1162878762457,19644.628699395285,22,21,linear,432,27712
0,2844,922593555,22,19895.5,2854.2735245277349,19652.573326285972,22,21,linear,432,27712
0,2845,922665005,22,19898.625,2854.4903758945179,19654.062047886353,22,21,linear,432,27712
0,2846,923126787,22,19901.75,2855.8918882507919,19663.68366913293,22,21,linear,432,27712
0,2847,923507488,22,19904.875,2857.047319072145,19671.615898691885,22,21,linear,432,27712
0,2848,924456471,22,19908,2859.9274906691194,19691.388767698125,22,21,linear,432,27712
0,2849,924719175,22,19911.125,2860.7247995768785,19696.862429269953,22,21,linear,432,27712
0,2850,925225906,22,19914.25,2862.2627325361691,19707.420601212336,22,21,linear,432,27712
0,2851,925713789,22,19917.375,2863.7434616527571,19717.586059022829,22,21,linear,432,27712
0,2852,925858496,22,19920.5,2864.1826486469217,19720.601152607527,22,21,linear,432,27712
0,2853,926785154,22,19923.625,2866.9950636761787,19739.908861225682,22,21,linear,432,27712
0,2854,927074363,22,19926.75,2867.8728154877381,19745.934777045488,22,21,linear,432,27712
0,2855,928040471,22,19929.875,2870.8049616075427,19766.064460011232,22,21,linear,432,27712
0,2856,928256757,22,19933,2871.4613914846041,19770.570963021175,22,21,linear,432,27712
0,2857,928782144,22,19936.125,2873.05594556494,19781.51784861194,22,22,linear,432,27712
0,2858,929624551,22,19939.25,2875.6126580819109,19799.070115892748,22,22,linear,432,27712
0,2859,930038085,22,19942.375,2876.8677373416904,19807.686448968918,22,22,linear,432,27712
0,2860,930819073,22,19945.5,2879.23804266347,19823.958999077244,22,22,linear,432,27712
0,2861,931246489,22,19948.625,2880.5352539130836,19832.864575446019,22,22,linear,432,27712
0,2862,931626479,22,19951.75,2881.6885268432993,19840.781990714451,22,22,linear,432,27712
0,2863,932613816,22,19954.875,2884.6851031613601,19861.353997974871,22,22,linear,432,27712
0,2864,933115046,22,19958,2886.2063405381641,19871.797551897333,22,22,linear,432,27712
0,2865,934286198,22,19961.125,2889.7607969679843,19896.199501228773,22,22,linear,432,27712
0,2866,935107974,22,19964.25,2892.2548942218605,19913.321904054188,22,22,linear,432,27712
0,2867,935107977,22,19967.375,2892.2549033268861,19913.321966561743,22,22,linear,432,27712
0,2868,935107981,22,19970.5,2892.2549154669209,19913.322049905149,22,22,linear,432,27712
0,2869,935107983,22,19973.625,2892.2549215369381,19913.322091576851,22,22,linear,432,27712
0,2870,935107986,22,19976.75,2892.2549306419642,19913.32215408441,22,22,linear,432,27712
0,2871,935107989,22,19979.875,2892.2549397469897,19913.322216591961,22,22,linear,432,27712
0,2872,935107991,22,19983,2892.2549458170074,19913.322258263666,22,22,linear,432,27712
0,2873,935107994,22,19986.125,2892.2549549220334,19913.322320771222,22,22,linear,432,27712
0,2874,935107997,22,19989.25,2892.254964027059,19913.322383278777,22,22,linear,432,27712
0,2875,935107998,22,19992.375,2892.2549670620679,19913.322404114628,22,22,linear,432,27712
0,2876,935107999,22,19995.5,2892.2549700970767,19913.322424950482,22,22,linear,432,27712
0,2877,935108003,22,19998.625,2892.2549822371111,19913.322508293888,22,22,linear,432,27712
0,2878,935108006,22,20001.75,2892.2549913421367,19913.32257080144,22,22,linear,432,27712
0,2879,935108009,22,20004.875,2892.2550004471627,19913.322633308995,22,22,linear,432,27712
0,2880,935108010,22,20008,2892.2550034821716,19913.322654144849,22,22,linear,432,27712
0,2881,935108013,22,20011.125,2892.2550125871971,19913.322716652401,22,22,linear,432,27712
0,2882,935108016,22,20014.25,2892.2550216922232,19913.32277915996,22,22,linear,432,27712
0,2883,935108019,22,20017.375,2892.2550307972488,19913.322841667512,22,22,linear,432,27712
0,2884,935108021,22,20020.5,2892.2550368672664,19913.322883339217,22,22,linear,432,27712
0,2885,935108025,22,20023.625,2892.2550490073008,19913.322966682623,22,22,linear,432,27712
0,2886,935108026,22,20026.75,2892.2550520423097,19913.322987518473,22,22,linear,432,27712
0,2887,935108027,22,20029.875,2892.255055077318,19913.323008354328,22,22,linear,432,27712
0,2888,935108030,22,20033,2892.2550641823436,19913.323070861879,22,22,linear,432,27712
0,2889,935108031,22,20036.125,2892.2550672173525,19913.323091697734,22,22,linear,432,27712
0,2890,935108034,22,20039.25,2892.2550763223785,19913.323154205289,22,22,linear,432,27712
0,2891,935108038,22,20042.375,2892.2550884624129,19913.323237548695,22,22,linear,432,27712
0,2892,935108039,22,20045.5,2892.2550914974217,19913.323258384546,22,22,linear,432,27712
0,2893,935108040,22,20048.625,2892.2550945324306,19913.3232792204,22,22,linear,432,27712
0,2894,935108045,22,20051.75,2892.2551097074734,19913.323383399656,22,22,linear,432,27712
0,2895,935108054,22,20054.875,2892.255137022551,19913.323570922319,22,22,linear,432,27712
0,2896,935108057,22,20058,2892.2551461275771,19913.323633429878,22,22,linear,432,27712
0,2897,935108061,22,20061.125,2892.2551582676115,19913.323716773284,22,22,linear,432,27712
0,2898,935108062,22,20064.25,2892.2551613026203,19913.323737609135,22,22,linear,432,27712
0,2899,935108064,22,20067.375,2892.2551673726371,19913.323779280836,22,22,linear,432,27712
0,2900,935108070,22,20070.5,2892.2551855826891,19913.323904295947,22,22,linear,432,27712
0,2901,935108073,22,20073.625,2892.2551946877152,19913.323966803502,22,22,linear,432,27712
0,2902,935108074,22,20076.75,2892.255197722724,19913.323987639356,22,22,linear,432,27712
0,2903,935108076,22,20079.875,2892.2552037927408,19913.324029311058,22,22,linear,432,27712
0,2904,935108077,22,20083,2892.2552068277496,19913.324050146908,22,22,linear,432,27712
0,2905,935108080,22,20086.125,2892.2552159327756,19913.324112654464,22,22,linear,432,27712
0,2906,935108081,22,20089.25,2892.2552189677845,19913.324133490318,22,22,linear,432,27712
0,2907,935108083,22,20092.375,2892.2552250378012,19913.324175162019,22,22,linear,432,27712
0,2908,935108084,22,20095.5,2892.25522807281,19913.32419599787,22,22,linear,432,27712
0,2909,935108087,22,20098.625,2892.2552371778361,19913.324258505425,22,22,linear,432,27712
0,2910,935108089,22,20101.75,2892.2552432478533,19913.32430017713,22,22,linear,432,27712
0,2911,935108092,22,20104.875,2892.2552523528793,19913.324362684685,22,22,linear,432,27712
0,2912,935108093,22,20108,2892.2552553878882,19913.324383520536,22,22,linear,432,27712
0,2913,935108095,22,20111.125,2892.2552614579049,19913.324425192237,22,22,linear,432,27712
0,2914,935108096,22,20114.25,2892.2552644929137,19913.324446028091,22,22,linear,432,27712
0,2915,935108097,22,20117.375,2892.2552675279226,19913.324466863942,22,22,linear,432,27712
0,2916,935108098,22,20120.5,2892.2552705629309,19913.324487699796,22,22,linear,432,27712
0,2917,935108101,22,20123.625,2892.255279667957,19913.324550207348,22,22,linear,432,27712
0,2918,935108103,22,20126.75,2892.2552857379742,19913.324591879053,22,22,linear,432,27712
0,2919,935108104,22,20129.875,2892.255288772983,19913.324612714903,22,22,linear,432,27712
0,2920,935108106,22,20133,2892.2552948429998,19913.324654386604,22,22,linear,432,27712
0,2921,935108108,22,20136.125,2892.2553009130174,19913.324696058309,22,22,linear,432,27712
0,2922,935108113,22,20139.25,2892.2553160880607,19913.324800237569,22,22,linear,432,27712
0,2923,935108114,22,20142.375,2892.2553191230691,19913.32482107342,22,22,linear,432,27712
0,2924,935108116,22,20145.5,2892.2553251930867,19913.324862745125,22,22,linear,432,27712
0,2925,935108119,22,20148.625,2892.2553342981123,19913.324925252677,22,22,linear,432,27712
0,2926,935108121,22,20151.75,2892.2553403681295,19913.324966924381,22,22,linear,432,27712
0,2927,935108122,22,20154.875,2892.2553434031383,19913.324987760236,22,22,linear,432,27712
0,2928,935108127,22,20158,2892.2553585781816,19913.325091939492,22,22,linear,432,27712
0,2929,935108130,22,20161.125,2892.2553676832072,19913.325154447044,22,22,linear,432,27712
0,2930,935108136,22,20164.25,2892.2553858932588,19913.325279462155,22,22,linear,432,27712
0,2931,935108138,22,20167.375,2892.2553919632765,19913.32532113386,22,22,linear,432,27712
0,2932,935108141,22,20170.5,2892.255401068302,19913.325383641415,22,22,linear,432,27712
0,2933,935108143,22,20173.625,2892.2554071383197,19913.325425313116,22,22,linear,432,27712
0,2934,935108144,22,20176.75,2892.2554101733281,19913.325446148971,22,22,linear,432,27712
0,2935,935108145,22,20179.875,2892.2554132083369,19913.325466984821,22,22,linear,432,27712
0,2936,935108147,22,20183,2892.2554192783541,19913.325508656522,22,22,linear,432,27712
0,2937,935108149,22,20186.125,2892.2554253483713,19913.325550328227,22,22,linear,432,27712
0,2938,935108152,22,20189.25,2892.2554344533969,19913.325612835783,22,22,linear,432,27712
0,2939,935108155,22,20192.375,2892.2554435584229,19913.325675343338,22,22,linear,432,27712
0,2940,935108159,22,20195.5,2892.2554556984574,19913.325758686744,22,22,linear,432,27712
0,2941,935108162,22,20198.625,2892.2554648034838,19913.325821194299,22,22,linear,432,27712
0,2942,935108165,22,20201.75,2892.2554739085094,19913.325883701855,22,22,linear,432,27712
0,2943,935108167,22,20204.875,2892.2554799785266,19913.32592537356,22,22,linear,432,27712
0,2944,935108169,23,20224,2892.2554860485438,19913.325967045261,22,22,raw,1040,27712
0,2945,935108171,23,20232,2892.2554921185611,19913.326008716962,22,22,raw,1040,27712
0,2946,935108174,23,20240,2892.2555012235871,19913.326071224521,22,22,raw,1040,27712
0,2947,935108177,23,20248,2892.2555103286131,19913.326133732073,22,22,raw,1040,27712
0,2948,935108178,23,20256,2892.2555133636215,19913.326154567927,22,22,raw,1040,27712
0,2949,935108179,23,20264,2892.2555163986303,19913.326175403778,22,22,raw,1040,27712
0,2950,935108180,23,20272,2892.2555194336392,19913.326196239632,22,22,raw,1040,27712
0,2951,935108182,23,20280,2892.2555255036559,19913.326237911333,22,22,raw,1040,27712
0,2952,935108185,23,20288,2892.255534608682,19913.326300418888,22,22,raw,1040,27712
0,2953,935108186,23,20296,2892.2555376436903,19913.326321254735,22,22,raw,1040,27712
0,2954,935108188,23,20304,2892.255543713708,19913.32636292644,22,22,raw,1040,27712
0,2955,935108194,23,20312,2892.2555619237596,19913.326487941551,22,22,raw,1040,27712
0,2956,935108195,23,20320,2892.2555649587684,19913.326508777405,22,22,raw,1040,27712
0,2957,935108196,23,20328,2892.2555679937773,19913.326529613256,22,22,raw,1040,27712
0,2958,935108198,23,20336,2892.255574063794,19913.326571284957,22,22,raw,1040,27712
0,2959,935108199,23,20344,2892.2555770988029,19913.326592120808,22,22,raw,1040,27712
0,2960,935108202,23,20352,2892.2555862038289,19913.326654628367,22,22,raw,1040,27712
0,2961,935108205,23,20360,2892.2555953088545,19913.326717135918,22,22,raw,1040,27712
0,2962,935108208,23,20368,2892.2556044138805,19913.326779643477,22,22,raw,1040,27712
0,2963,935108211,23,20376,2892.2556135189066,19913.326842151029,22,22,raw,1040,27712
0,2964,935108214,23,20384,2892.2556226239326,19913.326904658585,22,22,raw,1040,27712
0,2965,935108217,23,20392,2892.2556317289582,19913.32696716614,22,22,raw,1040,27712
0,2966,935108219,23,20400,2892.2556377989754,19913.327008837845,22,22,raw,1040,27712
0,2967,935108222,23,20408,2892.2556469040014,19913.327071345397,22,22,raw,1040,27712
0,2968,935433882,23,20416,2893.2440278152194,19920.112474793692,22,22,raw,1040,27712
0,2969,936124278,23,20424,2895.3393856349753,19934.49746342935,22,22,raw,1040,27712
0,2970,936920225,23,20432,2897.7550916508858,19951.081697042504,22,22,raw,1040,27712
0,2971,938454622,23,20440,2902.4119997913726,19983.052165306497,22,22,raw,1040,27712
0,2972,940080838,23,20448,2907.347579389475,20016.935760633129,22,22,raw,1040,27712
0,2973,941560181,23,20456,2911.8373981647146,20047.759131920393,22,22,raw,1040,27712
0,2974,943209107,23,20464,2916.8419028088574,20082.115909437991,22,22,raw,1040,27712
0,2975,945135734,23,20472,2922.6892323852198,20122.258823794611,22,22,raw,1040,27712
0,2976,946345946,23,20480,2926.3622362522201,20147.474621491492,22,22,raw,1040,27712
0,2977,946538412,23,20488,2926.9463722236587,20151.484814515137,22,22,raw,1040,27712
0,2978,947840529,23,20496,2930.8983085590171,20178.615531157899,22,22,raw,1040,27712
0,2979,948695051,23,20504,2933.4917902055695,20196.420224781443,22,22,raw,1040,27712
0,2980,948729024,23,20512,2933.5948985538371,20197.128081169547,22,22,raw,1040,27712
0,2981,949716958,23,20520,2936.5932867720512,20217.712527433399,22,23,raw,1040,27712
0,2982,950574321,23,20528,2939.1953908781279,20235.576415711479,22,23,raw,1040,27712
0,2983,950700391,23,20536,2939.5780144164114,20238.203191528981,22,23,raw,1040,27712
0,2984,951051282,23,20544,2940.6429716304328,20245.51430435025,22,23,raw,1040,27712
0,2985,951151137,23,20552,2940.9460324174188,20247.594868316748,22,23,raw,1040,27712
0,2986,951697403,23,20560,2942.60395444299,20258.976785654111,22,23,raw,1040,27712
0,2987,952005679,23,20568,2943.5395747641433,20265.399978657322,22,23,raw,1040,27712
0,2988,952913891,23,20576,2946.2960060241676,20284.323349155948,23,23,raw,1040,27712
0,2989,953292397,23,20584,2947.4447750015725,20292.209844020534,23,23,raw,1040,27712
0,2990,953356513,23,20592,2947.6393676150456,20293.545755484913,23,23,raw,1040,27712
0,2991,953596972,23,20600,2948.3691627557769,20298.555923536787,23,23,raw,1040,27712
0,2992,954267935,23,20608,2950.40554125278,20312.536009067335,23,23,raw,1040,27712
0,2993,954591349,23,20616,2951.3871055346099,20319.274615192826,23,23,raw,1040,27712
0,2994,955119524,23,20624,2952.9901212190134,20330.279591137991,23,23,raw,1040,27712
0,2995,955203403,23,20632,2953.244694708088,20332.027281538529,23,23,raw,1040,27712
0,2996,955372751,23,20640,2953.7586673499632,20335.55579134373,23,23,raw,1040,27712
0,2997,955698811,23,20648,2954.7482622646344,20342.349529132684,23,23,raw,1040,27712
0,2998,956614350,23,20656,2957.5269310329081,20361.425563916346,23,23,raw,1040,27712
0,2999,957099341,23,20664,2958.998882904531,20371.530764443865,23,23,raw,1040,27712
0,3000,958042513,23,20672,2961.8614180663426,20391.182556316166,23,23,raw,1040,27712
0,3001,958482109,23,20680,2963.1955957210989,20400.341913358039,23,23,raw,1040,27712
0,3002,958929040,23,20688,2964.552035164174,20409.654101371769,23,23,raw,1040,27712
0,3003,959225956,23,20696,2965.4531777872635,20415.840599100236,23,23,raw,1040,27712
0,3004,959679796,23,20704,2966.8305861049794,20425.296742013012,23,23,raw,1040,27712
0,3005,960559715,23,20712,2969.501147865768,20443.630603760907,23,23,raw,1040,27712
0,3006,960692007,23,20720,2969.9026552277619,20446.38702024737,23,23,raw,1040,27712
0,3007,961568570,23,20728,2972.5630314995801,20464.650956877129,23,23,raw,1040,27712
0,3008,962288718,23,20736,2974.748686896166,20479.655853771073,23,23,raw,1040,27712
0,3009,962869269,23,20744,2976.5106641926982,20491.752128282253,23,23,raw,1040,27712
0,3010,963752729,23,20752,2979.191972919054,20510.159769780839,23,23,raw,1040,27712
0,3011,964033537,23,20760,2980.0442276230933,20516.010643610931,23,23,raw,1040,27712
0,3012,964867296,23,20768,2982.5746933854111,20533.38272244667,23,23,raw,1040,27712
0,3013,965697449,23,20776,2985.0942149066013,20550.679667201359,23,23,raw,1040,27712
0,3014,965749393,23,20784,2985.251865395001,20551.761964679459,23,23,raw,1040,27712
0,3015,966780878,23,20792,2988.382431274164,20573.253833118517,23,23,raw,1040,27712
0,3016,967225848,23,20800,2989.7329190653109,20582.525162027156,23,23,raw,1040,27712
0,3017,967619054,23,20808,2990.9263026696112,20590.71794391099,23,23,raw,1040,27712
0,3018,968522781,23,20816,2993.6691219159193,20609.547865614968,23,23,raw,1040,27712
0,3019,969447101,23,20824,2996.4744410949938,20628.80686001197,23,23,raw,1040,27712
0,3020,972220729,23,20832,3004.8924260179833,20686.597761551871,23,23,raw,1040,27712
0,3021,972691688,23,20840,3006.321790648477,20696.410593409037,23,23,raw,1040,27712
0,3022,973482281,23,20848,3008.7212472281703,20712.883271872459,23,23,raw,1040,27712
0,3023,974147073,23,20856,3010.7388966869025,20726.734779362476,23,23,raw,1040,27712
0,3024,974832146,23,20864,3012.8180991557078,20741.0088587598,23,23,raw,1040,27712
0,3025,975768715,23,20872,3015.6605941555204,20760.52307150366,23,23,raw,1040,27712
0,3026,977341354,23,20880,3020.4335670961259,20793.290344406447,23,23,raw,1040,27712
0,3027,978275902,23,20888,3023.2699283434922,20812.762447894125,23,23,raw,1040,27712
0,3028,979118718,23,20896,3025.8278821789936,20830.323237038254,23,23,raw,1040,27712
0,3029,979547982,23,20904,3027.1307021245602,20839.26731806088,23,23,raw,1040,27712
0,3030,981112157,23,20912,3031.8779867521016,20871.858236315304,23,23,raw,1040,27712
0,3031,982819537,23,20920,3037.0598997908414,20907.432952705243,23,23,raw,1040,27712
0,3032,983118335,23,20928,3037.9667543001774,20913.658663506521,23,23,raw,1040,27712
0,3033,983775635,23,20936,3039.9616654742354,20927.354068795972,23,23,raw,1040,27712
0,3034,984180457,23,20944,3041.1903037388101,20935.788879932574,23,23,raw,1040,27712
0,3035,984492145,23,20952,3042.1362795094169,20942.283164861616,23,23,raw,1040,27712
0,3036,984540268,23,20960,3042.2823332298326,20943.285848550564,23,23,raw,1040,27712
0,3037,985117464,23,20968,3044.0341280724033,20955.312218779458,23,23,raw,1040,27712
0,3038,985596813,23,20976,3045.4889564253226,20965.29986343197,23,23,raw,1040,27712
0,3039,986024489,23,20984,3046.7869567771809,20974.210857122172,23,23,raw,1040,27712
0,3040,986743522,23,20992,3048.9692281391413,20989.192522041529,23,23,raw,1040,27712
0,3041,987454407,23,21000,3051.1267702507657,21004.004416441643,23,23,raw,1040,27712
0,3042,988209295,23,21008,3053.4178618472401,21019.733150821903,23,23,raw,1040,27712
0,3043,988345983,23,21016,3053.8327111071817,21022.581161712216,23,23,raw,1040,27712
0,3044,990417873,23,21024,3060.1209151425078,21065.750754387052,23,23,raw,1040,27712
0,3045,990808993,23,21032,3061.3079677188016,21073.900072684348,23,23,raw,1040,27712
0,3046,992075971,23,21040,3065.1532568858274,21100.298638335986,23,23,raw,1040,27712
0,3047,992738232,23,21048,3067.1632247377106,21114.097410285474,23,23,raw,1040,27712
0,3048,993490504,23,21056,3069.4463767516027,21129.771638077818,23,23,raw,1040,27712
0,3049,994382563,23,21064,3072.1537835171885,21148.358447064744,24,23,raw,1040,27712
0,3050,994858792,23,21072,3073.5991426431747,21158.281083860107,24,23,raw,1040,27712
0,3051,995324956,23,21080,3075.0139544072758,21167.994007808611,24,23,raw,1040,27712
0,3052,997507238,23,21088,3081.637199115547,21213.463711818778,24,23,raw,1040,27712
0,3053,998673233,23,21096,3085.1760040058502,21237.758210663262,24,23,raw,1040,27712
0,3054,999098352,23,21104,3086.4662438406353,21246.615927080795,24,23,raw,1040,27712
0,3055,999759268,23,21112,3088.4721296059083,21260.386674809815,24,24,raw,1040,27712
0,3056,1001407145,23,21120,3093.4734505259967,21294.721595519037,24,24,raw,1040,27712
0,3057,1001981764,23,21128,3095.2174241513217,21306.694271758231,24,24,raw,1040,27712
0,3058,1002907774,23,21136,3098.0278724949853,21325.988478744519,24,24,raw,1040,27712
0,3059,1003495459,23,21144,3099.8115015431008,21338.233396221367,24,24,raw,1040,27712
0,3060,1003832869,23,21152,3100.8355438057497,21345.263620926547,24,24,raw,1040,27712
0,3061,1004614777,23,21160,3103.2086413354705,21361.555340018389,24,24,raw,1040,27712
0,3062,1004614780,23,21168,3103.2086504404961,21361.555402525941,24,24,raw,1040,27712
0,3063,1004614782,23,21176,3103.2086565105137,21361.555444197646,24,24,raw,1040,27712
0,3064,1004614785,23,21184,3103.2086656155398,21361.555506705201,24,24,raw,1040,27712
0,3065,1004614789,23,21192,3103.2086777555742,21361.555590048607,24,24,raw,1040,27712
0,3066,1004614791,23,21200,3103.2086838255918,21361.555631720312,24,24,raw,1040,27712
0,3067,1004614793,23,21208,3103.2086898956086,21361.555673392013,24,24,raw,1040,27712
0,3068,1004614795,23,21216,3103.2086959656258,21361.555715063718,24,24,raw,1040,27712
0,3069,1004614798,23,21224,3103.2087050706518,21361.55577757127,24,24,raw,1040,27712
0,3070,1004614801,23,21232,3103.2087141756779,21361.555840078829,24,24,raw,1040,27712
0,3071,1004614804,23,21240,3103.2087232807035,21361.55590258638,24,24,raw,1040,27712
0,3072,1004614806,24,21264,3103.2087293507211,21361.555944258085,24,24,for,416,27712
0,3073,1004614807,24,21267.125,3103.2087323857295,21361.555965093939,24,24,for,416,27712
0,3074,1004614809,24,21270.25,3103.2087384557472,21361.556006765641,24,24,for,416,27712
0,3075,1004614811,24,21273.375,3103.2087445257639,21361.556048437342,24,24,for,416,27712
0,3076,1004614814,24,21276.5,3103.2087536307899,21361.556110944901,24,24,for,416,27712
0,3077,1004614815,24,21279.625,3103.2087566657983,21361.556131780748,24,24,for,416,27712
0,3078,1004614818,24,21282.75,3103.2087657708244,21361.556194288307,24,24,for,416,27712
0,3079,1004614820,24,21285.875,3103.208771840842,21361.556235960012,24,24,for,416,27712
0,3080,1004614823,24,21289,3103.2087809458676,21361.556298467563,24,24,for,416,27712
0,3081,1004614825,24,21292.125,3103.2087870158853,21361.556340139268,24,24,for,416,27712
0,3082,1004614828,24,21295.25,3103.2087961209108,21361.55640264682,24,24,for,416,27712
0,3083,1004614831,24,21298.375,3103.2088052259369,21361.556465154379,24,24,for,416,27712
0,3084,1004614832,24,21301.5,3103.2088082609457,21361.55648599023,24,24,for,416,27712
0,3085,1004614835,24,21304.625,3103.2088173659713,21361.556548497785,24,24,for,416,27712
0,3086,1004614838,24,21307.75,3103.2088264709973,21361.556611005341,24,24,for,416,27712
0,3087,1004614840,24,21310.875,3103.2088325410145,21361.556652677042,24,24,for,416,27712
0,3088,1004614843,24,21314,3103.2088416460406,21361.556715184597,24,24,for,416,27712
0,3089,1004614848,24,21317.125,3103.2088568210834,21361.556819363857,24,24,for,416,27712
0,3090,1004614851,24,21320.25,3103.2088659261094,21361.556881871409,24,24,for,416,27712
0,3091,1004614856,24,21323.375,3103.2088811011522,21361.556986050666,24,24,for,416,27712
0,3092,1004614858,24,21326.5,3103.2088871711699,21361.557027722371,24,24,for,416,27712
0,3093,1004614860,24,21329.625,3103.2088932411871,21361.557069394075,24,24,for,416,27712
0,3094,1004614861,24,21332.75,3103.2088962761959,21361.55709022993,24,24,for,416,27712
0,3095,1004614862,24,21335.875,3103.2088993112043,21361.557111065777,24,24,for,416,27712
0,3096,1004614863,24,21339,3103.2089023462127,21361.557131901631,24,24,for,416,27712
0,3097,1004614868,24,21342.125,3103.2089175212559,21361.557236080887,24,24,for,416,27712
0,3098,1004614871,24,21345.25,3103.2089266262819,21361.557298588443,24,24,for,416,27712
0,3099,1004614873,24,21348.375,3103.2089326962991,21361.557340260144,24,24,for,416,27712
0,3100,1004614875,24,21351.5,3103.2089387663164,21361.557381931849,24,24,for,416,27712
0,3101,1004614877,24,21354.625,3103.208944836334,21361.557423603554,24,24,for,416,27712
0,3102,1004614882,24,21357.75,3103.2089600113768,21361.55752778281,24,24,for,416,27712
0,3103,1004614884,24,21360.875,3103.2089660813945,21361.557569454515,24,24,for,416,27712
0,3104,1004614886,24,21364,3103.2089721514112,21361.557611126216,24,24,for,416,27712
0,3105,1004614888,24,21367.125,3103.2089782214289,21361.557652797921,24,24,for,416,27712
0,3106,1004614889,24,21370.25,3103.2089812564377,21361.557673633772,24,24,for,416,27712
0,3107,1004614892,24,21373.375,3103.2089903614633,21361.557736141327,24,24,for,416,27712
0,3108,1004614894,24,21376.5,3103.2089964314805,21361.557777813032,24,24,for,416,27712
0,3109,1004614897,24,21379.625,3103.2090055365065,21361.557840320584,24,24,for,416,27712
0,3110,1004614898,24,21382.75,3103.2090085715149,21361.557861156438,24,24,for,416,27712
0,3111,1004614901,24,21385.875,3103.209017676541,21361.557923663993,24,24,for,416,27712
0,3112,1004614902,24,21389,3103.2090207115493,21361.557944499844,24,24,for,416,27712
0,3113,1004614903,24,21392.125,3103.2090237465582,21361.557965335694,24,24,for,416,27712
0,3114,1004614905,24,21395.25,3103.2090298165754,21361.558007007399,24,24,for,416,27712
0,3115,1004614907,24,21398.375,3103.209035886593,21361.558048679104,24,24,for,416,27712
0,3116,1004614909,24,21401.5,3103.2090419566098,21361.558090350805,24,24,for,416,27712
0,3117,1004614910,24,21404.625,3103.2090449916186,21361.558111186656,24,24,for,416,27712
0,3118,1004614913,24,21407.75,3103.2090540966446,21361.558173694215,24,24,for,416,27712
0,3119,1004614918,24,21410.875,3103.2090692716879,21361.558277873472,24,24,for,416,27712
0,3120,1004614920,24,21414,3103.2090753417046,21361.558319545173,24,24,for,416,27712
0,3121,1004614922,24,21417.125,3103.2090814117223,21361.558361216878,24,24,for,416,27712
0,3122,1004614925,24,21420.25,3103.2090905167483,21361.558423724433,24,24,for,416,27712
0,3123,1004614929,24,21423.375,3103.2091026567828,21361.558507067839,24,24,for,416,27712
0,3124,1004614931,24,21426.5,3103.2091087268,21361.55854873954,24,24,for,416,27712
0,3125,1004614933,24,21429.625,3103.2091147968172,21361.558590411245,24,24,for,416,27712
0,3126,1004614936,24,21432.75,3103.2091239018432,21361.5586529188,24,24,for,416,27712
0,3127,1004614937,24,21435.875,3103.2091269368516,21361.558673754651,24,24,for,416,27712
0,3128,1004614939,24,21439,3103.2091330068688,21361.558715426356,24,24,for,416,27712
0,3129,1004614940,24,21442.125,3103.2091360418776,21361.558736262206,24,24,for,416,27712
0,3130,1004614944,24,21445.25,3103.209148181912,21361.558819605612,24,24,for,416,27712
0,3131,1004614947,24,21448.375,3103.2091572869381,21361.558882113168,24,24,for,416,27712
0,3132,1004614951,24,21451.5,3103.2091694269725,21361.558965456574,24,24,for,416,27712
0,3133,1004614952,24,21454.625,3103.2091724619813,21361.558986292428,24,24,for,416,27712
0,3134,1004614953,24,21457.75,3103.2091754969902,21361.559007128279,24,24,for,416,27712
0,3135,1004614956,24,21460.875,3103.2091846020157,21361.559069635834,24,24,for,416,27712
0,3136,1004614957,24,21464,3103.2091876370246,21361.559090471685,24,24,for,416,27712
0,3137,1004614960,24,21467.125,3103.2091967420506,21361.55915297924,24,24,for,416,27712
0,3138,1004614961,24,21470.25,3103.209199777059,21361.559173815091,24,24,for,416,27712
0,3139,1004614964,24,21473.375,3103.209208882085,21361.559236322646,24,24,for,416,27712
0,3140,1004614965,24,21476.5,3103.2092119170939,21361.5592571585,24,24,for,416,27712
0,3141,1004614967,24,21479.625,3103.2092179871106,21361.559298830201,24,24,for,416,27712
0,3142,1004614968,24,21482.75,3103.2092210221194,21361.559319666052,24,24,for,416,27712
0,3143,1004614969,24,21485.875,3103.2092240571278,21361.559340501906,24,24,for,416,27712
0,3144,1004614970,24,21489,3103.2092270921366,21361.559361337757,24,24,for,416,27712
0,3145,1004614972,24,21492.125,3103.2092331621539,21361.559403009458,24,24,for,416,27712
0,3146,1004614975,24,21495.25,3103.2092422671799,21361.559465517013,24,24,for,416,27712
0,3147,1004614978,24,21498.375,3103.2092513722055,21361.559528024569,24,24,for,416,27712
0,3148,1004614979,24,21501.5,3103.2092544072143,21361.559548860419,24,24,for,416,27712
0,3149,1004614982,24,21504.625,3103.2092635122403,21361.559611367979,24,24,for,416,27712
0,3150,1004614988,24,21507.75,3103.209281722292,21361.559736383086,24,24,for,416,27712
0,3151,1004614991,24,21510.875,3103.209290827318,21361.559798890641,24,24,for,416,27712
0,3152,1004614994,24,21514,3103.209299932344,21361.559861398197,24,24,for,416,27712
0,3153,1004614997,24,21517.125,3103.2093090373696,21361.559923905752,24,24,for,416,27712
0,3154,1004614998,24,21520.25,3103.2093120723785,21361.559944741603,24,24,for,416,27712
0,3155,1004615004,24,21523.375,3103.2093302824301,21361.560069756713,24,24,for,416,27712
0,3156,1004615005,24,21526.5,3103.2093333174389,21361.560090592564,24,24,for,416,27712
0,3157,1004615007,24,21529.625,3103.2093393874557,21361.560132264265,24,24,for,416,27712
0,3158,1004615010,24,21532.75,3103.2093484924821,21361.560194771824,24,24,for,416,27712
0,3159,1004615013,24,21535.875,3103.2093575975077,21361.560257279376,24,24,for,416,27712
0,3160,1004615014,24,21539,3103.2093606325166,21361.560278115227,24,24,for,416,27712
0,3161,1004615017,24,21542.125,3103.2093697375426,21361.560340622786,24,24,for,416,27712
0,3162,1004615019,24,21545.25,3103.2093758075594,21361.560382294487,24,24,for,416,27712
0,3163,1004615021,24,21548.375,3103.209381877577,21361.560423966192,24,24,for,416,27712
0,3164,1004615028,24,21551.5,3103.2094031226375,21361.560569817153,24,24,for,416,27712
0,3165,1005245141,24,21554.625,3105.1218015170075,21374.689510807802,24,24,for,416,27712
0,3166,1005795135,24,21557.75,3106.7910380547605,21386.149104200114,24,24,for,416,27712
0,3167,1005927816,24,21560.875,3107.1937260351124,21388.913625832869,24,24,for,416,27712
0,3168,1006453420,24,21564,3108.7889387123219,21399.865032803446,24,24,for,416,27712
0,3169,1006493768,24,21567.125,3108.911395240621,21400.705717745815,24,24,for,416,27712
0,3170,1006704784,24,21570.25,3109.5518306221893,21405.102415817561,24,24,for,416,27712
0,3171,1006788364,24,21573.375,3109.8054966436835,21406.843876298459,24,24,for,416,27712
0,3172,1006792003,24,21576.5,3109.8165410400961,21406.91969796261,24,24,for,416,27712
0,3173,1007400238,24,21579.625,3111.6625395156075,21419.592792190866,24,24,for,416,27712
0,3174,1009651712,24,21582.75,3118.4957825411698,21466.504170448388,24,24,for,416,27712
0,3175,1010575890,24,21585.875,3121.3006707490181,21485.760206154453,24,24,for,416,27712
0,3176,1011439381,24,21589,3123.9213733879942,21503.751776531444,24,24,for,416,27712
0,3177,1012048105,24,21592.125,3125.7688559827261,21516.435059491152,24,24,for,416,27712
0,3178,1013370206,24,21595.25,3129.7814439305944,21543.98215979329,24,24,for,416,27712
0,3179,1013655726,24,21598.375,3130.6479995953096,21549.931212156356,24,24,for,416,27712
0,3180,1013929190,24,21601.5,3131.4779651959529,21555.629067491936,24,24,for,416,27712
0,3181,1014489219,24,21604.625,3133.1776580453316,21567.297748655557,24,24,for,416,27712
0,3182,1015340219,24,21607.75,3135.7604503914804,21585.029058409589,24,24,for,416,27712
0,3183,1015540152,24,21610.875,3136.3672487723766,21589.194832737503,24,24,for,416,27712
0,3184,1016434725,24,21614,3139.082285549664,21607.834023055475,24,24,for,416,27712
0,3185,1016812455,24,21617.125,3140.2286993603698,21615.704349299176,24,24,for,416,27712
0,3186,1018250163,24,21620.25,3144.5921555512004,21645.660219902995,24,24,for,416,27712
0,3187,1018800502,24,21623.375,3146.2624391669319,21657.127001664128,24,24,for,416,27712
0,3188,1019576306,24,21626.5,3148.6170110039611,21673.291538717498,24,25,for,416,27712
0,3189,1020102167,24,21629.625,3150.2130036783892,21684.248300501949,24,25,for,416,27712
0,3190,1020721733,24,21632.75,3152.0933918367136,21697.157485765249,24,25,for,416,27712
0,3191,1021879626,24,21635.875,3155.6076070870772,21721.283172539661,24,25,for,416,27712
0,3192,1023750919,24,21639,3161.2869974957753,21760.273155881085,24,25,for,416,27712
0,3193,1024597332,24,21642.125,3163.8558682573275,21777.9088915836,24,25,for,416,27712
0,3194,1025583900,24,21645.25,3166.8501106537501,21798.464876074104,24,25,for,416,27712
0,3195,1025993345,24,21648.375,3168.0927797632312,21806.99601135288,24,25,for,416,27712
0,3196,1026430680,24,21651.5,3169.4200952634701,21816.108258534172,24,25,for,416,27712
0,3197,1026612111,24,21654.625,3169.97073991465,21819.888527934858,24,25,for,416,27712
0,3198,1026860263,24,21657.75,3170.7238833767906,21825.058986193475,24,25,for,416,27712
0,3199,1027579421,24,21660.875,3172.9065341148303,21840.043255594286,24,25,for,416,27712
0,3200,1028379237,25,21680,3175.33398257914,21856.708103117471,24,25,raw,1040,27712
0,3201,1029702494,25,21688,3179.3500789969871,21884.279289664115,24,25,raw,1040,27712
0,3202,1030363735,25,21696,3181.3569511400656,21898.05680904492,24,25,raw,1040,27712
0,3203,1030843140,25,21704,3182.8119494534685,21908.045620505123,24,25,raw,1040,27712
0,3204,1030943636,25,21712,3183.1169556809873,21910.139540252527,24,25,raw,1040,27712
0,3205,1031368209,25,21720,3184.4055384010594,21918.985880295066,24,25,raw,1040,27712
0,3206,1032282785,25,21728,3187.18128445602,21938.04185015359,24,25,raw,1040,27712
0,3207,1032335950,25,21736,3187.3426406899603,21939.149588206554,24,25,raw,1040,27712
0,3208,1032995937,25,21744,3189.3457069322135,21952.900979429392,24,25,raw,1040,27712
0,3209,1033985607,25,21752,3192.3493639254139,21973.521596731713,24,25,raw,1040,27712
0,3210,1034998573,25,21760,3195.4237244797137,21994.627606034064,24,25,raw,1040,27712
0,3211,1035773522,25,21768,3197.7757013843616,22010.774328434272,24,25,raw,1040,27712
0,3212,1036020897,25,21776,3198.5264866447951,22015.928597236158,24,25,raw,1040,27712
0,3213,1036872248,25,21784,3201.110344278974,22033.667220374122,25,25,raw,1040,27712
0,3214,1037068905,25,21792,3201.7071999715904,22037.764736452027,25,25,raw,1040,27712
0,3215,1038018510,25,21800,3204.5892593439344,22057.550565357997,25,25,raw,1040,27712
0,3216,1038600204,25,21808,3206.3547056553339,22069.67065524761,25,25,raw,1040,27712
0,3217,1039729578,25,21816,3209.7823654945105,22093.202124368821,25,25,raw,1040,27712
0,3218,1040465745,25,21824,3212.0166386943783,22108.540790770345,25,25,raw,1040,27712
0,3219,1042256139,25,21832,3217.4504999397263,22145.845174549147,25,25,raw,1040,27712
0,3220,1042515833,25,21840,3218.2386734715014,22151.256120207509,25,25,raw,1040,27712
0,3221,1043579103,25,21848,3221.4657071000438,22173.410256191255,25,25,raw,1040,27712
0,3222,1043644433,25,21856,3221.6639842139971,22174.771462379544,25,25,raw,1040,27712
0,3223,1044303555,25,21864,3223.6644251737839,22188.504830590704,25,25,raw,1040,27712
0,3224,1046433499,25,21872,3230.1288236002533,22232.884027797219,25,25,raw,1040,27712
0,3225,1046806254,25,21880,3231.2601382430134,22240.650695678964,25,25,raw,1040,27712
0,3226,1047803895,25,21888,3234.2879872900221,22261.437395554782,25,25,raw,1040,27712
0,3227,1048074334,25,21896,3235.1087719895522,22267.072222439117,25,25,raw,1040,27712
0,3228,1048843954,25,21904,3237.4445753331988,22283.107910585884,25,25,raw,1040,27712
0,3229,1050523251,25,21912,3242.5412562245156,22318.097493753943,25,25,raw,1040,27712
0,3230,1050924743,25,21920,3243.7597879103441,22326.46292150455,25,25,raw,1040,27712
0,3231,1051022819,25,21928,3244.0574494169728,22328.506418490964,25,25,raw,1040,27712
0,3232,1051339760,25,21936,3245.0193680879256,22335.110154148722,25,25,raw,1040,27712
0,3233,1052460746,25,21944,3248.4215702746947,22358.466852146295,25,25,raw,1040,27712
0,3234,1052951698,25,21952,3249.9116138327749,22368.696255185499,25,25,raw,1040,27712
0,3235,1053826498,25,21960,3252.566639384374,22386.923458208796,25,25,raw,1040,27712
0,3236,1054335257,25,21968,3254.1107273411717,22397.523885258332,25,25,raw,1040,27712
0,3237,1054529196,25,21976,3254.699333880325,22401.564769491451,25,25,raw,1040,27712
0,3238,1055489133,25,21984,3257.6127509618586,22421.565874416665,25,25,raw,1040,27712
0,3239,1055610359,25,21992,3257.9806729183269,22424.091721368772,25,25,raw,1040,27712
0,3240,1056263530,25,22000,3259.9630525417424,22437.701095426764,25,25,raw,1040,27712
0,3241,1057181740,25,22008,3262.7498278180728,22456.832782770187,25,25,raw,1040,27712
0,3242,1057565965,25,22016,3263.9159540098462,22464.838437870352,25,25,raw,1040,27712
0,3243,1059303630,25,22024,3269.1897822850178,22501.044168027511,25,25,raw,1040,27712
0,3244,1060148935,25,22032,3271.7552902570051,22518.656817606399,25,25,raw,1040,27712
0,3245,1061039484,25,22040,3274.4581141595554,22537.212164457331,25,25,raw,1040,27712
0,3246,1061692225,25,22048,3276.4391887292591,22550.812579099114,25,25,raw,1040,27712
0,3247,1061738866,25,22056,3276.5807445668815,22551.784384055914,25,25,raw,1040,27712
0,3248,1061802863,25,22064,3276.7749760143274,22553.117816053949,25,25,raw,1040,27712
0,3249,1062493251,25,22072,3278.8703095540136,22567.502638002796,25,25,raw,1040,27712
0,3250,1062737070,25,22080,3279.6103023237501,22572.582814516212,25,25,raw,1040,27712
0,3251,1062994926,25,22088,3280.3928975096592,22577.95546387924,25,25,raw,1040,27712
0,3252,1063283121,25,22096,3281.2675718224659,22583.960252145473,25,25,raw,1040,27712
0,3253,1063612531,25,22104,3282.2673340160559,22590.823790037455,25,25,raw,1040,27712
0,3254,1064562052,25,22112,3285.1491384476749,22610.607868731884,25,25,raw,1040,27712
0,3255,1065546511,25,22120,3288.136980010891,22631.119910411253,25,25,raw,1040,27712
0,3256,1066371569,25,22128,3290.6410381630994,22648.310696501787,25,25,raw,1040,27712
0,3257,1066849957,25,22136,3292.0929498727223,22658.278317900858,25,25,raw,1040,27712
0,3258,1067173710,25,22144,3293.075543022479,22665.02398738006,25,25,raw,1040,27712
0,3259,1067405168,25,22152,3293.7780200505108,22669.846611931232,25,25,raw,1040,27712
0,3260,1068126028,25,22160,3295.9658363732428,22684.866343951551,25,25,raw,1040,27712
0,3261,1068226146,25,22168,3296.2696953674986,22686.952387747031,25,25,raw,1040,27712
0,3262,1068795039,25,22176,3297.996290533395,22698.805757899678,25,25,raw,1040,27712
0,3263,1069338730,25,22184,3299.6463974117382,22710.134022919043,25,26,raw,1040,27712
0,3264,1070013273,25,22192,3301.6936412396444,22724.188700798495,25,26,raw,1040,27712
0,3265,1070013280,25,22200,3301.6936624847049,22724.188846649457,25,26,raw,1040,27712
0,3266,1070013285,25,22208,3301.6936776597481,22724.188950828713,25,26,raw,1040,27712
0,3267,1070013286,25,22216,3301.6936806947565,22724.188971664567,25,26,raw,1040,27712
0,3268,1070013288,25,22224,3301.6936867647742,22724.189013336272,25,26,raw,1040,27712
0,3269,1070013291,25,22232,3301.6936958697997,22724.189075843824,25,26,raw,1040,27712
0,3270,1070013299,25,22240,3301.693720149869,22724.18924253064,25,26,raw,1040,27712
0,3271,1070013304,25,22248,3301.6937353249123,22724.189346709896,25,26,raw,1040,27712
0,3272,1070013307,25,22256,3301.6937444299383,22724.189409217455,25,26,raw,1040,27712
0,3273,1070013310,25,22264,3301.6937535349639,22724.189471725007,25,26,raw,1040,27712
0,3274,1070013317,25,22272,3301.6937747800243,22724.189617575968,25,26,raw,1040,27712
0,3275,1070013319,25,22280,3301.6937808500415,22724.18965924767,25,26,raw,1040,27712
0,3276,1070013321,25,22288,3301.6937869200588,22724.189700919374,25,26,raw,1040,27712
0,3277,1070013325,25,22296,3301.6937990600932,22724.18978426278,25,26,raw,1040,27712
0,3278,1070013326,25,22304,3301.693802095102,22724.189805098631,25,26,raw,1040,27712
0,3279,1070013328,25,22312,3301.6938081651192,22724.189846770336,25,26,raw,1040,27712
0,3280,1070013329,25,22320,3301.693811200128,22724.18986760619,25,26,raw,1040,27712
0,3281,1070013332,25,22328,3301.6938203051536,22724.189930113742,25,26,raw,1040,27712
0,3282,1070013336,25,22336,3301.6938324451885,22724.190013457152,25,26,raw,1040,27712
0,3283,1070013339,25,22344,3301.6938415502141,22724.190075964703,25,26,raw,1040,27712
0,3284,1070013341,25,22352,3301.6938476202317,22724.190117636408,25,26,raw,1040,27712
0,3285,1070013344,25,22360,3301.6938567252573,22724.190180143964,25,26,raw,1040,27712
0,3286,1070013345,25,22368,3301.6938597602662,22724.190200979814,25,26,raw,1040,27712
0,3287,1070013346,25,22376,3301.6938627952745,22724.190221815668,25,26,raw,1040,27712
0,3288,1070013347,25,22384,3301.6938658302834,22724.190242651519,25,26,raw,1040,27712
0,3289,1070013348,25,22392,3301.6938688652922,22724.190263487373,25,26,raw,1040,27712
0,3290,1070013349,25,22400,3301.6938719003006,22724.19028432322,25,26,raw,1040,27712
0,3291,1070013351,25,22408,3301.6938779703178,22724.190325994925,25,26,raw,1040,27712
0,3292,1070013354,25,22416,3301.6938870753434,22724.190388502477,25,26,raw,1040,27712
0,3293,1070013355,25,22424,3301.6938901103522,22724.190409338331,25,26,raw,1040,27712
0,3294,1070013357,25,22432,3301.6938961803698,22724.190451010036,25,26,raw,1040,27712
0,3295,1070013360,25,22440,3301.6939052853954,22724.190513517588,25,26,raw,1040,27712
0,3296,1070013363,25,22448,3301.6939143904215,22724.190576025147,25,26,raw,1040,27712
0,3297,1070013364,25,22456,3301.6939174254303,22724.190596860997,25,26,raw,1040,27712
0,3298,1070013367,25,22464,3301.6939265304559,22724.190659368549,25,26,raw,1040,27712
0,3299,1070013370,25,22472,3301.6939356354819,22724.190721876108,25,26,raw,1040,27712
0,3300,1070013371,25,22480,3301.6939386704908,22724.190742711959,25,26,raw,1040,27712
0,3301,1070013373,25,22488,3301.6939447405075,22724.19078438366,25,26,raw,1040,27712
0,3302,1070013374,25,22496,3301.6939477755163,22724.190805219514,25,26,raw,1040,27712
0,3303,1070013379,25,22504,3301.6939629505596,22724.190909398771,25,26,raw,1040,27712
0,3304,1070013380,25,22512,3301.693965985568,22724.190930234621,25,26,raw,1040,27712
0,3305,1070013383,25,22520,3301.693975090594,22724.190992742177,25,26,raw,1040,27712
0,3306,1070013388,25,22528,3301.6939902656372,22724.191096921437,25,26,raw,1040,27712
0,3307,1070013390,25,22536,3301.6939963356544,22724.191138593138,25,26,raw,1040,27712
0,3308,1070013393,25,22544,3301.6940054406805,22724.191201100693,25,26,raw,1040,27712
0,3309,1070013395,25,22552,3301.6940115106977,22724.191242772395,25,26,raw,1040,27712
0,3310,1070013399,25,22560,3301.6940236507321,22724.191326115804,25,26,raw,1040,27712
0,3311,1070013402,25,22568,3301.6940327557581,22724.19138862336,25,26,raw,1040,27712
0,3312,1070013404,25,22576,3301.6940388257754,22724.191430295064,25,26,raw,1040,27712
0,3313,1070013408,25,22584,3301.6940509658098,22724.191513638467,25,26,raw,1040,27712
0,3314,1070013413,25,22592,3301.694066140853,22724.191617817727,25,26,raw,1040,27712
0,3315,1070013415,25,22600,3301.6940722108702,22724.191659489432,25,26,raw,1040,27712
0,3316,1070013416,25,22608,3301.694075245879,22724.191680325283,25,26,raw,1040,27712
0,3317,1070013417,25,22616,3301.6940782808879,22724.191701161137,25,26,raw,1040,27712
0,3318,1070013418,25,22624,3301.6940813158958,22724.191721996984,25,26,raw,1040,27712
0,3319,1070013420,25,22632,3301.6940873859135,22724.191763668689,25,26,raw,1040,27712
0,3320,1070013425,25,22640,3301.6941025609567,22724.191867847945,25,26,raw,1040,27712
0,3321,1070013428,25,22648,3301.6941116659827,22724.191930355504,25,26,raw,1040,27712
0,3322,1070013431,25,22656,3301.6941207710083,22724.191992863056,25,26,raw,1040,27712
0,3323,1070013433,25,22664,3301.6941268410255,22724.192034534761,25,26,raw,1040,27712
0,3324,1070013434,25,22672,3301.6941298760344,22724.192055370611,25,26,raw,1040,27712
0,3325,1070013436,25,22680,3301.6941359460516,22724.192097042313,25,26,raw,1040,27712
0,3326,1070013439,25,22688,3301.6941450510776,22724.192159549872,25,26,raw,1040,27712
0,3327,1070013446,25,22696,3301.6941662961381,22724.192305400833,25,26,raw,1040,27712
0,3328,1070013448,26,22720,3301.6941723661553,22724.192347072534,25,26,raw,1040,27712
0,3329,1070013450,26,22728,3301.6941784361725,22724.192388744239,25,26,raw,1040,27712
0,3330,1070013453,26,22736,3301.6941875411981,22724.192451251791,25,26,raw,1040,27712
0,3331,1070013455,26,22744,3301.6941936112157,22724.192492923496,25,26,raw,1040,27712
0,3332,1070013457,26,22752,3301.6941996812329,22724.1925345952,25,26,raw,1040,27712
0,3333,1070013462,26,22760,3301.6942148562762,22724.192638774457,25,26,raw,1040,27712
0,3334,1070013465,26,22768,3301.6942239613018,22724.192701282012,25,26,raw,1040,27712
0,3335,1070013469,26,22776,3301.6942361013366,22724.192784625422,25,26,raw,1040,27712
0,3336,1070013470,26,22784,3301.694239136345,22724.192805461269,25,26,raw,1040,27712
0,3337,1070013474,26,22792,3301.6942512763799,22724.192888804679,25,26,raw,1040,27712
0,3338,1070013481,26,22800,3301.6942725214403,22724.19303465564,25,26,raw,1040,27712
0,3339,1070013483,26,22808,3301.6942785914571,22724.193076327341,25,26,raw,1040,27712
0,3340,1070013485,26,22816,3301.6942846614747,22724.193117999046,25,26,raw,1040,27712
0,3341,1070013486,26,22824,3301.6942876964831,22724.193138834897,25,26,raw,1040,27712
0,3342,1070013489,26,22832,3301.6942968015092,22724.193201342452,25,26,raw,1040,27712
0,3343,1070013490,26,22840,3301.6942998365175,22724.193222178303,25,26,raw,1040,27712
0,3344,1070013494,26,22848,3301.6943119765519,22724.193305521709,25,26,raw,1040,27712
0,3345,1070013500,26,22856,3301.694330186604,22724.19343053682,25,26,raw,1040,27712
0,3346,1070013501,26,22864,3301.6943332216124,22724.19345137267,25,26,raw,1040,27712
0,3347,1070013503,26,22872,3301.6943392916301,22724.193493044375,25,26,raw,1040,27712
0,3348,1070013509,26,22880,3301.6943575016817,22724.193618059486,25,26,raw,1040,27712
0,3349,1070013510,26,22888,3301.6943605366905,22724.19363889534,25,26,raw,1040,27712
0,3350,1070013512,26,22896,3301.6943666067077,22724.193680567041,25,26,raw,1040,27712
0,3351,1070013514,26,22904,3301.6943726767249,22724.193722238742,25,26,raw,1040,27712
0,3352,1070013520,26,22912,3301.6943908867765,22724.193847253853,25,26,raw,1040,27712
0,3353,1072129865,26,22920,3308.117516230855,22768.289697713783,25,26,raw,1040,27712
0,3354,1072225837,26,22928,3308.4087920793213,22770.289356068322,25,26,raw,1040,27712
0,3355,1072916678,26,22936,3310.5055004779178,22784.683616657963,25,26,raw,1040,27712
0,3356,1073670057,26,22944,3312.7920122463661,22800.380909738087,25,26,raw,1040,27712
0,3357,1074190503,26,22952,3314.3715703490498,22811.224845385852,25,26,raw,1040,27712
0,3358,1074790307,26,22960,3316.1919806667811,22823.722272548843,25,26,raw,1040,27712
0,3359,1075191380,26,22968,3317.4092406839923,22832.078970077608,25,26,raw,1040,27712
0,3360,1077603949,26,22976,3324.7314084251866,22882.346899856668,25,26,raw,1040,27712
0,3361,1078163563,26,22984,3326.4298417459831,22894.006934141853,25,26,raw,1040,27712
0,3362,1078589034,26,22992,3327.7211499038076,22902.871984779169,25,26,raw,1040,27712
0,3363,1079309203,26,23000,3329.9068690355743,22917.877319225998,26,26,raw,1040,27712
0,3364,1079675337,26,23008,3331.0180888861796,22925.506032933972,26,26,raw,1040,27712
0,3365,1080665058,26,23016,3334.0219006648194,22946.127712864723,26,26,raw,1040,27712
0,3366,1081829008,26,23024,3337.55449896247,22970.379602392582,26,26,raw,1040,27712
0,3367,1082363487,26,23032,3339.1766473412913,22981.515927546548,26,26,raw,1040,27712
0,3368,1082714461,26,23040,3340.2418564610298,22988.828769743508,26,26,raw,1040,27712
0,3369,1083091320,26,23048,3341.3856267792166,22996.68094796042,26,26,raw,1040,27712
0,3370,1084810491,26,23056,3346.6033256047408,23032.501339877166,26,26,raw,1040,27712
0,3371,1085106710,26,23064,3347.5023528268139,23038.673315017037,26,26,raw,1040,27712
0,3372,1085910660,26,23072,3349.9423480168098,23055.424297950944,26,26,raw,1040,27712
0,3373,1085966818,26,23080,3350.1127880315867,23056.594397707897,26,26,raw,1040,27712
0,3374,1086518739,26,23088,3351.7878730309744,23068.094141786343,26,26,raw,1040,27712
0,3375,1087403037,26,23096,3354.4717250945641,23086.519243728613,26,26,raw,1040,27712
0,3376,1088344138,26,23104,3357.327974753498,23106.127884552148,26,26,raw,1040,27712
0,3377,1088562369,26,23112,3357.9903077223494,23110.674913293551,26,26,raw,1040,27712
0,3378,1089138780,26,23120,3359.7397200831438,23122.684927378898,26,26,raw,1040,27712
0,3379,1089543331,26,23128,3360.967535860379,23131.114091999701,26,26,raw,1040,27712
0,3380,1090162483,26,23136,3362.8466675251293,23144.014651220416,26,26,raw,1040,27712
0,3381,1090551501,26,23144,3364.0273405132775,23152.120172557545,26,26,raw,1040,27712
0,3382,1091235160,26,23152,3366.1022514798769,23166.364790060637,26,26,raw,1040,27712
0,3383,1091980971,26,23160,3368.3657943029948,23181.90439741547,26,26,raw,1040,27712
0,3384,1092904034,26,23168,3371.167298476219,23201.13720114695,26,26,raw,1040,27712
0,3385,1094117034,26,23176,3374.8487639472864,23226.411089198231,26,26,raw,1040,27712
0,3386,1095495737,26,23184,3379.0331394537643,23255.13754037545,26,26,raw,1040,27712
0,3387,1095965436,26,23192,3380.4586799733811,23264.924119059538,26,26,raw,1040,27712
0,3388,1097225527,26,23200,3384.2830670359558,23291.179188200866,26,26,raw,1040,27712
0,3389,1098179113,26,23208,3387.1772087776653,23311.047964632253,26,26,raw,1040,27712
0,3390,1099166151,26,23216,3390.1728776281448,23331.613741973026,26,26,raw,1040,27712
0,3391,1099771337,26,23224,3392.0096223623354,23344.223307689601,26,26,raw,1040,27712
0,3392,1099873837,26,23232,3392.320710747154,23346.358982483711,26,26,raw,1040,27712
0,3393,1099921817,26,23240,3392.4663304613355,23347.358686645875,26,26,raw,1040,27712
0,3394,1100545309,26,23248,3394.3586340635507,23360.349673462752,26,26,raw,1040,27712
0,3395,1101300359,26,23256,3396.6502173314229,23376.081783250975,26,26,raw,1040,27712
0,3396,1102031727,26,23264,3398.8699255248644,23391.320458400434,26,26,raw,1040,27712
0,3397,1102321947,26,23272,3399.7507457301513,23397.367439266258,26,26,raw,1040,27712
0,3398,1102695359,26,23280,3400.8840543735828,23405.147796302535,26,26,raw,1040,27712
0,3399,1103593900,26,23288,3403.6111340651232,23423.869663279856,26,26,raw,1040,27712
0,3400,1104933008,26,23296,3407.675338404802,23451.771118910998,26,26,raw,1040,27712
0,3401,1105698450,26,23304,3409.9984614823829,23467.719754869573,26,26,raw,1040,27712
0,3402,1105904126,26,23312,3410.6226899178546,23472.00518949351,26,26,raw,1040,27712
0,3403,1106200518,26,23320,3411.5222421964208,23478.180769235714,26,26,raw,1040,27712
0,3404,1106697014,26,23328,3413.0291118423593,23488.525686236466,26,26,raw,1040,27712
0,3405,1106701084,26,23336,3413.041464327493,23488.610488152681,26,26,raw,1040,27712
0,3406,1107004355,26,23344,3413.9618944304411,23494.929397718384,26,26,raw,1040,27712
0,3407,1107279528,26,23352,3414.7970468608364,23500.66286152443,26,26,raw,1040,27712
0,3408,1107363363,26,23360,3415.0514868095315,23502.409635147498,26,26,raw,1040,27712
0,3409,1107980378,26,23368,3416.9241326608349,23515.265668153239,26,26,raw,1040,27712
0,3410,1108475476,26,23376,3418.4267593647055,23525.581456633383,26,26,raw,1040,27712
0,3411,1108545603,26,23384,3418.6395954150676,23527.04261240203,26,26,raw,1040,27712
0,3412,1108836966,26,23392,3419.5238846352217,23533.113408646292,26,26,raw,1040,27712
0,3413,1110331978,26,23400,3424.0612589607222,23564.263256893057,26,26,raw,1040,27712
0,3414,1110382922,26,23408,3424.2158744404896,23565.324718519503,26,26,raw,1040,27712
0,3415,1111115975,26,23416,3426.440696623476,23580.598502078992,26,26,raw,1040,27712
0,3416,1111653237,26,23424,3428.0712914313217,23591.792813408101,26,26,raw,1040,27712
0,3417,1111946210,26,23432,3428.960467015374,23597.897155373514,26,26,raw,1040,27712
0,3418,1112537780,26,23440,3430.7558870720268,23610.223020134024,26,26,raw,1040,27712
0,3419,1113329380,26,23448,3433.1583999054124,23626.716680300055,26,26,raw,1040,27712
0,3420,1113512328,26,23456,3433.7136486646878,23630.528557687696,26,26,raw,1040,27712
0,3421,1114423804,26,23464,3436.4799861928877,23649.519936406105,26,26,raw,1040,27712
0,3422,1114788705,26,23472,3437.5874638778496,23657.12295950899,26,26,raw,1040,27712
0,3423,1115208858,26,23480,3438.8626318597667,23665.877205087236,26,26,raw,1040,27712
0,3424,1115364368,26,23488,3439.3346060521867,23669.117388377304,26,26,raw,1040,27712
0,3425,1115750733,26,23496,3440.5072271624335,23677.167632200006,26,26,raw,1040,27712
0,3426,1116485101,26,23504,3442.7360403817715,23692.468814904412,26,26,raw,1040,27712
0,3427,1116838335,26,23512,3443.8081086210186,23699.828746126099,26,26,raw,1040,27712
0,3428,1117312517,26,23520,3445.2472550843345,23709.708731933133,26,26,raw,1040,27712
0,3429,1119277688,26,23528,3451.2115660334225,23750.654743355746,26,27,raw,1040,27712
0,3430,1120145390,26,23536,3453.8450490937489,23768.734053504031,26,27,raw,1040,27712
0,3431,1120429183,26,23544,3454.706363298556,23774.6471223513,26,27,raw,1040,27712
0,3432,1120535721,26,23552,3455.0297070482316,23776.866932314373,26,27,raw,1040,27712
0,3433,1121208537,26,23560,3457.0717094162301,23790.885626678028,27,27,raw,1040,27712
0,3434,1121729590,26,23568,3458.6531097691536,23801.742209687745,27,27,raw,1040,27712
0,3435,1122359086,26,23576,3460.5636355631977,23814.858294957925,27,27,raw,1040,27712
0,3436,1122955849,26,23584,3462.3748164196782,23827.292360296051,27,27,raw,1040,27712
0,3437,1123286859,26,23592,3463.3794346270797,23834.189235550675,27,27,raw,1040,27712
0,3438,1123655471,26,23600,3464.498175229076,23841.869580499035,27,27,raw,1040,27712
0,3439,1124502502,26,23608,3467.0689216259625,23859.518192757867,27,27,raw,1040,27712
0,3440,1124574386,26,23616,3467.2870901864922,23861.015957117866,27,27,raw,1040,27712
0,3441,1125371895,26,23624,3469.7075368858868,23877.632736331296,27,27,raw,1040,27712
0,3442,1125938909,26,23632,3471.4284292705629,23889.446955918691,27,27,raw,1040,27712
0,3443,1126887261,26,23640,3474.3066857770905,23909.206677502541,27,27,raw,1040,27712
0,3444,1127189523,26,23648,3475.2240535563287,23915.504563693932,27,27,raw,1040,27712
0,3445,1127695550,26,23656,3476.7598498695424,23926.048067196756,27,27,raw,1040,27712
0,3446,1128304177,26,23664,3478.6070380684369,23938.729329078855,27,27,raw,1040,27712
0,3447,1128334849,26,23672,3478.7001278532093,23939.36840632066,27,27,raw,1040,27712
0,3448,1128740765,26,23680,3479.9320864172278,23947.826011878969,27,27,raw,1040,27712
0,3449,1128771405,26,23688,3480.0250790817236,23948.464422373519,27,27,raw,1040,27712
0,3450,1129363746,26,23696,3481.8228391300313,23960.806351575648,27,27,raw,1040,27712
0,3451,1130310846,26,23704,3484.6972958057513,23980.539986673233,27,27,raw,1040,27712
0,3452,1132601302,26,23712,3491.6488495378203,24028.26358809977,27,27,raw,1040,27712
0,3453,1134101014,26,23720,3496.2004884038929,24059.511364849288,27,27,raw,1040,27712
0,3454,1135374095,26,23728,3500.0643002286024,24086.037091703547,27,27,raw,1040,27712
0,3455,1135859537,26,23736,3501.5376208891184,24096.15168920016,27,27,raw,1040,27712
0,3456,1136775668,27,23760,3504.3180863825028,24115.240058808002,27,27,for,416,27712
0,3457,1136775669,27,23763.125,3504.3180894175116,24115.240079643852,27,27,for,416,27712
0,3458,1136775674,27,23766.25,3504.3181045925544,24115.240183823113,27,27,for,416,27712
0,3459,1136775675,27,23769.375,3504.3181076275628,24115.24020465896,27,27,for,416,27712
0,3460,1136775678,27,23772.5,3504.3181167325888,24115.240267166515,27,27,for,416,27712
0,3461,1136775681,27,23775.625,3504.3181258376144,24115.24032967407,27,27,for,416,27712
0,3462,1136775683,27,23778.75,3504.3181319076321,24115.240371345775,27,27,for,416,27712
0,3463,1136775688,27,23781.875,3504.3181470826753,24115.240475525032,27,27,for,416,27712
0,3464,1136775691,27,23785,3504.3181561877013,24115.240538032587,27,27,for,416,27712
0,3465,1136775694,27,23788.125,3504.3181652927269,24115.240600540143,27,27,for,416,27712
0,3466,1136775697,27,23791.25,3504.318174397753,24115.240663047698,27,27,for,416,27712
0,3467,1136775701,27,23794.375,3504.3181865377874,24115.240746391104,27,27,for,416,27712
0,3468,1136775703,27,23797.5,3504.318192607805,24115.240788062809,27,27,for,416,27712
0,3469,1136775706,27,23800.625,3504.3182017128306,24115.240850570361,27,27,for,416,27712
0,3470,1136775708,27,23803.75,3504.3182077828478,24115.240892242065,27,27,for,416,27712
0,3471,1136775709,27,23806.875,3504.3182108178567,24115.24091307792,27,27,for,416,27712
0,3472,1136775710,27,23810,3504.318213852865,24115.240933913767,27,27,for,416,27712
0,3473,1136775711,27,23813.125,3504.3182168878734,24115.240954749621,27,27,for,416,27712
0,3474,1136775714,27,23816.25,3504.3182259928999,24115.241017257176,27,27,for,416,27712
0,3475,1136775716,27,23819.375,3504.3182320629166,24115.241058928877,27,27,for,416,27712
0,3476,1136775719,27,23822.5,3504.3182411679427,24115.241121436433,27,27,for,416,27712
0,3477,1136775721,27,23825.625,3504.3182472379603,24115.241163108138,27,27,for,416,27712
0,3478,1136775726,27,23828.75,3504.3182624130031,24115.241267287398,27,27,for,416,27712
0,3479,1136775728,27,23831.875,3504.3182684830203,24115.241308959099,27,27,for,416,27712
0,3480,1136775729,27,23835,3504.3182715180292,24115.24132979495,27,27,for,416,27712
0,3481,1136775731,27,23838.125,3504.3182775880464,24115.241371466655,27,27,for,416,27712
0,3482,1136775734,27,23841.25,3504.318286693072,24115.241433974206,27,27,for,416,27712
0,3483,1136775737,27,23844.375,3504.3182957980985,24115.241496481765,27,27,for,416,27712
0,3484,1136775739,27,23847.5,3504.3183018681152,24115.241538153467,27,27,for,416,27712
0,3485,1136775740,27,23850.625,3504.318304903124,24115.241558989317,27,27,for,416,27712
0,3486,1136775742,27,23853.75,3504.3183109731413,24115.241600661022,27,27,for,416,27712
0,3487,1136775744,27,23856.875,3504.3183170431589,24115.241642332727,27,27,for,416,27712
0,3488,1136775752,27,23860,3504.3183413232277,24115.241809019539,27,27,for,416,27712
0,3489,1136775754,27,23863.125,3504.3183473932449,24115.241850691244,27,27,for,416,27712
0,3490,1136775757,27,23866.25,3504.3183564982705,24115.241913198795,27,27,for,416,27712
0,3491,1136775759,27,23869.375,3504.3183625682882,24115.2419548705,27,27,for,416,27712
0,3492,1136775760,27,23872.5,3504.318365603297,24115.241975706351,27,27,for,416,27712
0,3493,1136775764,27,23875.625,3504.318377743331,24115.242059049757,27,27,for,416,27712
0,3494,1136775765,27,23878.75,3504.3183807783398,24115.242079885611,27,27,for,416,27712
0,3495,1136775768,27,23881.875,3504.3183898833654,24115.242142393163,27,27,for,416,27712
0,3496,1136775771,27,23885,3504.3183989883919,24115.242204900722,27,27,for,416,27712
0,3497,1136775774,27,23888.125,3504.3184080934175,24115.242267408274,27,27,for,416,27712
0,3498,1136775777,27,23891.25,3504.3184171984435,24115.242329915829,27,27,for,416,27712
0,3499,1136775780,27,23894.375,3504.3184263034691,24115.242392423384,27,27,for,416,27712
0,3500,1136775783,27,23897.5,3504.3184354084951,24115.24245493094,27,27,for,416,27712
0,3501,1136775784,27,23900.625,3504.318438443504,24115.242475766794,27,27,for,416,27712
0,3502,1136775787,27,23903.75,3504.3184475485295,24115.242538274346,27,27,for,416,27712
0,3503,1136775789,27,23906.875,3504.3184536185472,24115.242579946051,27,27,for,416,27712
0,3504,1136775792,27,23910,3504.3184627235728,24115.242642453602,27,27,for,416,27712
0,3505,1136775793,27,23913.125,3504.3184657585816,24115.242663289457,27,27,for,416,27712
0,3506,1136775794,27,23916.25,3504.3184687935905,24115.242684125307,27,27,for,416,27712
0,3507,1136775798,27,23919.375,3504.3184809336244,24115.242767468713,27,27,for,416,27712
0,3508,1136775800,27,23922.5,3504.3184870036421,24115.242809140418,27,27,for,416,27712
0,3509,1136775801,27,23925.625,3504.3184900386509,24115.242829976269,27,27,for,416,27712
0,3510,1136775802,27,23928.75,3504.3184930736593,24115.242850812123,27,27,for,416,27712
0,3511,1136775805,27,23931.875,3504.3185021786853,24115.242913319675,27,27,for,416,27712
0,3512,1136775806,27,23935,3504.3185052136937,24115.242934155529,27,27,for,416,27712
0,3513,1136775807,27,23938.125,3504.3185082487025,24115.24295499138,27,27,for,416,27712
0,3514,1136775809,27,23941.25,3504.3185143187197,24115.242996663081,27,27,for,416,27712
0,3515,1136775812,27,23944.375,3504.3185234237458,24115.243059170636,27,27,for,416,27712
0,3516,1136775815,27,23947.5,3504.3185325287714,24115.243121678192,27,27,for,416,27712
0,3517,1136775817,27,23950.625,3504.3185385987886,24115.243163349896,27,27,for,416,27712
0,3518,1136775819,27,23953.75,3504.3185446688062,24115.243205021601,27,27,for,416,27712
0,3519,1136775820,27,23956.875,3504.3185477038151,24115.243225857452,27,27,for,416,27712
0,3520,1136775825,27,23960,3504.3185628788578,24115.243330036708,27,27,for,416,27712
0,3521,1136775830,27,23963.125,3504.3185780539011,24115.243434215969,27,27,for,416,27712
0,3522,1136775833,27,23966.25,3504.3185871589267,24115.24349672352,27,27,for,416,27712
0,3523,1136775835,27,23969.375,3504.3185932289443,24115.243538395225,27,27,for,416,27712
0,3524,1136775837,27,23972.5,3504.3185992989615,24115.24358006693,27,27,for,416,27712
0,3525,1136775840,27,23975.625,3504.3186084039871,24115.243642574482,27,27,for,416,27712
0,3526,1136775843,27,23978.75,3504.3186175090136,24115.243705082041,27,27,for,416,27712
0,3527,1136775848,27,23981.875,3504.3186326840564,24115.243809261297,27,27,for,416,27712
0,3528,1136775851,27,23985,3504.318641789082,24115.243871768853,27,27,for,416,27712
0,3529,1136775853,27,23988.125,3504.3186478590997,24115.243913440554,27,27,for,416,27712
0,3530,1136775856,27,23991.25,3504.3186569641252,24115.243975948109,27,27,for,416,27712
0,3531,1136775857,27,23994.375,3504.3186599991341,24115.24399678396,27,27,for,416,27712
0,3532,1136775858,27,23997.5,3504.3186630341429,24115.244017619814,27,27,for,416,27712
0,3533,1136775861,27,24000.625,3504.3186721391685,24115.244080127366,27,27,for,416,27712
0,3534,1136775864,27,24003.75,3504.3186812441945,24115.244142634925,27,27,for,416,27712
0,3535,1136775865,27,24006.875,3504.3186842792034,24115.244163470776,27,27,for,416,27712
0,3536,1136775868,27,24010,3504.3186933842289,24115.244225978327,27,27,for,416,27712
0,3537,1136775873,27,24013.125,3504.3187085592722,24115.244330157588,27,27,for,416,27712
0,3538,1136775876,27,24016.25,3504.3187176642982,24115.244392665143,27,27,for,416,27712
0,3539,1136775879,27,24019.375,3504.3187267693238,24115.244455172699,27,27,for,416,27712
0,3540,1136775881,27,24022.5,3504.3187328393415,24115.2444968444,27,27,for,416,27712
0,3541,1136775883,27,24025.625,3504.3187389093587,24115.244538516105,27,27,for,416,27712
0,3542,1136775885,27,24028.75,3504.3187449793754,24115.244580187806,27,27,for,416,27712
0,3543,1136775887,27,24031.875,3504.3187510493931,24115.244621859511,27,27,for,416,27712
0,3544,1136775888,27,24035,3504.3187540844019,24115.244642695365,27,27,for,416,27712
0,3545,1136775890,27,24038.125,3504.3187601544187,24115.244684367066,27,27,for,416,27712
0,3546,1136775895,27,24041.25,3504.3187753294624,24115.244788546326,27,27,for,416,27712
0,3547,1136775898,27,24044.375,3504.318784434488,24115.244851053878,27,27,for,416,27712
0,3548,1136775900,27,24047.5,3504.3187905045052,24115.244892725583,27,27,for,416,27712
0,3549,1136775901,27,24050.625,3504.318793539514,24115.244913561437,27,27,for,416,27712
0,3550,1136775904,27,24053.75,3504.3188026445396,24115.244976068989,27,27,for,416,27712
0,3551,1136775905,27,24056.875,3504.3188056795484,24115.244996904843,27,27,for,416,27712
0,3552,1136775908,27,24060,3504.318814784574,24115.245059412395,27,27,for,416,27712
0,3553,1136775910,27,24063.125,3504.3188208545916,24115.2451010841,27,27,for,416,27712
0,3554,1136775912,27,24066.25,3504.3188269246089,24115.245142755804,27,27,for,416,27712
0,3555,1136775914,27,24069.375,3504.3188329946261,24115.245184427506,27,27,for,416,27712
0,3556,1136775919,27,24072.5,3504.3188481696689,24115.245288606762,27,27,for,416,27712
0,3557,1136775923,27,24075.625,3504.3188603097037,24115.245371950172,27,27,for,416,27712
0,3558,1137640279,27,24078.75,3506.9421882311467,24133.254965338841,27,27,for,416,27712
0,3559,1138436285,27,24081.875,3509.3580733125668,24149.840428267238,27,27,for,416,27712
0,3560,1139910409,27,24085,3513.8320523777543,24180.555057244743,27,28,for,416,27712
0,3561,1140151807,27,24088.125,3514.5646973915918,24185.584790161316,27,28,for,416,27712
0,3562,1141024514,27,24091.25,3517.2133706701238,24203.768383747112,27,28,for,416,27712
0,3563,1141713470,27,24094.375,3519.3043580774488,24218.123368756394,27,28,for,416,27712
0,3564,1142144329,27,24097.5,3520.6120188617838,24227.100682962402,27,28,for,416,27712
0,3565,1142959044,27,24100.625,3523.0846859197068,24244.075963839317,27,28,for,416,27712
0,3566,1143601850,27,24103.75,3525.0356076786479,24257.46937429496,27,28,for,416,27712
0,3567,1144406866,27,24106.875,3527.4788381878457,24274.242568246726,27,28,for,416,27712
0,3568,1145665282,27,24110,3531.298141610961,24300.462737336537,27,28,for,416,27712
0,3569,1145936841,27,24113.125,3532.1223255201598,24306.120900374724,27,28,for,416,27712
0,3570,1146207084,27,24116.25,3532.9425153579978,24311.751643432137,27,28,for,416,27712
0,3571,1146898469,27,24119.375,3535.040874801291,24326.157238725078,27,28,for,416,27712
0,3572,1149021500,27,24122.5,3541.4842922130847,24370.392397689135,27,28,for,416,27712
0,3573,1149187821,27,24125.625,3541.9890778838299,24373.85783737139,27,28,for,416,27712
0,3574,1150532775,27,24128.75,3546.0710248839737,24401.881099391281,27,28,for,416,27712
0,3575,1151753631,27,24131.875,3549.7763333828575,24427.318673893125,27,28,for,416,27712
0,3576,1152117938,27,24135,3550.8820082726911,24434.909320500134,27,28,for,416,27712
0,3577,1152948217,27,24138.125,3553.4019122049685,24452.208890572128,27,28,for,416,27712
0,3578,1153132218,27,24141.25,3553.9603568283337,24456.042708111556,27,28,for,416,27712
0,3579,1153659823,27,24144.375,3555.5616425578164,24467.03580762128,27,28,for,416,27712
0,3580,1153893160,27,24147.5,3556.2698223670686,24471.897582737703,27,28,for,416,27712
0,3581,1155192511,27,24150.625,3560.2133638685505,24498.970667414804,27,28,for,416,27712
0,3582,1155943926,27,24153.75,3562.4939148800445,24514.627038882285,27,28,for,416,27712
0,3583,1156543531,27,24156.875,3564.3137212310585,24527.120319710801,27,28,for,416,27712
0,3584,1157817036,28,24176,3568.1788198994277,24553.654880966158,27,28,raw,1040,27712
0,3585,1157859554,28,24184,3568.3078623964589,24554.540779706607,27,28,raw,1040,27712
0,3586,1158704086,28,24192,3570.8710243067735,24572.137323172166,27,28,raw,1040,27712
0,3587,1159534275,28,24200,3573.3906550882743,24589.435018017517,27,28,raw,1040,27712
0,3588,1160277232,28,24208,3575.6455359967558,24604.915159851742,27,28,raw,1040,27712
0,3589,1160525186,28,24216,3576.398078527187,24610.081492611735,27,28,raw,1040,27712
0,3590,1160675868,28,24224,3576.8553996979304,24613.22108041004,27,28,raw,1040,27712
0,3591,1161111783,28,24232,3578.1784054859108,24622.303740681989,27,28,raw,1040,27712
0,3592,1161285773,28,24240,3578.7064666378574,24625.928970510548,27,28,raw,1040,27712
0,3593,1161636468,28,24248,3579.7708289901871,24633.235999504897,27,28,raw,1040,27712
0,3594,1162236514,28,24256,3581.5919737800077,24645.73846894399,27,28,raw,1040,27712
0,3595,1162572090,28,24264,3582.6104498368245,24652.730480697242,27,28,raw,1040,27712
0,3596,1163064530,28,24272,3584.1050094877505,24662.990887483702,28,28,raw,1040,27712
0,3597,1163196626,28,24280,3584.5059219880523,24665.743220143242,28,28,raw,1040,27712
0,3598,1163442843,28,24288,3585.2531927084888,24670.873361028916,28,28,raw,1040,27712
0,3599,1164297486,28,24296,3587.8470415910856,24688.680575790509,28,28,raw,1040,27712
0,3600,1165637767,28,24304,3591.9148059958902,24716.606471875635,28,28,raw,1040,27712
0,3601,1165826505,28,24312,3592.487627455147,24720.538988844331,28,28,raw,1040,27712
0,3602,1165970217,28,24320,3592.9237946157223,24723.533350756632,28,28,raw,1040,27712
0,3603,1166566279,28,24328,3594.7328479311514,24735.952810162751,28,28,raw,1040,27712
0,3604,1167698357,28,24336,3598.1687144336702,24759.540619426825,28,28,raw,1040,27712
0,3605,1168285944,28,24344,3599.9520460509407,24771.783494990214,28,28,raw,1040,27712
0,3606,1169529254,28,24352,3603.7255026336552,24797.688917705003,28,28,raw,1040,27712
0,3607,1170574356,28,24360,3606.8973962253649,24819.46450793598,28,28,raw,1040,27712
0,3608,1170912374,28,24368,3607.923283773262,24826.50740083896,28,28,raw,1040,27712
0,3609,1171790289,28,24376,3610.5877633767518,24844.799507540152,28,28,raw,1040,27712
0,3610,1172193193,28,24384,3611.8105804947691,24853.194355513289,28,28,raw,1040,27712
0,3611,1172957644,28,24392,3614.1306958787945,24869.122343142873,28,28,raw,1040,27712
0,3612,1173113843,28,24400,3614.6047611921626,24872.376882334731,28,28,raw,1040,27712
0,3613,1173597766,28,24408,3616.073471674566,24882.459830172687,28,28,raw,1040,27712
0,3614,1174841484,28,24416,3619.848166540803,24908.373753914952,28,28,raw,1040,27712
0,3615,1175100393,28,24424,3620.6339575908023,24913.768343429765,28,28,raw,1040,27712
0,3616,1175460487,28,24432,3621.7268459892675,24921.271208593771,28,28,raw,1040,27712
0,3617,1176424532,28,24440,3624.6527308862633,24941.357907197562,28,28,raw,1040,27712
0,3618,1176731172,28,24448,3625.5833859332938,24947.747012747477,28,28,raw,1040,27712
0,3619,1177512965,28,24456,3627.9561344370222,24964.036335716377,28,28,raw,1040,27712
0,3620,1179240484,28,24464,3633.1991695146094,25000.030665322698,28,28,raw,1040,27712
0,3621,1180035202,28,24472,3635.6111455049113,25016.589291674172,28,28,raw,1040,27712
0,3622,1180825084,28,24480,3638.0084441934669,25033.047155847067,28,28,raw,1040,27712
0,3623,1181425892,28,24488,3639.8319016598653,25045.565502205118,28,28,raw,1040,27712
0,3624,1182245365,28,24496,3642.3190092888613,25062.639920064186,28,28,raw,1040,27712
0,3625,1182825615,28,24504,3644.0800730477958,25074.729922984021,28,28,raw,1040,27712
0,3626,1183092474,28,24512,3644.8899924164216,25080.290157519448,28,28,raw,1040,27712
0,3627,1183708795,28,24520,3646.7605319717341,25093.131730444144,28,28,raw,1040,27712
0,3628,1185700215,28,24528,3652.8045088624131,25134.62466213671,28,28,raw,1040,27712
0,3629,1185842761,28,24536,3653.2371372029233,25137.594729445995,28,28,raw,1040,27712
0,3630,1186741863,28,24544,3655.965919534307,25156.328285336087,28,28,raw,1040,27712
0,3631,1187556070,28,24552,3658.4370448078453,25173.292981600367,28,28,raw,1040,27712
0,3632,1187775861,28,24560,3659.1041123901628,25177.872514270344,28,28,raw,1040,27712
0,3633,1188478911,28,24568,3661.2378752091522,25192.521159772779,28,28,raw,1040,27712
0,3634,1188606635,28,24576,3661.6255186517133,25195.182398088906,28,28,raw,1040,27712
0,3635,1189240614,28,24584,3663.549650389456,25208.391890482031,28,29,raw,1040,27712
0,3636,1189902564,28,24592,3665.5586743536551,25222.184182481658,28,29,raw,1040,27712
0,3637,1190317188,28,24600,3666.8170617728438,25230.82322663613,28,29,raw,1040,27712
0,3638,1191218815,28,24608,3669.5535075010234,25249.60939305164,28,29,raw,1040,27712
0,3639,1191585029,28,24616,3670.6649701523197,25257.239773627745,28,29,raw,1040,27712
0,3640,1191937022,28,24624,3671.7332719458541,25264.573847557534,28,29,raw,1040,27712
0,3641,1192684291,28,24632,3674.0012398115582,25280.143833584076,28,29,raw,1040,27712
0,3642,1193674212,28,24640,3677.0056585919251,25300.769680685156,28,29,raw,1040,27712
0,3643,1193715283,28,24648,3677.1303094314653,25301.625429948272,28,29,raw,1040,27712
0,3644,1194560091,28,24656,3679.6943090041627,25319.227724108885,28,29,raw,1040,27712
0,3645,1195008376,28,24664,3681.0548578489256,25328.568123865745,28,29,raw,1040,27712
0,3646,1195677600,28,24672,3683.0859584659165,25342.511975850273,28,29,raw,1040,27712
0,3647,1196050470,28,24680,3684.217622134669,25350.281039854955,28,29,raw,1040,27712
0,3648,1196250622,28,24688,3684.825085182456,25354.451377234382,28,29,raw,1040,27712
0,3649,1196438520,28,24696,3685.3953572344612,25358.366392087686,28,29,raw,1040,27712
0,3650,1197238770,28,24704,3687.8241228925176,25375.04028237049,28,29,raw,1040,27712
0,3651,1198273326,28,24712,3690.9640092831901,25396.596137709963,28,29,raw,1040,27712
0,3652,1199480128,28,24720,3694.6266637707545,25421.740885152722,28,29,raw,1040,27712
0,3653,1200430513,28,24728,3697.5110904498315,25441.542966022975,28,29,raw,1040,27712
0,3654,1202561796,28,24736,3703.9795527528604,25485.950062434847,28,29,raw,1040,27712
0,3655,1203401446,28,24744,3706.5278977510316,25503.444885272653,28,29,raw,1040,27712
0,3656,1204092734,28,24752,3708.6259627984873,25517.848459487985,28,29,raw,1040,27712
0,3657,1204092739,28,24760,3708.6259779735306,25517.848563667241,28,29,raw,1040,27712
0,3658,1204092740,28,24768,3708.6259810085389,25517.848584503095,28,29,raw,1040,27712
0,3659,1204092741,28,24776,3708.6259840435478,25517.848605338946,28,29,raw,1040,27712
0,3660,1204092744,28,24784,3708.6259931485733,25517.848667846501,28,29,raw,1040,27712
0,3661,1204092745,28,24792,3708.6259961835822,25517.848688682352,28,29,raw,1040,27712
0,3662,1204092746,28,24800,3708.625999218591,25517.848709518206,28,29,raw,1040,27712
0,3663,1204092749,28,24808,3708.6260083236166,25517.848772025758,28,29,raw,1040,27712
0,3664,1204092750,28,24816,3708.6260113586254,25517.848792861612,28,29,raw,1040,27712
0,3665,1204092753,28,24824,3708.6260204636515,25517.848855369168,28,29,raw,1040,27712
0,3666,1204092754,28,24832,3708.6260234986598,25517.848876205015,28,29,raw,1040,27712
0,3667,1204092756,28,24840,3708.626029568677,25517.848917876719,28,29,raw,1040,27712
0,3668,1204092758,28,24848,3708.6260356386947,25517.848959548424,28,29,raw,1040,27712
0,3669,1204092760,28,24856,3708.6260417087115,25517.849001220126,28,29,raw,1040,27712
0,3670,1204092762,28,24864,3708.6260477787291,25517.84904289183,28,29,raw,1040,27712
0,3671,1204092766,28,24872,3708.6260599187635,25517.849126235236,28,29,raw,1040,27712
0,3672,1204092767,28,24880,3708.6260629537719,25517.849147071087,28,29,raw,1040,27712
0,3673,1204092768,28,24888,3708.6260659887807,25517.849167906941,28,29,raw,1040,27712
0,3674,1204092769,28,24896,3708.6260690237896,25517.849188742792,28,29,raw,1040,27712
0,3675,1204092772,28,24904,3708.6260781288152,25517.849251250347,28,29,raw,1040,27712
0,3676,1204092773,28,24912,3708.626081163824,25517.849272086198,28,29,raw,1040,27712
0,3677,1204092776,28,24920,3708.62609026885,25517.849334593757,28,29,raw,1040,27712
0,3678,1204092777,28,24928,3708.6260933038584,25517.849355429604,28,29,raw,1040,27712
0,3679,1204092785,28,24936,3708.6261175839277,25517.849522116419,28,29,raw,1040,27712
0,3680,1204092790,28,24944,3708.6261327589705,25517.849626295676,28,29,raw,1040,27712
0,3681,1204092795,28,24952,3708.6261479340137,25517.849730474933,28,29,raw,1040,27712
0,3682,1204092796,28,24960,3708.6261509690225,25517.849751310787,28,29,raw,1040,27712
0,3683,1204092799,28,24968,3708.6261600740486,25517.849813818342,28,29,raw,1040,27712
0,3684,1204092801,28,24976,3708.6261661440653,25517.849855490043,28,29,raw,1040,27712
0,3685,1204092802,28,24984,3708.6261691790742,25517.849876325898,28,29,raw,1040,27712
0,3686,1204092804,28,24992,3708.6261752490914,25517.849917997602,28,29,raw,1040,27712
0,3687,1204092805,28,25000,3708.6261782841002,25517.849938833453,28,29,raw,1040,27712
0,3688,1204092807,28,25008,3708.6261843541174,25517.849980505154,28,29,raw,1040,27712
0,3689,1204092809,28,25016,3708.6261904241346,25517.850022176859,28,29,raw,1040,27712
0,3690,1204092812,28,25024,3708.6261995291602,25517.850084684411,28,29,raw,1040,27712
0,3691,1204092814,28,25032,3708.6262055991779,25517.850126356116,28,29,raw,1040,27712
0,3692,1204092819,28,25040,3708.6262207742211,25517.850230535376,28,29,raw,1040,27712
0,3693,1204092822,28,25048,3708.6262298792471,25517.850293042931,28,29,raw,1040,27712
0,3694,1204092826,28,25056,3708.6262420192816,25517.850376386337,28,29,raw,1040,27712
0,3695,1204092827,28,25064,3708.6262450542899,25517.850397222188,28,29,raw,1040,27712
0,3696,1204092830,28,25072,3708.626254159316,25517.850459729743,28,29,raw,1040,27712
0,3697,1204092831,28,25080,3708.6262571943244,25517.850480565594,28,29,raw,1040,27712
0,3698,1204092832,28,25088,3708.6262602293332,25517.850501401444,28,29,raw,1040,27712
0,3699,1204092838,28,25096,3708.6262784393853,25517.850626416555,28,29,raw,1040,27712
0,3700,1204092841,28,25104,3708.6262875444108,25517.850688924111,28,29,raw,1040,27712
0,3701,1204092847,28,25112,3708.6263057544625,25517.850813939222,28,29,raw,1040,27712
0,3702,1204092848,28,25120,3708.6263087894713,25517.850834775072,28,29,raw,1040,27712
0,3703,1204092850,28,25128,3708.6263148594885,25517.850876446777,28,29,raw,1040,27712
0,3704,1204092852,28,25136,3708.6263209295062,25517.850918118482,28,29,raw,1040,27712
0,3705,1204092853,28,25144,3708.6263239645145,25517.850938954329,28,29,raw,1040,27712
0,3706,1204092854,28,25152,3708.6263269995229,25517.850959790183,28,29,raw,1040,27712
0,3707,1204092855,28,25160,3708.6263300345317,25517.850980626034,28,29,raw,1040,27712
0,3708,1204092857,28,25168,3708.626336104549,25517.851022297738,28,29,raw,1040,27712
0,3709,1204092862,28,25176,3708.6263512795922,25517.851126476995,28,29,raw,1040,27712
0,3710,1204092865,28,25184,3708.6263603846178,25517.85118898455,28,29,raw,1040,27712
0,3711,1204092867,28,25192,3708.6263664546354,25517.851230656255,28,29,raw,1040,27712
0,3712,1204092870,29,25216,3708.626375559661,25517.851293163807,28,29,raw,1040,27712
0,3713,1204092871,29,25224,3708.6263785946699,25517.851313999661,28,29,raw,1040,27712
0,3714,1204092873,29,25232,3708.6263846646871,25517.851355671362,28,29,raw,1040,27712
0,3715,1204092875,29,25240,3708.6263907347047,25517.851397343067,28,29,raw,1040,27712
0,3716,1204092876,29,25248,3708.6263937697126,25517.851418178918,28,29,raw,1040,27712
0,3717,1204092877,29,25256,3708.6263968047215,25517.851439014768,28,29,raw,1040,27712
0,3718,1204092880,29,25264,3708.6264059097475,25517.851501522327,28,29,raw,1040,27712
0,3719,1204092881,29,25272,3708.6264089447563,25517.851522358178,28,29,raw,1040,27712
0,3720,1204092887,29,25280,3708.6264271548084,25517.851647373289,28,29,raw,1040,27712
0,3721,1204092890,29,25288,3708.626436259834,25517.851709880841,28,29,raw,1040,27712
0,3722,1204092893,29,25296,3708.6264453648596,25517.851772388396,28,29,raw,1040,27712
0,3723,1204092894,29,25304,3708.6264483998684,25517.851793224247,28,29,raw,1040,27712
0,3724,1204092895,29,25312,3708.6264514348768,25517.851814060101,28,29,raw,1040,27712
0,3725,1204092898,29,25320,3708.6264605399033,25517.851876567656,28,29,raw,1040,27712
0,3726,1204092900,29,25328,3708.62646660992,25517.851918239357,28,29,raw,1040,27712
0,3727,1204092906,29,25336,3708.6264848199721,25517.852043254468,28,29,raw,1040,27712
0,3728,1204092910,29,25344,3708.6264969600065,25517.852126597878,28,29,raw,1040,27712
0,3729,1204092913,29,25352,3708.6265060650326,25517.85218910543,28,29,raw,1040,27712
0,3730,1204092916,29,25360,3708.6265151700586,25517.852251612985,28,29,raw,1040,27712
0,3731,1204092917,29,25368,3708.626518205067,25517.852272448836,28,29,raw,1040,27712
0,3732,1204092918,29,25376,3708.6265212400754,25517.852293284686,28,29,raw,1040,27712
0,3733,1204092920,29,25384,3708.626527310093,25517.852334956391,28,29,raw,1040,27712
0,3734,1204092921,29,25392,3708.6265303451019,25517.852355792245,28,29,raw,1040,27712
0,3735,1204092924,29,25400,3708.6265394501274,25517.852418299797,28,29,raw,1040,27712
0,3736,1204092926,29,25408,3708.6265455201446,25517.852459971502,28,29,raw,1040,27712
0,3737,1204092928,29,25416,3708.6265515901619,25517.852501643203,28,29,raw,1040,27712
0,3738,1204092930,29,25424,3708.6265576601791,25517.852543314908,28,29,raw,1040,27712
0,3739,1204092932,29,25432,3708.6265637301967,25517.852584986613,28,29,raw,1040,27712
0,3740,1204092940,29,25440,3708.6265880102656,25517.852751673425,28,29,raw,1040,27712
0,3741,1204092943,29,25448,3708.6265971152916,25517.85281418098,28,29,raw,1040,27712
0,3742,1204092946,29,25456,3708.6266062203172,25517.852876688532,28,29,raw,1040,27712
0,3743,1204092947,29,25464,3708.626609255326,25517.852897524386,28,29,raw,1040,27712
0,3744,1204092951,29,25472,3708.6266213953604,25517.852980867792,28,29,raw,1040,27712
0,3745,1204092953,29,25480,3708.6266274653776,25517.853022539497,28,29,raw,1040,27712
0,3746,1204092956,29,25488,3708.6266365704037,25517.853085047052,28,29,raw,1040,27712
0,3747,1204092959,29,25496,3708.6266456754297,25517.853147554604,28,29,raw,1040,27712
0,3748,1204092962,29,25504,3708.6266547804557,25517.853210062163,28,29,raw,1040,27712
0,3749,1204092963,29,25512,3708.6266578154637,25517.85323089801,28,29,raw,1040,27712
0,3750,1204092965,29,25520,3708.6266638854813,25517.853272569715,28,29,raw,1040,27712
0,3751,1204092967,29,25528,3708.6266699554985,25517.85331424142,28,29,raw,1040,27712
0,3752,1204092968,29,25536,3708.6266729905074,25517.85333507727,28,29,raw,1040,27712
0,3753,1204092970,29,25544,3708.6266790605246,25517.853376748972,28,29,raw,1040,27712
0,3754,1204092973,29,25552,3708.6266881655506,25517.853439256531,28,29,raw,1040,27712
0,3755,1204092975,29,25560,3708.6266942355674,25517.853480928232,28,29,raw,1040,27712
0,3756,1204092977,29,25568,3708.626700305585,25517.853522599937,28,29,raw,1040,27712
0,3757,1204562311,29,25576,3710.0511330470508,25527.632496198174,28,29,raw,1040,27712
0,3758,1204829264,29,25584,3710.8613377064885,25533.194689303655,28,29,raw,1040,27712
0,3759,1206706507,29,25592,3716.5587864165491,25572.308645962399,29,29,raw,1040,27712
0,3760,1207660694,29,25600,3719.4547521984468,25592.189944740625,29,29,raw,1040,27712
0,3761,1207785487,29,25608,3719.8335000307065,25594.790113175568,29,29,raw,1040,27712
0,3762,1208514491,29,25616,3722.0460334637405,25609.979532371723,29,29,raw,1040,27712
0,3763,1209495971,29,25624,3725.0248337362414,25630.429504049032,29,29,raw,1040,27712
0,3764,1209695489,29,25632,3725.630372588555,25634.586631498511,29,29,raw,1040,27712
0,3765,1209844261,29,25640,3726.0818968928102,25637.686422820159,29,29,raw,1040,27712
0,3766,1210607329,29,25648,3728.3978148598972,25653.585594466917,29,29,raw,1040,27712
0,3767,1210686482,29,25656,3728.6380448981754,25655.23481463256,29,29,raw,1040,27712
0,3768,1211493688,29,25664,3731.0879220762786,25672.053639099438,29,29,raw,1040,27712
0,3769,1211532000,29,25672,3731.2041993270022,25672.85190224785,29,29,raw,1040,27712
0,3770,1212456491,29,25680,3734.0100374925523,25692.114459575481,29,29,raw,1040,27712
0,3771,1213126358,29,25688,3736.0430896200942,25706.07170901262,29,29,raw,1040,27712
0,3772,1213802425,29,25696,3738.0949588011558,25720.158140729985,29,29,raw,1040,27712
0,3773,1214655017,29,25704,3740.6825828810479,25737.922621159847,29,29,raw,1040,27712
0,3774,1214921764,29,25712,3741.4921623287073,25743.480522079892,29,29,raw,1040,27712
0,3775,1215917892,29,25720,3744.5154194076549,25764.235697312164,29,29,raw,1040,27712
0,3776,1216353330,29,25728,3745.8369774965186,25773.30841888288,29,29,raw,1040,27712
0,3777,1216756578,29,25736,3747.060838657505,25781.710434388981,29,29,raw,1040,27712
0,3778,1217622055,29,25744,3749.687568823625,25799.743384767349,29,29,raw,1040,27712
0,3779,1218186955,29,25752,3751.4020452000523,25811.51355736436,29,29,raw,1040,27712
0,3780,1218559481,29,25760,3752.5326648258351,25819.275453836075,29,29,raw,1040,27712
0,3781,1219544319,29,25768,3755.5216566573235,25839.795392303222,29,29,raw,1040,27712
0,3782,1219674797,29,25776,3755.9176585136584,25842.514012554791,29,29,raw,1040,27712
0,3783,1220254031,29,25784,3757.6756387038222,25854.582846249348,29,29,raw,1040,27712
0,3784,1220993422,29,25792,3759.9196967715206,25869.988687436591,29,29,raw,1040,27712
0,3785,1222251227,29,25800,3763.7371458043613,25896.196125821047,29,29,raw,1040,27712
0,3786,1223063374,29,25808,3766.2020189601171,25913.117900230929,29,29,raw,1040,27712
0,3787,1223549813,29,25816,3767.6783655242393,25923.253271071633,29,29,raw,1040,27712
0,3788,1225096668,29,25824,3772.373083802268,25955.483312375483,29,29,raw,1040,27712
0,3789,1225670085,29,25832,3774.1134093472174,25967.43094392099,29,29,raw,1040,27712
0,3790,1226050054,29,25840,3775.2666185422513,25975.347921636538,29,29,raw,1040,27712
0,3791,1227050602,29,25848,3778.3032903593539,25996.195191333103,29,29,raw,1040,27712
0,3792,1227214168,29,25856,3778.7997145813169,25999.603228244065,29,29,raw,1040,27712
0,3793,1227397002,29,25864,3779.3546173496075,26003.412730344615,29,29,raw,1040,27712
0,3794,1227839790,29,25872,3780.6984827519186,26012.638595424956,29,29,raw,1040,27712
0,3795,1228709828,29,25880,3783.3390555924107,26030.766578122697,29,29,raw,1040,27712
0,3796,1229499490,29,25888,3785.7356865790671,26047.219858408233,29,29,raw,1040,27712
0,3797,1229846303,29,25896,3786.7882670278864,26054.446002626475,29,29,raw,1040,27712
0,3798,1230721077,29,25904,3789.4432136692612,26072.67266391763,29,29,raw,1040,27712
0,3799,1231648534,29,25912,3792.2580536704154,26091.997020381259,29,29,raw,1040,27712
0,3800,1232166039,29,25920,3793.8286858127112,26102.77967778932,29,29,raw,1040,27712
0,3801,1232511550,29,25928,3794.877314680291,26109.978693728714,29,29,raw,1040,27712
0,3802,1233126453,29,25936,3796.7435505933627,26122.790721415771,29,29,raw,1040,27712
0,3803,1234207806,29,25944,3800.0254662830043,26145.321632104904,29,29,raw,1040,27712
0,3804,1235278543,29,25952,3803.2751623210052,26167.631349392923,29,29,raw,1040,27712
0,3805,1235402316,29,25960,3803.6508144444597,26170.210265259178,29,29,raw,1040,27712
0,3806,1235616623,29,25968,3804.3012380394375,26174.675534118709,29,29,raw,1040,27712
0,3807,1236583266,29,25976,3807.2350078888599,26194.816364265083,29,29,raw,1040,27712
0,3808,1237499972,29,25984,3810.0172185122074,26213.916714487623,29,29,raw,1040,27712
0,3809,1237906170,29,25992,3811.2500329486602,26222.380195756097,29,29,raw,1040,27712
0,3810,1238035896,29,26000,3811.6437524785033,26225.083147447225,29,29,raw,1040,27712
0,3811,1238208786,29,26008,3812.1684751209541,26228.685457838968,29,29,raw,1040,27712
0,3812,1238747649,29,26016,3813.8039289776202,26239.91312736657,29,29,raw,1040,27712
0,3813,1239454256,29,26024,3815.948487322315,26254.635885993324,29,30,raw,1040,27712
0,3814,1239906193,29,26032,3817.3201200186036,26264.052378280408,29,30,raw,1040,27712
0,3815,1240371113,29,26040,3818.731156231966,26273.73938242946,29,30,raw,1040,27712
0,3816,1242076591,29,26048,3823.9072966842868,26309.274469029566,29,30,raw,1040,27712
0,3817,1242599481,29,26056,3825.4942723480685,26320.169327498763,29,30,raw,1040,27712
0,3818,1243254142,29,26064,3827.481174134346,26333.809746975712,29,30,raw,1040,27712
0,3819,1244022616,29,26072,3829.8134993580998,26349.82155723649,29,30,raw,1040,27712
0,3820,1245899678,29,26080,3835.5103987315983,26388.931742606084,29,30,raw,1040,27712
0,3821,1246997630,29,26088,3838.8426925295289,26411.808507596754,29,30,raw,1040,27712
0,3822,1247380236,29,26096,3840.0039050423261,26419.780429453102,30,30,raw,1040,27712
0,3823,1248311870,29,26104,3842.8314222745375,26439.191817269068,30,30,raw,1040,27712
0,3824,1248883582,29,26112,3844.5665731297686,26451.103923687515,30,30,raw,1040,27712
0,3825,1249522961,29,26120,3846.507093914126,26464.42592967955,30,30,raw,1040,27712
0,3826,1250027639,29,26128,3848.0387960006947,26474.9413256185,30,30,raw,1040,27712
0,3827,1250457379,29,26136,3849.3430606103702,26483.895324506509,30,30,raw,1040,27712
0,3828,1250632326,29,26144,3849.8740262655783,26487.540494245099,30,30,raw,1040,27712
0,3829,1252271104,29,26152,3854.8477316421204,26521.685829540158,30,30,raw,1040,27712
0,3830,1253740445,29,26160,3859.307194261019,26552.300800639216,30,30,raw,1040,27712
0,3831,1253839624,29,26168,3859.608203382169,26554.36727957,30,30,raw,1040,27712
0,3832,1254147325,29,26176,3860.542078573359,26560.778491958514,30,30,raw,1040,27712
0,3833,1255863161,29,26184,3865.7496556450942,26596.529396310005,30,30,raw,1040,27712
0,3834,1256842278,29,26192,3868.7212841921969,26616.930132869864,30,30,raw,1040,27712
0,3835,1258113090,29,26200,3872.5782095823192,26643.40858317673,30,30,raw,1040,27712
0,3836,1259760524,29,26208,3877.5781859935828,26677.73427360367,30,31,raw,1040,27712
0,3837,1260687651,29,26216,3880.3920244418887,26697.05175423625,30,31,raw,1040,27712
0,3838,1262256712,29,26224,3885.1541381216075,26729.744476461838,30,31,raw,1040,27712
0,3839,1262825212,29,26232,3886.8795405291112,26741.58965812478,30,31,raw,1040,27712
0,3840,1263237313,30,26272,3888.1302706215206,26750.176133425543,30,31,linear,432,27712
0,3841,1263568716,30,26275.125,3889.1360815873145,26757.08119716986,30,31,linear,432,27712
0,3842,1264281022,30,26278.25,3891.2979364462053,26771.922699315168,30,31,linear,432,27712
0,3843,1264669379,30,26281.375,3892.4766032936473,26780.014448154354,30,31,linear,432,27712
0,3844,1265680174,30,26284.5,3895.5443748442062,26801.075222822776,30,31,linear,432,27712
0,3845,1266006721,30,26287.625,3896.5354478080817,26807.879107671484,30,31,linear,432,27712
0,3846,1266423268,30,26290.75,3897.7996715488707,26816.558219168681,30,31,linear,432,27712
0,3847,1268684047,30,26293.875,3904.6611553297566,26863.663475025802,30,31,linear,432,27712
0,3848,1269178428,30,26297,3906.1616059324379,26873.964324200311,30,31,linear,432,27712
0,3849,1269994666,30,26300.125,3908.6388953085084,26890.971338079293,30,31,linear,432,27712
0,3850,1270894065,30,26303.25,3911.3685790374552,26909.711082217327,30,31,linear,432,27712
0,3851,1270894071,30,26306.375,3911.3685972475073,26909.711207232438,30,31,linear,432,27712
0,3852,1270894073,30,26309.5,3911.3686033175245,26909.711248904143,30,31,linear,432,27712
0,3853,1270894076,30,26312.625,3911.3686124225501,26909.711311411695,30,31,linear,432,27712
0,3854,1270894079,30,26315.75,3911.3686215275766,26909.711373919254,30,31,linear,432,27712
0,3855,1270894081,30,26318.875,3911.3686275975933,26909.711415590955,30,31,linear,432,27712
0,3856,1270894084,30,26322,3911.3686367026194,26909.71147809851,30,31,linear,432,27712
0,3857,1270894087,30,26325.125,3911.3686458076454,26909.711540606062,30,31,linear,432,27712
0,3858,1270894089,30,26328.25,3911.3686518776626,26909.711582277767,30,31,linear,432,27712
0,3859,1270894092,30,26331.375,3911.3686609826882,26909.711644785322,30,31,linear,432,27712
0,3860,1270894098,30,26334.5,3911.3686791927403,26909.711769800429,30,31,linear,432,27712
0,3861,1270894099,30,26337.625,3911.3686822277486,26909.711790636284,30,31,linear,432,27712
0,3862,1270894101,30,26340.75,3911.3686882977663,26909.711832307989,30,31,linear,432,27712
0,3863,1270894103,30,26343.875,3911.3686943677831,26909.71187397969,30,31,linear,432,27712
0,3864,1270894104,30,26347,3911.3686974027919,26909.71189481554,30,31,linear,432,27712
0,3865,1270894106,30,26350.125,3911.3687034728096,26909.711936487245,30,31,linear,432,27712
0,3866,1270894109,30,26353.25,3911.3687125778351,26909.711998994801,30,31,linear,432,27712
0,3867,1270894110,30,26356.375,3911.3687156128435,26909.712019830651,30,31,linear,432,27712
0,3868,1270894111,30,26359.5,3911.3687186478523,26909.712040666502,30,31,linear,432,27712
0,3869,1270894113,30,26362.625,3911.36872471787,26909.712082338207,30,31,linear,432,27712
0,3870,1270894114,30,26365.75,3911.3687277528779,26909.712103174057,30,31,linear,432,27712
0,3871,1270894115,30,26368.875,3911.3687307878868,26909.712124009908,30,31,linear,432,27712
0,3872,1270894117,30,26372,3911.3687368579044,26909.712165681613,30,31,linear,432,27712
0,3873,1270894118,30,26375.125,3911.3687398929128,26909.712186517467,30,31,linear,432,27712
0,3874,1270894120,30,26378.25,3911.36874596293,26909.712228189168,30,31,linear,432,27712
0,3875,1270894122,30,26381.375,3911.3687520329472,26909.712269860873,30,31,linear,432,27712
0,3876,1270894124,30,26384.5,3911.3687581029649,26909.712311532574,30,31,linear,432,27712
0,3877,1270894129,30,26387.625,3911.3687732780077,26909.712415711834,30,31,linear,432,27712
0,3878,1270894134,30,26390.75,3911.3687884530509,26909.712519891091,30,31,linear,432,27712
0,3879,1270894136,30,26393.875,3911.3687945230686,26909.712561562796,30,31,linear,432,27712
0,3880,1270894138,30,26397,3911.3688005930853,26909.712603234497,30,31,linear,432,27712
0,3881,1270894139,30,26400.125,3911.3688036280942,26909.712624070347,30,31,linear,432,27712
0,3882,1270894140,30,26403.25,3911.368806663103,26909.712644906202,30,31,linear,432,27712
0,3883,1270894146,30,26406.375,3911.3688248731546,26909.712769921312,30,31,linear,432,27712
0,3884,1270894147,30,26409.5,3911.3688279081634,26909.712790757163,30,31,linear,432,27712
0,3885,1270894150,30,26412.625,3911.368837013189,26909.712853264718,30,31,linear,432,27712
0,3886,1270894152,30,26415.75,3911.3688430832062,26909.71289493642,30,31,linear,432,27712
0,3887,1270894156,30,26418.875,3911.3688552232406,26909.712978279826,30,31,linear,432,27712
0,3888,1270894157,30,26422,3911.3688582582495,26909.71299911568,30,31,linear,432,27712
0,3889,1270894160,30,26425.125,3911.3688673632755,26909.713061623235,30,31,linear,432,27712
0,3890,1270894161,30,26428.25,3911.3688703982839,26909.713082459086,30,31,linear,432,27712
0,3891,1270894163,30,26431.375,3911.3688764683011,26909.713124130791,30,31,linear,432,27712
0,3892,1270894166,30,26434.5,3911.3688855733276,26909.713186638346,30,31,linear,432,27712
0,3893,1270894168,30,26437.625,3911.3688916433443,26909.713228310047,30,31,linear,432,27712
0,3894,1270894170,30,26440.75,3911.368897713362,26909.713269981752,30,31,linear,432,27712
0,3895,1270894171,30,26443.875,3911.3689007483704,26909.713290817603,30,31,linear,432,27712
0,3896,1270894175,30,26447,3911.3689128884048,26909.713374161009,30,31,linear,432,27712
0,3897,1270894176,30,26450.125,3911.3689159234136,26909.713394996863,30,31,linear,432,27712
0,3898,1270894179,30,26453.25,3911.3689250284392,26909.713457504415,30,31,linear,432,27712
0,3899,1270894181,30,26456.375,3911.3689310984569,26909.71349917612,30,31,linear,432,27712
0,3900,1270894183,30,26459.5,3911.3689371684741,26909.713540847824,30,31,linear,432,27712
0,3901,1270894184,30,26462.625,3911.3689402034825,26909.713561683671,30,31,linear,432,27712
0,3902,1270894187,30,26465.75,3911.3689493085085,26909.71362419123,30,31,linear,432,27712
0,3903,1270894189,30,26468.875,3911.3689553785262,26909.713665862932,30,31,linear,432,27712
0,3904,1270894191,30,26472,3911.3689614485429,26909.713707534636,30,31,linear,432,27712
0,3905,1270894196,30,26475.125,3911.3689766235861,26909.713811713893,30,31,linear,432,27712
0,3906,1270894199,30,26478.25,3911.3689857286122,26909.713874221448,30,31,linear,432,27712
0,3907,1270894208,30,26481.375,3911.3690130436898,26909.714061744111,30,31,linear,432,27712
0,3908,1270894211,30,26484.5,3911.3690221487159,26909.71412425167,30,31,linear,432,27712
0,3909,1270894217,30,26487.625,3911.3690403587675,26909.714249266777,30,31,linear,432,27712
0,3910,1270894219,30,26490.75,3911.3690464287847,26909.714290938482,30,31,linear,432,27712
0,3911,1270894221,30,26493.875,3911.3690524988019,26909.714332610183,30,31,linear,432,27712
0,3912,1270894223,30,26497,3911.3690585688196,26909.714374281888,30,31,linear,432,27712
0,3913,1270894224,30,26500.125,3911.369061603828,26909.714395117742,30,31,linear,432,27712
0,3914,1270894228,30,26503.25,3911.3690737438624,26909.714478461148,30,31,linear,432,27712
0,3915,1270894229,30,26506.375,3911.3690767788712,26909.714499296999,30,31,linear,432,27712
0,3916,1270894233,30,26509.5,3911.3690889189056,26909.714582640405,30,31,linear,432,27712
0,3917,1270894236,30,26512.625,3911.3690980239312,26909.714645147957,30,31,linear,432,27712
0,3918,1270894238,30,26515.75,3911.3691040939489,26909.714686819661,30,31,linear,432,27712
0,3919,1270894239,30,26518.875,3911.3691071289572,26909.714707655516,30,31,linear,432,27712
0,3920,1270894246,30,26522,3911.3691283740177,26909.714853506477,30,31,linear,432,27712
0,3921,1270894248,30,26525.125,3911.3691344440349,26909.714895178178,30,31,linear,432,27712
0,3922,1270894249,30,26528.25,3911.3691374790437,26909.714916014029,30,31,linear,432,27712
0,3923,1270894252,30,26531.375,3911.3691465840698,26909.714978521588,30,31,linear,432,27712
0,3924,1270894253,30,26534.5,3911.3691496190786,26909.714999357439,30,31,linear,432,27712
0,3925,1270894256,30,26537.625,3911.3691587241042,26909.715061864994,30,31,linear,432,27712
0,3926,1270894257,30,26540.75,3911.369161759113,26909.715082700845,30,31,linear,432,27712
0,3927,1270894259,30,26543.875,3911.3691678291302,26909.715124372549,30,31,linear,432,27712
0,3928,1270894260,30,26547,3911.3691708641386,26909.715145208396,30,31,linear,432,27712
0,3929,1270894262,30,26550.125,3911.3691769341558,26909.715186880101,30,31,linear,432,27712
0,3930,1270894264,30,26553.25,3911.3691830041735,26909.715228551806,30,31,linear,432,27712
0,3931,1270894267,30,26556.375,3911.369192109199,26909.715291059361,30,31,linear,432,27712
0,3932,1270894269,30,26559.5,3911.3691981792163,26909.715332731066,30,31,linear,432,27712
0,3933,1270894272,30,26562.625,3911.3692072842423,26909.715395238618,30,31,linear,432,27712
0,3934,1270894274,30,26565.75,3911.3692133542595,26909.715436910323,30,31,linear,432,27712
0,3935,1270894283,30,26568.875,3911.3692406693372,26909.715624432985,30,31,linear,432,27712
0,3936,1270894286,30,26572,3911.3692497743632,26909.715686940541,30,31,linear,432,27712
0,3937,1270894287,30,26575.125,3911.369252809372,26909.715707776395,30,31,linear,432,27712
0,3938,1270894292,30,26578.25,3911.3692679844148,26909.715811955652,30,31,linear,432,27712
0,3939,1270894296,30,26581.375,3911.3692801244492,26909.715895299058,30,31,linear,432,27712
0,3940,1270894300,30,26584.5,3911.3692922644836,26909.715978642464,30,31,linear,432,27712
0,3941,1270894302,30,26587.625,3911.3692983345013,26909.716020314168,30,31,linear,432,27712
0,3942,1270894303,30,26590.75,3911.3693013695097,26909.716041150019,30,31,linear,432,27712
0,3943,1270894306,30,26593.875,3911.3693104745357,26909.716103657574,30,31,linear,432,27712
0,3944,1272046055,30,26597,3914.8648786318618,26933.713774959451,30,31,linear,432,27712
0,3945,1272185843,30,26600.125,3915.2891364185643,26936.626376989883,30,31,linear,432,27712
0,3946,1273271676,30,26603.25,3918.584648946879,26959.25063229441,30,31,linear,432,27712
0,3947,1274269528,30,26606.375,3921.6131383807087,26980.041728534925,30,31,linear,432,27712
0,3948,1274961727,30,26609.5,3923.7139683210285,26994.46428421111,30,31,linear,432,27712
0,3949,1275117848,30,26612.625,3924.1877969037232,26997.717198206537,30,31,linear,432,27712
0,3950,1275713824,30,26615.75,3925.9965892084101,27010.134865729415,30,31,linear,432,27712
0,3951,1276403042,30,26618.875,3928.0883717879965,27024.495309731832,30,31,linear,432,27712
0,3952,1277002062,30,26622,3929.9064026589604,27036.976401587133,30,31,linear,432,27712
0,3953,1277908575,30,26625.125,3932.6576774393184,27055.864371973803,30,31,linear,432,27712
0,3954,1279650452,30,26628.25,3937.9442891708491,27092.15786273811,30,31,linear,432,27712
0,3955,1280373263,30,26631.375,3940.1380267954228,27107.218245504999,30,31,linear,432,27712
0,3956,1281231067,30,26634.5,3942.7414693403066,27125.091322393659,30,31,linear,432,27712
0,3957,1281761828,30,26637.625,3944.352333557033,27136.150179851189,30,31,linear,432,27712
0,3958,1282687345,30,26640.75,3947.1612856414404,27155.434114762615,30,31,linear,432,27712
0,3959,1283144386,30,26643.875,3948.5484090217888,27164.95695323652,30,31,linear,432,27712
0,3960,1283339455,30,26647,3949.1404451206968,27169.021381982006,30,31,linear,432,27712
0,3961,1283685569,30,26650.125,3950.190904098482,27176.232961939946,30,31,linear,432,27712
0,3962,1284080851,30,26653.25,3951.3905883807029,27184.468999051805,30,31,linear,432,27712
0,3963,1285574190,30,26656.375,3955.922885136762,27215.583988918763,30,31,linear,432,27712
0,3964,1286297517,30,26659.5,3958.1181888257897,27230.655122985103,30,31,linear,432,27712
0,3965,1286723886,30,26662.625,3959.4122224213656,27239.5388842172,30,31,linear,432,27712
0,3966,1287130383,30,26665.75,3960.6459443253989,27248.008595405314,30,31,linear,432,27712
0,3967,1287861710,30,26668.875,3962.8655280834864,27263.246416284856,30,31,linear,432,27712
0,3968,1288344889,31,26688,3964.3319805194674,27273.313862249186,30,31,raw,1040,27712
0,3969,1288535511,31,26696,3964.9105199349874,27277.285633962383,30,31,raw,1040,27712
0,3970,1289707541,31,26704,3968.467641102387,27301.705877171571,31,31,raw,1040,27712
0,3971,1290025591,31,26712,3969.4329255979133,27308.33271978881,31,31,raw,1040,27712
0,3972,1290976492,31,26720,3972.3189183414447,27328.145551958518,31,31,raw,1040,27712
0,3973,1291587602,31,26728,3974.1736424667738,27340.878549260266,31,31,raw,1040,27712
0,3974,1292434871,31,26736,3976.7451111957148,27358.53212045179,31,31,raw,1040,27712
0,3975,1293414057,31,26744,3979.7169491584132,27378.934294685412,31,31,raw,1040,27712
0,3976,1294594844,31,26752,3983.3006478964066,27403.536997447496,31,31,raw,1040,27712
0,3977,1295326368,31,26760,3985.5208295511943,27418.778922989812,31,31,raw,1040,27712
0,3978,1295765484,31,26768,3986.8535504018068,27427.928278822892,31,31,raw,1040,27712
0,3979,1296716050,31,26776,3989.7385264174468,27447.734130982295,31,31,raw,1040,27712
0,3980,1297426375,31,26784,3991.8943689242369,27462.534357305485,31,31,raw,1040,27712
0,3981,1298365520,31,26792,3994.7446821062863,27482.102243203193,31,31,raw,1040,27712
0,3982,1299198240,31,26800,3997.2719944946352,27499.452673589069,31,31,raw,1040,27712
0,3983,1299854381,31,26808,3999.2633880936887,27513.123930126458,31,31,raw,1040,27712
0,3984,1300968275,31,26816,4002.6440659992368,27536.33286026413,31,31,raw,1040,27712
0,3985,1301048421,31,26824,4002.8873098010868,27538.002770430459,31,31,raw,1040,27712
0,3986,1301982188,31,26832,4005.7213007067112,27557.458601117996,31,31,raw,1040,27712
0,3987,1302732328,31,26840,4007.9979820821991,27573.088406874624,31,31,raw,1040,27712
0,3988,1303106296,31,26848,4009.1329781904301,27580.880348644423,31,31,raw,1040,27712
0,3989,1303755845,31,26856,4011.1043650125789,27594.414255247735,31,31,raw,1040,27712
0,3990,1304485471,31,26864,4013.3187862209825,27609.61663434362,31,31,raw,1040,27712
0,3991,1304838272,31,26872,4014.3895403014922,27616.967543641542,31,31,raw,1040,27712
0,3992,1305579438,31,26880,4016.6389855095126,27632.410368465462,31,31,raw,1040,27712
0,3993,1306148992,31,26888,4018.3675868161154,27644.277511116052,31,31,raw,1040,27712
0,3994,1306387675,31,26896,4019.0919917815158,27649.250674695395,31,31,raw,1040,27712
0,3995,1307079108,31,26904,4021.190496905223,27663.657270109215,31,31,raw,1040,27712
0,3996,1307666515,31,26912,4022.9732822209389,27675.896395219304,31,31,raw,1040,27712
0,3997,1308599226,31,26920,4025.8040681574475,27695.3302232475,31,31,raw,1040,27712
0,3998,1309738429,31,26928,4029.2615590964724,27719.066487954577,31,31,raw,1040,27712
0,3999,1309855786,31,26936,4029.6177386045415,27721.511720996648,31,31,raw,1040,27712
0,4000,1310045982,31,26944,4030.1949851063841,27725.474616637046,31,31,raw,1040,27712
0,4001,1310298316,31,26952,4030.9608209746252,27730.732210427264,31,31,raw,1040,27712
0,4002,1310763451,31,26960,4032.3725097148435,27740.423694284422,31,31,raw,1040,27712
0,4003,1311571649,31,26968,4034.8253976215101,27757.263187916138,31,31,raw,1040,27712
0,4004,1311781452,31,26976,4035.462151537608,27761.634612099835,31,31,raw,1040,27712
0,4005,1312416791,31,26984,4037.3904108870906,27774.872441251206,31,31,raw,1040,27712
0,4006,1312942140,31,26992,4038.9848496370992,27785.818535079608,31,31,raw,1040,27712
0,4007,1314793401,31,27000,4044.603442752873,27824.391134640784,31,31,raw,1040,27712
0,4008,1315259405,31,27008,4046.017768915593,27834.100724853026,31,31,raw,1040,27712
0,4009,1316025800,31,27016,4048.3437843564002,27850.069217378223,31,31,raw,1040,27712
0,4010,1316044017,31,27024,4048.3990731086565,27850.44878408773,31,31,raw,1040,27712
0,4011,1316989454,31,27032,4051.2684825650203,27870.147769164018,31,31,raw,1040,27712
0,4012,1317220916,31,27040,4051.9709717330866,27874.970477058599,31,31,raw,1040,27712
0,4013,1317996657,31,27048,4054.3253523645722,27891.133701453316,31,31,raw,1040,27712
0,4014,1318649264,31,27056,4056.3060202431188,27904.731324090979,31,31,raw,1040,27712
0,4015,1319392026,31,27064,4058.5603093249169,27920.207402934131,31,31,raw,1040,27712
0,4016,1320405701,31,27072,4061.6368217003369,27941.328184855305,31,31,raw,1040,27712
0,4017,1320584176,31,27080,4062.1784948659997,27945.046863478517,31,31,raw,1040,27712
0,4018,1320692914,31,27088,4062.5085156346668,27947.31251231522,31,31,raw,1040,27712
0,4019,1323114258,31,27096,4069.8573155766098,27997.763276692502,31,31,raw,1040,27712
0,4020,1323618784,31,27104,4071.3885563418658,28008.275505581998,31,31,raw,1040,27712
0,4021,1325067366,31,27112,4075.7850152165656,28038.45794523666,31,31,raw,1040,27712
0,4022,1325690951,31,27120,4077.6776010745834,28051.450869787739,31,31,raw,1040,27712
0,4023,1326390533,31,27128,4079.8008384836357,28066.027256556652,31,31,raw,1040,27712
0,4024,1327359470,31,27136,4082.741570642861,28086.215884146717,31,31,raw,1040,27712
0,4025,1328409164,31,27144,4085.9274009942105,28108.087152608467,31,31,raw,1040,27712
0,4026,1329176509,31,27152,4088.2562996932184,28124.075439192733,31,31,raw,1040,27712
0,4027,1329644453,31,27160,4089.6765137726852,28133.825450957174,31,31,raw,1040,27712
0,4028,1329952131,31,27168,4090.6103191586762,28140.236184121099,31,31,raw,1040,27712
0,4029,1330505061,31,27176,4092.2884664817739,28151.756951573858,31,31,raw,1040,27712
0,4030,1331346638,31,27184,4094.8426599415802,28169.291925097794,31,31,raw,1040,27712
0,4031,1331785358,31,27192,4096.1741789287744,28178.433029933622,31,31,raw,1040,27712
0,4032,1331963503,31,27200,4096.714850541588,28182.144832725786,31,31,raw,1040,27712
0,4033,1332732858,31,27208,4099.0498496079472,28198.174999371866,31,31,raw,1040,27712
0,4034,1333656178,31,27216,4101.8521337783895,28217.413157917217,31,31,raw,1040,27712
0,4035,1334594780,31,27224,4104.7007989507511,28236.969729947483,31,31,raw,1040,27712
0,4036,1334824337,31,27232,4105.3975064273727,28241.752745544669,31,31,raw,1040,27712
0,4037,1334929504,31,27240,4105.7166891802135,28243.94398955513,31,31,raw,1040,27712
0,4038,1336130190,31,27248,4109.3607815549822,28268.961304929195,31,31,raw,1040,27712
0,4039,1337128499,31,27256,4112.3906579877575,28289.761923153917,31,31,raw,1040,27712
0,4040,1337308629,31,27264,4112.9373540927072,28293.515085111609,31,31,raw,1040,27712
0,4041,1337308630,31,27272,4112.9373571277147,28293.515105947459,31,31,raw,1040,27712
0,4042,1337308635,31,27280,4112.9373723027584,28293.515210126716,31,31,raw,1040,27712
0,4043,1337308637,31,27288,4112.937378372776,28293.515251798421,31,31,raw,1040,27712
0,4044,1337308638,31,27296,4112.9373814077844,28293.515272634271,31,31,raw,1040,27712
0,4045,1337308641,31,27304,4112.9373905128105,28293.515335141827,31,31,raw,1040,27712
0,4046,1337308642,31,27312,4112.9373935478188,28293.515355977677,31,31,raw,1040,27712
0,4047,1337308643,31,27320,4112.9373965828272,28293.515376813531,31,31,raw,1040,27712
0,4048,1337308644,31,27328,4112.9373996178365,28293.515397649382,31,31,raw,1040,27712
0,4049,1337308646,31,27336,4112.9374056878532,28293.515439321087,31,31,raw,1040,27712
0,4050,1337308650,31,27344,4112.9374178278877,28293.515522664493,31,31,raw,1040,27712
0,4051,1337308651,31,27352,4112.9374208628969,28293.515543500343,31,31,raw,1040,27712
0,4052,1337308653,31,27360,4112.9374269329137,28293.515585172045,31,31,raw,1040,27712
0,4053,1337308655,31,27368,4112.9374330029314,28293.515626843749,31,31,raw,1040,27712
0,4054,1337308657,31,27376,4112.9374390729481,28293.515668515454,31,31,raw,1040,27712
0,4055,1337308660,31,27384,4112.9374481779741,28293.51573102301,31,31,raw,1040,27712
0,4056,1337308663,31,27392,4112.9374572830002,28293.515793530565,31,31,raw,1040,27712
0,4057,1337308667,31,27400,4112.9374694230346,28293.515876873971,31,31,raw,1040,27712
0,4058,1337308670,31,27408,4112.9374785280606,28293.515939381523,31,31,raw,1040,27712
0,4059,1337308672,31,27416,4112.9374845980774,28293.515981053228,31,31,raw,1040,27712
0,4060,1337308674,31,27424,4112.9374906680951,28293.516022724933,31,31,raw,1040,27712
0,4061,1337308678,31,27432,4112.9375028081295,28293.516106068339,31,31,raw,1040,27712
0,4062,1337308680,31,27440,4112.9375088781471,28293.516147740043,31,31,raw,1040,27712
0,4063,1337308683,31,27448,4112.9375179831723,28293.516210247595,31,31,raw,1040,27712
0,4064,1337308687,31,27456,4112.9375301232076,28293.516293591005,31,31,raw,1040,27712
0,4065,1337308692,31,27464,4112.9375452982504,28293.516397770261,31,31,raw,1040,27712
0,4066,1337308693,31,27472,4112.9375483332597,28293.516418606116,31,31,raw,1040,27712
0,4067,1337308697,31,27480,4112.9375604732941,28293.516501949522,31,31,raw,1040,27712
0,4068,1337308699,31,27488,4112.9375665433108,28293.516543621223,31,31,raw,1040,27712
0,4069,1337308700,31,27496,4112.9375695783192,28293.516564457073,31,31,raw,1040,27712
0,4070,1337308703,31,27504,4112.9375786833452,28293.516626964632,31,31,raw,1040,27712
0,4071,1337308706,31,27512,4112.9375877883713,28293.516689472184,31,31,raw,1040,27712
0,4072,1337308708,31,27520,4112.9375938583889,28293.516731143889,31,31,raw,1040,27712
0,4073,1337308711,31,27528,4112.9376029634141,28293.516793651441,31,31,raw,1040,27712
0,4074,1337308714,31,27536,4112.9376120684401,28293.516856159,31,31,raw,1040,27712
0,4075,1337308715,31,27544,4112.9376151034494,28293.51687699485,31,31,raw,1040,27712
0,4076,1337308718,31,27552,4112.9376242084745,28293.516939502406,31,31,raw,1040,27712
0,4077,1337308720,31,27560,4112.9376302784922,28293.516981174107,31,31,raw,1040,27712
0,4078,1337308723,31,27568,4112.9376393835182,28293.517043681662,31,31,raw,1040,27712
0,4079,1337308725,31,27576,4112.937645453535,28293.517085353367,31,31,raw,1040,27712
0,4080,1337308726,31,27584,4112.9376484885443,28293.517106189218,31,31,raw,1040,27712
0,4081,1337308727,31,27592,4112.9376515235526,28293.517127025072,31,31,raw,1040,27712
0,4082,1337308729,31,27600,4112.9376575935694,28293.517168696773,31,31,raw,1040,27712
0,4083,1337308733,31,27608,4112.9376697336047,28293.517252040179,31,31,raw,1040,27712
0,4084,1337308734,31,27616,4112.9376727686131,28293.51727287603,31,31,raw,1040,27712
0,4085,1337308737,31,27624,4112.9376818736391,28293.517335383585,31,31,raw,1040,27712
0,4086,1337308739,31,27632,4112.9376879436568,28293.51737705529,31,31,raw,1040,27712
0,4087,1337308741,31,27640,4112.9376940136735,28293.517418726991,31,31,raw,1040,27712
0,4088,1337308742,31,27648,4112.9376970486819,28293.517439562846,31,31,raw,1040,27712
0,4089,1337308744,31,27656,4112.9377031186996,28293.51748123455,31,31,raw,1040,27712
0,4090,1337308747,31,27664,4112.9377122237256,28293.517543742102,31,31,raw,1040,27712
0,4091,1337308748,31,27672,4112.937715258734,28293.517564577953,31,31,raw,1040,27712
0,4092,1337308749,31,27680,4112.9377182937424,28293.517585413807,31,31,raw,1040,27712
0,4093,1337308752,31,27688,4112.9377273987684,28293.517647921359,31,31,raw,1040,27712
0,4094,1337308753,31,27696,4112.9377304337768,28293.517668757213,31,31,raw,1040,27712
0,4095,1337308754,31,27704,4112.9377334687861,28293.517689593064,31,31,raw,1040,27712
1,0,1337308761,0,16,-1.5255194191692953,6.9178735307906258,0,0,raw,1040,22112
1,1,1337308762,0,24,-1.5255165007166991,6.917892540441767,0,0,raw,1040,22112
1,2,1337308763,0,32,-1.5255135822641028,6.9179115500929091,0,0,raw,1040,22112
1,3,1337308766,0,40,-1.5255048269063141,6.9179685790463337,0,0,raw,1040,22112
1,4,1337308769,0,48,-1.5254960715485253,6.9180256079997582,0,0,raw,1040,22112
1,5,1337308772,0,56,-1.5254873161907365,6.9180826369531827,0,0,raw,1040,22112
1,6,1337308776,0,64,-1.5254756423803513,6.9181586755577484,0,0,raw,1040,22112
1,7,1337308779,0,72,-1.5254668870225625,6.918215704511173,0,0,raw,1040,22112
1,8,1337308782,0,80,-1.5254581316647737,6.9182727334645975,0,0,raw,1040,22112
1,9,1337308786,0,88,-1.5254464578543887,6.9183487720691632,0,0,raw,1040,22112
1,10,1337308787,0,96,-1.5254435394017924,6.9183677817203053,0,0,raw,1040,22112
1,11,1337308788,0,104,-1.5254406209491962,6.9183867913714465,0,0,raw,1040,22112
1,12,1337308789,0,112,-1.5254377024965999,6.9184058010225877,0,0,raw,1040,22112
1,13,1337308790,0,120,-1.5254347840440037,6.9184248106737298,0,0,raw,1040,22112
1,14,1337308791,0,128,-1.5254318655914074,6.918443820324871,0,0,raw,1040,22112
1,15,1337308794,0,136,-1.5254231102336187,6.9185008492782956,0,0,raw,1040,22112
1,16,1337308797,0,144,-1.5254143548758299,6.9185578782317201,0,0,raw,1040,22112
1,17,1337308802,0,152,-1.5253997626128486,6.9186529264874279,0,0,raw,1040,22112
1,18,1337308803,0,160,-1.5253968441602523,6.9186719361385691,0,0,raw,1040,22112
1,19,1337308805,0,168,-1.5253910072550598,6.9187099554408524,0,0,raw,1040,22112
1,20,1337308806,0,176,-1.5253880888024633,6.9187289650919936,0,0,raw,1040,22112
1,21,1337308809,0,184,-1.5253793334446746,6.9187859940454182,0,0,raw,1040,22112
1,22,1337308812,0,192,-1.5253705780868858,6.9188430229988427,0,0,raw,1040,22112
1,23,1337308814,0,200,-1.5253647411816933,6.918881042301126,0,0,raw,1040,22112
1,24,1337308815,0,208,-1.525361822729097,6.9189000519522672,0,0,raw,1040,22112
1,25,1337308820,0,216,-1.5253472304661158,6.918995100207975,0,0,raw,1040,22112
1,26,1337308825,0,224,-1.5253326382031345,6.9190901484636829,0,0,raw,1040,22112
1,27,1337308827,0,232,-1.525326801297942,6.9191281677659653,0,0,raw,1040,22112
1,28,1337308831,0,240,-1.5253151274875569,6.9192042063705319,0,0,raw,1040,22112
1,29,1337308832,0,248,-1.5253122090349607,6.9192232160216731,0,0,raw,1040,22112
1,30,1337308836,0,256,-1.5253005352245754,6.9192992546262388,0,0,raw,1040,22112
1,31,1337308837,0,264,-1.5252976167719792,6.9193182642773809,0,0,raw,1040,22112
1,32,1337308840,0,272,-1.5252888614141904,6.9193752932308055,0,0,raw,1040,22112
1,33,1337308843,0,280,-1.5252801060564016,6.91943232218423,0,0,raw,1040,22112
1,34,1337308846,0,288,-1.5252713506986129,6.9194893511376545,0,0,raw,1040,22112
1,35,1337308849,0,296,-1.5252625953408241,6.919546380091079,0,0,raw,1040,22112
1,36,1337308852,0,304,-1.5252538399830353,6.9196034090445036,0,0,raw,1040,22112
1,37,1337308857,0,312,-1.525239247720054,6.9196984573002114,0,0,raw,1040,22112
1,38,1337308860,0,320,-1.5252304923622653,6.9197554862536359,0,0,raw,1040,22112
1,39,1337308862,0,328,-1.5252246554570728,6.9197935055559183,0,0,raw,1040,22112
1,40,1337308865,0,336,-1.525215900099284,6.9198505345093428,0,0,raw,1040,22112
1,41,1337308868,0,344,-1.525207144741495,6.9199075634627674,0,0,raw,1040,22112
1,42,1337308869,0,352,-1.5252042262888987,6.9199265731139095,0,0,raw,1040,22112
1,43,1337308872,0,360,-1.52519547093111,6.919983602067334,0,0,raw,1040,22112
1,44,1337308874,0,368,-1.5251896340259175,6.9200216213696164,0,0,raw,1040,22112
1,45,1337308878,0,376,-1.5251779602155324,6.920097659974183,0,0,raw,1040,22112
1,46,1337457891,0,384,-1.0902905834884338,9.7527828055243297,0,0,raw,1040,22112
1,47,1338567898,0,392,2.149212227532864,30.853628640160785,0,0,raw,1040,22112
1,48,1339471651,0,400,4.7867725167643105,48.033657888255789,0,0,raw,1040,22112
1,49,1339763791,0,408,5.6393692582368971,53.587137372737146,0,0,raw,1040,22112
1,50,1340806123,0,416,8.6813657898060228,73.401505066371769,0,0,raw,1040,22112
1,51,1341160685,0,424,9.7161381792426056,80.141604994408581,0,0,raw,1040,22112
1,52,1341447019,0,432,10.551790384941285,85.584714444362319,0,0,raw,1040,22112
1,53,1342105306,0,440,12.472969789178174,98.098520665354926,0,0,raw,1040,22112
1,54,1342394557,0,448,13.317135121100153,103.59708126768844,0,0,raw,1040,22112
1,55,1344151513,0,456,18.444727920821897,136.99620189867503,0,0,raw,1040,22112
1,56,1345094136,0,464,21.195728462470129,154.9151362866406,0,0,raw,1040,22112
1,57,1347482919,0,472,28.167278410731615,200.32506776941537,0,0,raw,1040,22112
1,58,1348399004,0,480,30.840829057380191,217.73952403538752,0,0,raw,1040,22112
1,59,1349300843,0,488,33.472803428342388,234.88316881119766,0,0,raw,1040,22112
1,60,1349918493,0,496,35.275385674424889,246.62447983875262,0,0,raw,1040,22112
1,61,1350649435,0,504,37.408605252043344,260.51943226343178,0,0,raw,1040,22112
1,62,1350885731,0,512,38.098223926730164,265.01133678956654,0,0,raw,1040,22112
1,63,1351933856,0,520,41.157127054189452,284.93582739226395,0,0,raw,1040,22112
1,64,1351994937,0,528,41.335389057221853,286.09695589363861,0,0,raw,1040,22112
1,65,1352501949,0,536,42.815079544958898,295.73507713819902,0,0,raw,1040,22112
1,66,1354461253,0,544,48.533215390629486,332.98076265836829,0,0,raw,1040,22112
1,67,1355433160,0,552,51.369679898106718,351.45637567036192,0,0,raw,1040,22112
1,68,1355548038,0,560,51.704945895460341,353.64016637419655,0,0,raw,1040,22112
1,69,1355655980,0,568,52.019969505606269,355.69210613771361,0,0,raw,1040,22112
1,70,1356634493,0,576,54.87571331093443,374.29329690514811,0,0,raw,1040,22112
1,71,1357516255,0,584,57.44909390912143,391.05528491499012,0,0,raw,1040,22112
1,72,1358341517,0,592,59.857581935619507,406.74322763533667,0,0,raw,1040,22112
1,73,1358397983,0,600,60.022375279920155,407.81662659669331,0,0,raw,1040,22112
1,74,1359191950,0,608,62.339530332418157,422.90966228456631,0,0,raw,1040,22112
1,75,1359714801,0,616,63.865446190827427,432.84887739355707,0,0,raw,1040,22112
1,76,1360415272,0,624,65.90973759938511,446.16458673830317,0,0,raw,1040,22112
1,77,1361116753,0,632,67.956976645065026,459.49949583070224,0,0,raw,1040,22112
1,78,1362003825,0,640,70.545854226538196,476.36242508810568,0,0,raw,1040,22112
1,79,1362417534,0,648,71.753244331686005,484.22688885220953,0,0,raw,1040,22112
1,80,1362686728,0,656,72.538874259884722,489.34417288159773,0,0,raw,1040,22112
1,81,1362962538,0,664,73.343812670460323,494.58722476293826,0,0,raw,1040,22112
1,82,1363140515,0,672,73.863230108185604,497.97050544415106,0,0,raw,1040,22112
1,83,1363821564,0,680,75.850839330418665,510.91700934442684,0,0,raw,1040,22112
1,84,1364386770,0,688,77.500366248542704,521.66137822751637,0,0,raw,1040,22112
1,85,1364602130,0,696,78.128884199674133,525.75529669735238,0,0,raw,1040,22112
1,86,1366033836,0,704,82.307250292460992,552.97152829456218,0,0,raw,1040,22112
1,87,1366961258,0,712,85.0138874361934,570.60149697552561,0,0,raw,1040,22112
1,88,1367566508,0,720,86.780280870082237,582.10708832892578,0,0,raw,1040,22112
1,89,1368163402,0,728,88.522287714076683,593.45383503738753,0,0,raw,1040,22112
1,90,1368174087,0,736,88.553471380067776,593.65695315983464,0,0,raw,1040,22112
1,91,1368208163,0,744,88.652920570738061,594.30472603213275,0,0,raw,1040,22112
1,92,1369038970,0,752,91.077591416882427,610.098077268059,0,0,raw,1040,22112
1,93,1369919590,0,760,93.647639142204497,626.8383562562974,0,0,raw,1040,22112
1,94,1370180820,0,768,94.410026513926567,631.80424742399464,0,0,raw,1040,22112
1,95,1370952306,0,776,96.661571833607951,646.4699271445553,0,0,raw,1040,22112
1,96,1371331418,0,784,97.767992234282815,653.67671400811628,0,0,raw,1040,22112
1,97,1371613003,0,792,98.58978470860184,659.02954662479885,0,0,raw,1040,22112
1,98,1372545340,0,800,101.31076604684489,676.75294774112285,0,0,raw,1040,22112
1,99,1373863731,0,808,105.15842768368609,701.81510071923219,0,0,raw,1040,22112
1,100,1374132332,0,816,105.94232696949521,706.92111202549358,0,0,raw,1040,22112
1,101,1375098577,0,824,108.76226719837238,725.28909239272389,0,0,raw,1040,22112
1,102,1375425936,0,832,109.7176489218328,731.5120727807581,0,0,raw,1040,22112
1,103,1376366592,0,840,112.46290886722417,749.39361518492842,0,0,raw,1040,22112
1,104,1376687079,0,848,113.39823498444306,755.48596125031816,0,0,raw,1040,22112
1,105,1377923215,0,856,117.00583930297857,778.98447537378252,0,0,raw,1040,22112
1,106,1379161642,0,864,120.62012979641207,802.52654060801183,0,0,raw,1040,22112
1,107,1380127413,0,872,123.43868667875866,820.88551040060122,0,0,raw,1040,22112
1,108,1380943462,0,880,125.82028700148736,836.39831720498114,0,0,raw,1040,22112
1,109,1381072741,0,888,126.19758163467978,838.85586589490458,0,0,raw,1040,22112
1,110,1381862002,0,896,128.50100244925974,853.85944216450559,1,0,raw,1040,22112
1,111,1382435933,0,904,130.17599286628621,864.76967025380486,1,0,raw,1040,22112
1,112,1383134067,0,912,132.21346385112639,878.04095404383315,1,0,raw,1040,22112
1,113,1383938930,0,920,134.5624183631133,893.34111889054418,1,0,raw,1040,22112
1,114,1385533023,0,928,139.21470321764969,923.64427070767056,1,0,raw,1040,22112
1,115,1386338868,0,936,141.56652365008611,938.96310303180246,1,0,raw,1040,22112
1,116,1386543929,0,944,142.16498445792863,942.86124110453204,1,0,raw,1040,22112
1,117,1387390349,0,952,144.63522110445845,958.95139002373071,1,0,raw,1040,22112
1,118,1388282469,0,960,147.23883103463754,975.91028000009646,1,0,raw,1040,22112
1,119,1389002037,0,968,149.33885613242612,989.58901665269207,1,0,raw,1040,22112
1,120,1389908149,0,976,151.98330105133215,1006.81388966783,1,0,raw,1040,22112
1,121,1390891658,0,984,154.85362544583123,1025.5100526523674,1,0,raw,1040,22112
1,122,1392079318,0,992,158.31975485631023,1048.0870549270958,1,1,raw,1040,22112
1,123,1392665480,0,1000,160.03044086704156,1059.2297900595067,1,1,raw,1040,22112
1,124,1393220938,0,1008,161.6515187092572,1069.7888528632686,1,1,raw,1040,22112
1,125,1393449181,0,1016,162.31763508518631,1074.1276726687609,1,1,raw,1040,22112
1,126,1394457534,0,1024,165.26046551598699,1093.296111426258,1,1,raw,1040,22112
1,127,1396683678,0,1032,171.7573612524447,1135.6143322570285,1,1,raw,1040,22112
1,128,1396946528,1,1056,172.5244765173727,1140.611019059575,1,1,for,416,22112
1,129,1397900502,1,1059.125,175.30860441444113,1158.7457319976479,1,1,for,416,22112
1,130,1398414993,1,1062.25,176.8101220091456,1168.5260264230956,1,1,for,416,22112
1,131,1399166406,1,1065.375,179.00308522986219,1182.8101254162925,1,1,for,416,22112
1,132,1399295191,1,1068.5,179.37893814747207,1185.2582833385522,1,1,for,416,22112
1,133,1399574864,1,1071.625,180.19515054042702,1190.5747695022524,1,1,for,416,22112
1,134,1399838327,1,1074.75,180.96405481679656,1195.5831092209487,1,1,for,416,22112
1,135,1401008076,1,1077.875,184.37791182282385,1217.8196296340814,1,1,for,416,22112
1,136,1401835581,1,1081,186.79294593849534,1233.5502110019381,1,1,for,416,22112
1,137,1402066288,1,1084.125,187.46625338162164,1237.9358705878431,1,1,for,416,22112
1,138,1402456338,1,1087.25,188.60459581679444,1245.3505850155898,1,1,for,416,22112
1,139,1403280962,1,1090.375,191.0112218705361,1261.0263995785081,1,1,for,416,22112
1,140,1404263101,1,1093.5,193.87754798497835,1279.6965193409819,1,1,for,416,22112
1,141,1404435669,1,1096.625,194.38117951261043,1282.9769768191702,1,1,for,416,22112
1,142,1404435674,1,1099.75,194.3811941048734,1282.9770718674258,1,1,for,416,22112
1,143,1404435676,1,1102.875,194.38119994177862,1282.9771098867284,1,1,for,416,22112
1,144,1404435677,1,1106,194.38120286023121,1282.9771288963793,1,1,for,416,22112
1,145,1404435678,1,1109.125,194.38120577868381,1282.9771479060305,1,1,for,416,22112
1,146,1404435680,1,1112.25,194.381211615589,1282.9771859253328,1,1,for,416,22112
1,147,1404435682,1,1115.375,194.38121745249418,1282.9772239446352,1,1,for,416,22112
1,148,1404435684,1,1118.5,194.38122328939937,1282.9772619639373,1,1,for,416,22112
1,149,1404435687,1,1121.625,194.38123204475716,1282.9773189928908,1,1,for,416,22112
1,150,1404435688,1,1124.75,194.38123496320975,1282.977338002542,1,1,for,416,22112
1,151,1404435689,1,1127.875,194.38123788166234,1282.9773570121931,1,1,for,416,22112
1,152,1404435691,1,1131,194.38124371856753,1282.9773950314955,1,1,for,416,22112
1,153,1404435692,1,1134.125,194.38124663702013,1282.9774140411464,1,1,for,416,22112
1,154,1404435694,1,1137.25,194.38125247392531,1282.9774520604487,1,1,for,416,22112
1,155,1404435697,1,1140.375,194.3812612292831,1282.9775090894022,1,1,for,416,22112
1,156,1404435699,1,1143.5,194.38126706618831,1282.9775471087046,1,1,for,416,22112
1,157,1404435704,1,1146.625,194.38128165845129,1282.9776421569602,1,1,for,416,22112
1,158,1404435706,1,1149.75,194.38128749535647,1282.9776801762625,1,1,for,416,22112
1,159,1404435707,1,1152.875,194.38129041380907,1282.9776991859137,1,1,for,416,22112
1,160,1404435709,1,1156,194.38129625071426,1282.9777372052158,1,1,for,416,22112
1,161,1404435710,1,1159.125,194.38129916916685,1282.977756214867,1,1,for,416,22112
1,162,1404435714,1,1162.25,194.38131084297726,1282.9778322534717,1,1,for,416,22112
1,163,1404435717,1,1165.375,194.38131959833504,1282.9778892824249,1,1,for,416,22112
1,164,1404435720,1,1168.5,194.38132835369282,1282.9779463113784,1,1,for,416,22112
1,165,1404435721,1,1171.625,194.38133127214542,1282.9779653210296,1,1,for,416,22112
1,166,1404435723,1,1174.75,194.38133710905061,1282.9780033403317,1,1,for,416,22112
1,167,1404435736,1,1177.875,194.38137504893439,1282.9782504657967,1,1,for,416,22112
1,168,1404435739,1,1181,194.38138380429217,1282.9783074947502,1,1,for,416,22112
1,169,1404435742,1,1184.125,194.38139255964995,1282.9783645237035,1,1,for,416,22112
1,170,1404435743,1,1187.25,194.38139547810255,1282.9783835333546,1,1,for,416,22112
1,171,1404435745,1,1190.375,194.38140131500774,1282.978421552657,1,1,for,416,22112
1,172,1404435753,1,1193.5,194.38142466262852,1282.9785736298661,1,1,for,416,22112
1,173,1404435755,1,1196.625,194.38143049953371,1282.9786116491684,1,1,for,416,22112
1,174,1404435758,1,1199.75,194.38143925489149,1282.9786686781217,1,1,for,416,22112
1,175,1404435759,1,1202.875,194.38144217334408,1282.9786876877729,1,1,for,416,22112
1,176,1404435761,1,1206,194.3814480102493,1282.9787257070752,1,1,for,416,22112
1,177,1404435764,1,1209.125,194.38145676560708,1282.9787827360287,1,1,for,416,22112
1,178,1404435767,1,1212.25,194.38146552096487,1282.978839764982,1,1,for,416,22112
1,179,1404435770,1,1215.375,194.38147427632265,1282.9788967939355,1,1,for,416,22112
1,180,1404435773,1,1218.5,194.38148303168046,1282.978953822889,1,1,for,416,22112
1,181,1404435776,1,1221.625,194.38149178703824,1282.9790108518425,1,1,for,416,22112
1,182,1404435779,1,1224.75,194.38150054239603,1282.9790678807958,1,1,for,416,22112
1,183,1404435781,1,1227.875,194.38150637930121,1282.9791059000981,1,1,for,416,22112
1,184,1404435783,1,1231,194.3815122162064,1282.9791439194003,1,1,for,416,22112
1,185,1404435786,1,1234.125,194.38152097156419,1282.9792009483538,1,1,for,416,22112
1,186,1404435788,1,1237.25,194.38152680846937,1282.9792389676561,1,1,for,416,22112
1,187,1404435790,1,1240.375,194.38153264537456,1282.9792769869584,1,1,for,416,22112
1,188,1404435791,1,1243.5,194.38153556382716,1282.9792959966096,1,1,for,416,22112
1,189,1404435796,1,1246.625,194.38155015609013,1282.9793910448652,1,1,for,416,22112
1,190,1404435798,1,1249.75,194.38155599299535,1282.9794290641676,1,1,for,416,22112
1,191,1404435800,1,1252.875,194.38156182990053,1282.9794670834699,1,1,for,416,22112
1,192,1404435805,1,1256,194.3815764221635,1282.9795621317255,1,1,for,416,22112
1,193,1404435808,1,1259.125,194.38158517752129,1282.9796191606788,1,1,for,416,22112
1,194,1404435809,1,1262.25,194.38158809597388,1282.97963817033,1,1,for,416,22112
1,195,1404435811,1,1265.375,194.3815939328791,1282.9796761896323,1,1,for,416,22112
1,196,1404435814,1,1268.5,194.38160268823688,1282.9797332185858,1,1,for,416,22112
1,197,1404435816,1,1271.625,194.38160852514207,1282.9797712378881,1,1,for,416,22112
1,198,1404435819,1,1274.75,194.38161728049985,1282.9798282668414,1,1,for,416,22112
1,199,1404435822,1,1277.875,194.38162603585764,1282.9798852957949,1,1,for,416,22112
1,200,1404435824,1,1281,194.38163187276285,1282.9799233150973,1,1,for,416,22112
1,201,1404435827,1,1284.125,194.38164062812064,1282.9799803440505,1,1,for,416,22112
1,202,1404435829,1,1287.25,194.38164646502582,1282.9800183633529,1,1,for,416,22112
1,203,1404435830,1,1290.375,194.38164938347842,1282.9800373730041,1,1,for,416,22112
1,204,1404435831,1,1293.5,194.38165230193101,1282.9800563826552,1,1,for,416,22112
1,205,1404435833,1,1296.625,194.3816581388362,1282.9800944019573,1,1,for,416,22112
1,206,1404435835,1,1299.75,194.38166397574142,1282.9801324212599,1,1,for,416,22112
1,207,1404435837,1,1302.875,194.38166981264661,1282.980170440562,1,1,for,416,22112
1,208,1404435840,1,1306,194.38167856800439,1282.9802274695155,1,1,for,416,22112
1,209,1404435845,1,1309.125,194.38169316026736,1282.9803225177711,1,1,for,416,22112
1,210,1404435847,1,1312.25,194.38169899717258,1282.9803605370735,1,1,for,416,22112
1,211,1404435851,1,1315.375,194.38171067098295,1282.9804365756781,1,1,for,416,22112
1,212,1404435853,1,1318.5,194.38171650788814,1282.9804745949803,1,1,for,416,22112
1,213,1404435859,1,1321.625,194.38173401860371,1282.980588652887,1,1,for,416,22112
1,214,1404435861,1,1324.75,194.38173985550893,1282.9806266721894,1,1,for,416,22112
1,215,1404435862,1,1327.875,194.38174277396152,1282.9806456818405,1,1,for,416,22112
1,216,1404435864,1,1331,194.38174861086671,1282.9806837011429,1,1,for,416,22112
1,217,1404435869,1,1334.125,194.38176320312968,1282.9807787493985,1,1,for,416,22112
1,218,1404435872,1,1337.25,194.38177195848749,1282.980835778352,1,1,for,416,22112
1,219,1404435874,1,1340.375,194.38177779539268,1282.9808737976543,1,1,for,416,22112
1,220,1404435876,1,1343.5,194.38178363229787,1282.9809118169564,1,1,for,416,22112
1,221,1404435879,1,1346.625,194.38179238765565,1282.98096884591,1,1,for,416,22112
1,222,1404435881,1,1349.75,194.38179822456084,1282.9810068652123,1,1,for,416,22112
1,223,1404435886,1,1352.875,194.38181281682381,1282.9811019134679,1,1,for,416,22112
1,224,1404435890,1,1356,194.38182449063419,1282.9811779520726,1,1,for,416,22112
1,225,1404435893,1,1359.125,194.38183324599197,1282.9812349810259,1,1,for,416,22112
1,226,1404435897,1,1362.25,194.38184491980238,1282.9813110196305,1,1,for,416,22112
1,227,1404435900,1,1365.375,194.38185367516016,1282.981368048584,1,1,for,416,22112
1,228,1404435903,1,1368.5,194.38186243051794,1282.9814250775373,1,1,for,416,22112
1,229,1404435908,1,1371.625,194.38187702278091,1282.9815201257929,1,1,for,416,22112
1,230,1404435921,1,1374.75,194.38191496266467,1282.9817672512579,1,1,for,416,22112
1,231,1404435923,1,1377.875,194.38192079956988,1282.9818052705602,1,1,for,416,22112
1,232,1404435925,1,1381,194.38192663647507,1282.9818432898626,1,1,for,416,22112
1,233,1404435930,1,1384.125,194.38194122873804,1282.9819383381182,1,1,for,416,22112
1,234,1404435933,1,1387.25,194.38194998409583,1282.9819953670715,1,1,for,416,22112
1,235,1404435935,1,1390.375,194.38195582100104,1282.982033386374,1,1,for,416,22112
1,236,1404435939,1,1393.5,194.38196749481142,1282.9821094249785,1,1,for,416,22112
1,237,1404435940,1,1396.625,194.38197041326401,1282.9821284346297,1,1,for,416,22112
1,238,1404435942,1,1399.75,194.3819762501692,1282.9821664539318,1,1,for,416,22112
1,239,1405147759,1,1402.875,196.45938042188411,1296.5135593005296,1,1,for,416,22112
1,240,1406000864,1,1406,198.94912692401996,1312.7307877376093,1,1,for,416,22112
1,241,1406964617,1,1409.125,201.76179436902726,1331.051396054195,1,1,for,416,22112
1,242,1407496586,1,1412.25,203.31432067820927,1341.1639411622941,1,1,for,416,22112
1,243,1408125889,1,1415.375,205.15091165239605,1353.126771654601,1,1,for,416,22112
1,244,1408811002,1,1418.5,207.15038146598033,1366.150530777116,1,1,for,416,22112
1,245,1409273927,1,1421.625,208.50140613410585,1374.9505735318005,1,1,for,416,22112
1,246,1409480105,1,1424.75,209.1031268534984,1378.8699453848551,1,1,for,416,22112
1,247,1410250387,1,1427.875,211.35115835625388,1393.5127374854412,1,1,for,416,22112
1,248,1410452684,1,1431,211.94155256112029,1397.3583328824159,1,1,for,416,22112
1,249,1411450486,1,1434.125,214.85359039857778,1416.3262008107188,1,1,for,416,22112
1,250,1412133271,1,1437.25,216.84626605451794,1429.3057054653761,1,1,for,416,22112
1,251,1412134207,1,1440.375,216.84899772614804,1429.3234984988446,1,1,for,416,22112
1,252,1412981330,1,1443.5,219.32128604485308,1445.4270112027959,1,1,for,416,22112
1,253,1413702091,1,1446.625,221.42479285658897,1459.1284263692032,1,2,for,416,22112
1,254,1414952309,1,1449.75,225.07349482458503,1482.8946344000424,1,2,for,416,22112
1,255,1415187892,1,1452.875,225.76103264257074,1487.3729850449133,1,2,for,416,22112
1,256,1416612854,2,1472,229.91971669104839,1514.4610155548246,1,2,raw,1040,22112
1,257,1417483365,2,1480,232.46026177907481,1531.0091259796734,1,2,raw,1040,22112
1,258,1417557117,2,1488,232.67550349495448,1532.4111257706622,1,2,raw,1040,22112
1,259,1417819262,2,1496,233.44056125080215,1537.3944107691541,1,2,raw,1040,22112
1,260,1417968980,2,1504,233.87750613660961,1540.2404977187591,1,2,raw,1040,22112
1,261,1418080802,2,1512,234.20385334282906,1542.3661949287052,1,2,raw,1040,22112
1,262,1418617049,2,1520,235.76886479221784,1552.5600633243873,1,2,raw,1040,22112
1,263,1419296317,2,1528,237.75127625037695,1565.4727110359802,1,2,raw,1040,22112
1,264,1419507553,2,1536,238.3677585030014,1569.4882337045085,1,2,raw,1040,22112
1,265,1419630732,2,1544,238.72725057535663,1571.829823522469,1,2,raw,1040,22112
1,266,1419672258,2,1552,238.84844223786911,1572.6192182957716,1,2,raw,1040,22112
1,267,1419956563,2,1560,239.67817290324993,1578.0237571635589,1,2,raw,1040,22112
1,268,1420009467,2,1568,239.83257071940267,1579.0294437475495,1,2,raw,1040,22112
1,269,1420405951,2,1576,240.98969047857983,1586.5664662707409,1,2,raw,1040,22112
1,270,1421155067,2,1584,243.17595001368281,1600.8069000952657,1,2,raw,1040,22112
1,271,1421982168,2,1592,245.58980507450542,1616.5298015640615,1,2,raw,1040,22112
1,272,1422103245,2,1600,245.94316255950329,1618.8314330953226,1,2,raw,1040,22112
1,273,1422700164,2,1608,247.68524236481267,1630.1786550450629,1,2,raw,1040,22112
1,274,1422937365,2,1616,248.37750223909907,1634.6877633054805,1,2,raw,1040,22112
1,275,1423592007,2,1624,250.28804388362258,1647.1322793480622,1,2,raw,1040,22112
1,276,1424176966,2,1632,251.99521899588063,1658.2521458701503,1,2,raw,1040,22112
1,277,1424624478,2,1640,253.30126155413996,1666.7591928717904,1,2,raw,1040,22112
1,278,1425115339,2,1648,254.73381611399472,1676.0902892407644,1,2,raw,1040,22112
1,279,1425882543,2,1656,256.97286461965894,1690.674569635137,2,2,raw,1040,22112
1,280,1426243133,2,1664,258.0252294413458,1697.5292597402549,2,2,raw,1040,22112
1,281,1427789666,2,1672,262.53871269040388,1726.9283125490911,2,2,raw,1040,22112
1,282,1429351092,2,1680,267.09566045397804,1756.6104760923777,2,2,raw,1040,22112
1,283,1429394974,2,1688,267.22372799080733,1757.4446576037694,2,2,raw,1040,22112
1,284,1430705546,2,1696,271.04857024679831,1782.3581741196033,2,2,raw,1040,22112
1,285,1431423736,2,1704,273.14457371690924,1796.0107154729262,2,2,raw,1040,22112
1,286,1432136884,2,1712,275.2258623490298,1809.5674101651932,2,2,raw,1040,22112
1,287,1432224519,2,1720,275.48162094230338,1811.2333209429796,2,2,raw,1040,22112
1,288,1433280181,2,1728,278.56252044698067,1831.3010872863306,2,2,raw,1040,22112
1,289,1434770054,2,1736,282.91064417193445,1859.6230532614884,2,2,raw,1040,22112
1,290,1435695936,2,1744,285.61278689866862,1877.2237470796942,2,2,raw,1040,22112
1,291,1436073379,2,1752,286.71433640196034,1884.3988068355,2,2,raw,1040,22112
1,292,1436827184,2,1760,288.91428056128717,1898.7283769142275,2,2,raw,1040,22112
1,293,1437243685,2,1768,290.12981898608376,1906.6459156243184,2,2,raw,1040,22112
1,294,1437538221,2,1776,290.98940833997699,1912.2449422329348,2,2,raw,1040,22112
1,295,1438199508,2,1784,292.91934310200264,1924.8157774073518,2,2,raw,1040,22112
1,296,1438373486,2,1792,293.42708964779547,1928.12303849365,2,2,raw,1040,22112
1,297,1439115149,2,1800,295.59159795569849,1942.2217933882173,2,2,raw,1040,22112
1,298,1439680410,2,1808,297.24128538871531,1952.9672078021194,2,2,raw,1040,22112
1,299,1440047792,2,1816,298.31347234043596,1959.9510114577904,2,2,raw,1040,22112
1,300,1440833351,2,1824,300.6060890435046,1974.8842139988656,2,2,raw,1040,22112
1,301,1441253263,2,1832,301.83158231010708,1982.8665946290005,2,2,raw,1040,22112
1,302,1442427213,2,1840,305.25769973549131,2005.1829745865787,2,2,raw,1040,22112
1,303,1443181695,2,1848,307.45961968722582,2019.5254141991288,2,2,raw,1040,22112
1,304,1446479462,2,1856,317.08399635024978,2082.2148144151201,2,2,raw,1040,22112
1,305,1447034647,2,1864,318.70427745490667,2092.7686875841205,2,2,raw,1040,22112
1,306,1448003395,2,1872,321.53152257063226,2111.1842491081579,2,2,raw,1040,22112
1,307,1448507389,2,1880,323.00240516843382,2120.7649992255733,2,2,raw,1040,22112
1,308,1449555490,2,1888,326.06123825303075,2140.6890335966432,2,2,raw,1040,22112
1,309,1449787168,2,1896,326.73737951362807,2145.0931515538064,2,2,raw,1040,22112
1,310,1450300093,2,1904,328.23432681156675,2154.8436768655665,2,2,raw,1040,22112
1,311,1450719710,2,1912,329.45895913465336,2162.8204496486146,2,2,raw,1040,22112
1,312,1451357729,2,1920,331.32098734166914,2174.9489682602707,2,2,raw,1040,22112
1,313,1451801071,2,1928,332.61485995260205,2183.3767450166511,2,2,raw,1040,22112
1,314,1452190608,2,1936,333.75170522159294,2190.7817074933623,2,2,raw,1040,22112
1,315,1453025151,2,1944,336.187279406637,2206.6460787859533,2,2,raw,1040,22112
1,316,1453528166,2,1952,337.65530483934674,2216.2082184549008,2,2,raw,1040,22112
1,317,1454346619,2,1960,340.0439211221169,2231.766724460625,2,2,raw,1040,22112
1,318,1454895526,2,1968,341.64588018137442,2242.201255039759,2,2,raw,1040,22112
1,319,1455396685,2,1976,343.10848896606552,2251.7281127961883,2,2,raw,1040,22112
1,320,1455988020,2,1984,344.83427213207733,2262.9691848539542,2,2,raw,1040,22112
1,321,1456983303,2,1992,347.73895838744482,2281.8891674710317,2,2,raw,1040,22112
1,322,1457240868,2,2000,348.49064963040161,2286.7853882672953,2,2,raw,1040,22112
1,323,1457927716,2,2008,350.49518295924037,2299.8421291345408,2,2,raw,1040,22112
1,324,1458572577,2,2016,352.37717921891976,2312.1007117793074,2,2,raw,1040,22112
1,325,1458797888,2,2024,353.03473869183665,2316.3837952876524,2,2,raw,1040,22112
1,326,1460604597,2,2032,358.3075332635803,2350.7287030918828,2,2,raw,1040,22112
1,327,1461471658,2,2040,360.83800969014965,2367.2112302202936,2,2,raw,1040,22112
1,328,1463488629,2,2048,366.724443941689,2405.5531452928403,2,2,raw,1040,22112
1,329,1464108084,2,2056,368.5322939947078,2417.328768740706,2,2,raw,1040,22112
1,330,1464344682,2,2064,369.22279404207865,2421.8264141814852,2,2,raw,1040,22112
1,331,1464382585,2,2072,369.33341215083482,2422.5469369887019,2,2,raw,1040,22112
1,332,1464516288,2,2080,369.72361801831318,2425.0885843752753,2,2,raw,1040,22112
1,333,1465175669,2,2088,371.64799020969036,2437.623187154617,2,2,raw,1040,22112
1,334,1465673119,2,2096,373.09977445370191,2447.0795381149619,2,2,raw,1040,22112
1,335,1466573459,2,2104,375.72737406422232,2464.194687423711,2,2,raw,1040,22112
1,336,1466762720,2,2112,376.27972332104383,2467.7924730084046,2,2,raw,1040,22112
1,337,1467259783,2,2120,377.73037812390066,2477.2414672337582,2,2,raw,1040,22112
1,338,1467671386,2,2128,378.93162196788074,2485.0658966725582,2,2,raw,1040,22112
1,339,1468506821,2,2136,381.36979941264065,2500.9472245739676,2,3,raw,1040,22112
1,340,1468506824,2,2144,381.36980816799843,2500.9472816029206,2,3,raw,1040,22112
1,341,1468506826,2,2152,381.36981400490362,2500.9473196222229,2,3,raw,1040,22112
1,342,1468506829,2,2160,381.3698227602614,2500.9473766511765,2,3,raw,1040,22112
1,343,1468506834,2,2168,381.36983735252437,2500.9474716994318,2,3,raw,1040,22112
1,344,1468506836,2,2176,381.36984318942956,2500.9475097187342,2,3,raw,1040,22112
1,345,1468506838,2,2184,381.3698490263348,2500.947547738037,2,3,raw,1040,22112
1,346,1468506841,2,2192,381.36985778169259,2500.9476047669905,2,3,raw,1040,22112
1,347,1468506847,2,2200,381.36987529240815,2500.947718824897,2,3,raw,1040,22112
1,348,1468506850,2,2208,381.36988404776594,2500.9477758538505,2,3,raw,1040,22112
1,349,1468506851,2,2216,381.36988696621853,2500.9477948635017,2,3,raw,1040,22112
1,350,1468506853,2,2224,381.36989280312372,2500.9478328828036,2,3,raw,1040,22112
1,351,1468506857,2,2232,381.3699044769341,2500.9479089214083,2,3,raw,1040,22112
1,352,1468506859,2,2240,381.36991031383928,2500.9479469407106,2,3,raw,1040,22112
1,353,1468506861,2,2248,381.36991615074447,2500.9479849600129,2,3,raw,1040,22112
1,354,1468506863,2,2256,381.36992198764966,2500.9480229793153,2,3,raw,1040,22112
1,355,1468506864,2,2264,381.36992490610226,2500.9480419889665,2,3,raw,1040,22112
1,356,1468506866,2,2272,381.36993074300744,2500.9480800082688,2,3,raw,1040,22112
1,357,1468506868,2,2280,381.36993657991263,2500.9481180275711,2,3,raw,1040,22112
1,358,1468506869,2,2288,381.36993949836523,2500.9481370372223,2,3,raw,1040,22112
1,359,1468506871,2,2296,381.36994533527042,2500.9481750565246,2,3,raw,1040,22112
1,360,1468506873,2,2304,381.3699511721756,2500.9482130758265,2,3,raw,1040,22112
1,361,1468506876,2,2312,381.36995992753339,2500.94827010478,2,3,raw,1040,22112
1,362,1468506878,2,2320,381.36996576443858,2500.9483081240824,2,3,raw,1040,22112
1,363,1468506887,2,2328,381.36999203051198,2500.9484792109429,2,3,raw,1040,22112
1,364,1468506889,2,2336,381.36999786741717,2500.9485172302452,2,3,raw,1040,22112
1,365,1468506894,2,2344,381.37001245968014,2500.9486122785006,2,3,raw,1040,22112
1,366,1468506895,2,2352,381.37001537813273,2500.9486312881518,2,3,raw,1040,22112
1,367,1468506899,2,2360,381.37002705194311,2500.9487073267564,2,3,raw,1040,22112
1,368,1468506904,2,2368,381.37004164420608,2500.9488023750118,2,3,raw,1040,22112
1,369,1468506907,2,2376,381.37005039956387,2500.9488594039653,2,3,raw,1040,22112
1,370,1468506910,2,2384,381.37005915492165,2500.9489164329188,2,3,raw,1040,22112
1,371,1468506913,2,2392,381.37006791027949,2500.9489734618724,2,3,raw,1040,22112
1,372,1468506914,2,2400,381.37007082873208,2500.9489924715235,2,3,raw,1040,22112
1,373,1468506915,2,2408,381.37007374718468,2500.9490114811747,2,3,raw,1040,22112
1,374,1468506920,2,2416,381.37008833944765,2500.9491065294305,2,3,raw,1040,22112
1,375,1468506924,2,2424,381.37010001325802,2500.9491825680348,2,3,raw,1040,22112
1,376,1468506926,2,2432,381.37010585016321,2500.9492205873371,2,3,raw,1040,22112
1,377,1468506932,2,2440,381.37012336087878,2500.9493346452441,2,3,raw,1040,22112
1,378,1468506939,2,2448,381.370143790047,2500.9494677128023,2,3,raw,1040,22112
1,379,1468506942,2,2456,381.37015254540478,2500.9495247417553,2,3,raw,1040,22112
1,380,1468506946,2,2464,381.37016421921516,2500.94960078036,2,3,raw,1040,22112
1,381,1468506949,2,2472,381.37017297457294,2500.9496578093135,2,3,raw,1040,22112
1,382,1468506953,2,2480,381.37018464838332,2500.9497338479177,2,3,raw,1040,22112
1,383,1468506954,2,2488,381.37018756683591,2500.9497528575689,2,3,raw,1040,22112
1,384,1468506957,3,2512,381.37019632219369,2500.9498098865224,2,3,raw,1040,22112
1,385,1468506959,3,2520,381.37020215909888,2500.9498479058248,2,3,raw,1040,22112
1,386,1468506962,3,2528,381.37021091445672,2500.9499049347783,2,3,raw,1040,22112
1,387,1468506966,3,2536,381.3702225882671,2500.9499809733829,2,3,raw,1040,22112
1,388,1468506969,3,2544,381.37023134362488,2500.9500380023364,2,3,raw,1040,22112
1,389,1468506971,3,2552,381.37023718053007,2500.9500760216388,2,3,raw,1040,22112
1,390,1468506977,3,2560,381.37025469124563,2500.9501900795453,2,3,raw,1040,22112
1,391,1468506979,3,2568,381.37026052815082,2500.9502280988477,2,3,raw,1040,22112
1,392,1468506983,3,2576,381.3702722019612,2500.9503041374523,2,3,raw,1040,22112
1,393,1468506985,3,2584,381.37027803886639,2500.9503421567542,2,3,raw,1040,22112
1,394,1468506986,3,2592,381.37028095731904,2500.9503611664059,2,3,raw,1040,22112
1,395,1468506987,3,2600,381.37028387577163,2500.950380176057,2,3,raw,1040,22112
1,396,1468506988,3,2608,381.37028679422423,2500.9503991857082,2,3,raw,1040,22112
1,397,1468506991,3,2616,381.37029554958201,2500.9504562146612,2,3,raw,1040,22112
1,398,1468506992,3,2624,381.3702984680346,2500.9504752243124,2,3,raw,1040,22112
1,399,1468506995,3,2632,381.37030722339239,2500.9505322532659,2,3,raw,1040,22112
1,400,1468506996,3,2640,381.37031014184498,2500.9505512629171,2,3,raw,1040,22112
1,401,1468506997,3,2648,381.37031306029758,2500.9505702725683,2,3,raw,1040,22112
1,402,1468506999,3,2656,381.37031889720276,2500.9506082918706,2,3,raw,1040,22112
1,403,1468507002,3,2664,381.37032765256055,2500.9506653208241,2,3,raw,1040,22112
1,404,1468507006,3,2672,381.37033932637092,2500.9507413594283,2,3,raw,1040,22112
1,405,1468507008,3,2680,381.37034516327611,2500.9507793787307,2,3,raw,1040,22112
1,406,1468507010,3,2688,381.3703510001813,2500.950817398033,2,3,raw,1040,22112
1,407,1468507015,3,2696,381.37036559244433,2500.9509124462888,2,3,raw,1040,22112
1,408,1468507016,3,2704,381.37036851089692,2500.95093145594,2,3,raw,1040,22112
1,409,1468507017,3,2712,381.37037142934952,2500.9509504655912,2,3,raw,1040,22112
1,410,1468507022,3,2720,381.37038602161249,2500.9510455138466,2,3,raw,1040,22112
1,411,1468507023,3,2728,381.37038894006508,2500.9510645234977,2,3,raw,1040,22112
1,412,1468507024,3,2736,381.37039185851768,2500.9510835331489,2,3,raw,1040,22112
1,413,1468507028,3,2744,381.37040353232806,2500.9511595717536,2,3,raw,1040,22112
1,414,1468507029,3,2752,381.37040645078065,2500.9511785814047,2,3,raw,1040,22112
1,415,1468507031,3,2760,381.37041228768584,2500.9512166007071,2,3,raw,1040,22112
1,416,1468507032,3,2768,381.37041520613843,2500.9512356103583,2,3,raw,1040,22112
1,417,1468507035,3,2776,381.37042396149621,2500.9512926393118,2,3,raw,1040,22112
1,418,1468507037,3,2784,381.37042979840146,2500.9513306586141,2,3,raw,1040,22112
1,419,1468507039,3,2792,381.37043563530665,2500.9513686779164,2,3,raw,1040,22112
1,420,1468507041,3,2800,381.37044147221184,2500.9514066972183,2,3,raw,1040,22112
1,421,1468507045,3,2808,381.37045314602221,2500.951482735823,2,3,raw,1040,22112
1,422,1468507048,3,2816,381.37046190138,2500.9515397647765,2,3,raw,1040,22112
1,423,1468507052,3,2824,381.37047357519037,2500.9516158033812,2,3,raw,1040,22112
1,424,1468507053,3,2832,381.37047649364297,2500.9516348130319,2,3,raw,1040,22112
1,425,1468507058,3,2840,381.37049108590594,2500.9517298612877,2,3,raw,1040,22112
1,426,1468507061,3,2848,381.37049984126372,2500.9517868902412,2,3,raw,1040,22112
1,427,1468507063,3,2856,381.37050567816891,2500.9518249095436,2,3,raw,1040,22112
1,428,1468507065,3,2864,381.3705115150741,2500.9518629288459,2,3,raw,1040,22112
1,429,1468507066,3,2872,381.37051443352669,2500.9518819384971,2,3,raw,1040,22112
1,430,1468507067,3,2880,381.37051735197929,2500.9519009481482,2,3,raw,1040,22112
1,431,1468507070,3,2888,381.37052610733707,2500.9519579771018,2,3,raw,1040,22112
1,432,1469800739,3,2896,385.14603775909347,2525.5441543596903,3,3,raw,1040,22112
1,433,1470012454,3,2904,385.76391795051148,2529.5687826511157,3,3,raw,1040,22112
1,434,1470442769,3,2912,387.01977187947284,2537.7489206820755,3,3,raw,1040,22112
1,435,1471120612,3,2920,388.99802454268229,2550.6344796407911,3,3,raw,1040,22112
1,436,1471589564,3,2928,390.36663872460548,2559.5490935629059,3,3,raw,1040,22112
1,437,1472190152,3,2936,392.1194263324906,2570.9660619226843,3,3,raw,1040,22112
1,438,1472969415,3,2944,394.39366845801311,2585.7795797001727,3,3,raw,1040,22112
1,439,1473073461,3,2952,394.69732177684398,2587.7574578628423,3,3,raw,1040,22112
1,440,1474042505,3,2960,397.52543075453809,2606.1786462436175,3,3,raw,1040,22112
1,441,1474288641,3,2968,398.24376700277219,2610.8576057369851,3,3,raw,1040,22112
1,442,1475290384,3,2976,401.16730646191155,2629.9003907004367,3,3,raw,1040,22112
1,443,1476868610,3,2984,405.77328422910301,2659.9019163829007,3,3,raw,1040,22112
1,444,1478508734,3,2992,410.55990837509802,2691.0801014517224,3,3,raw,1040,22112
1,445,1478634779,3,3000,410.92776473259414,2693.4761729298543,3,3,raw,1040,22112
1,446,1478989063,3,3008,411.96172579220894,2700.2109881748738,3,3,raw,1040,22112
1,447,1479459300,3,3016,413.33409018571837,2709.150029498705,3,3,raw,1040,22112
1,448,1480358877,3,3024,415.95946301690782,2726.2506744436332,3,3,raw,1040,22112
1,449,1480889964,3,3032,417.50941525089996,2736.3464530394253,3,3,raw,1040,22112
1,450,1481519645,3,3040,419.34710940016805,2748.3164691798638,3,3,raw,1040,22112
1,451,1482256582,3,3048,421.49782510110111,2762.3253844631363,3,3,raw,1040,22112
1,452,1483231911,3,3056,424.34427655336276,2780.8660485013361,3,3,raw,1040,22112
1,453,1483409812,3,3064,424.86347218869076,2784.2478844490624,3,3,raw,1040,22112
1,454,1483720894,3,3072,425.77135025924179,2790.1614447454663,3,3,raw,1040,22112
1,455,1485155532,3,3080,429.95827325504087,2817.4334126398226,3,3,raw,1040,22112
1,456,1485690831,3,3088,431.52051801136844,2827.6092598862233,3,3,raw,1040,22112
1,457,1486495166,3,3096,433.86793158038455,2842.8993876371314,3,3,raw,1040,22112
1,458,1486520991,3,3104,433.94330061868305,2843.3903118778612,3,3,raw,1040,22112
1,459,1487556071,3,3112,436.964132532024,2863.0668215814171,3,3,raw,1040,22112
1,460,1487876349,3,3120,437.89884869265029,2869.1551946297186,3,3,raw,1040,22112
1,461,1488300848,3,3128,439.13772890131179,2877.2247725296388,3,3,raw,1040,22112
1,462,1488994001,3,3136,441.16066307377008,2890.4013692473318,3,3,raw,1040,22112
1,463,1490679198,3,3144,446.07883063363647,2922.4363763220545,3,3,raw,1040,22112
1,464,1490728794,3,3152,446.22357420860084,2923.3791789800694,3,3,raw,1040,22112
1,465,1491783666,3,3160,449.30216813572707,2943.4319276990182,3,3,raw,1040,22112
1,466,1492491729,3,3168,451.3686164363956,2956.8919583152306,3,3,raw,1040,22112
1,467,1492923967,3,3176,452.63008254969952,2965.1086519053351,3,3,raw,1040,22112
1,468,1493130562,3,3184,453.23302026382476,2969.0359507829162,3,3,raw,1040,22112
1,469,1493518110,3,3192,454.36406073060169,2976.4031030635069,3,3,raw,1040,22112
1,470,1493815103,3,3200,455.23082072252396,2982.0488363849781,3,3,raw,1040,22112
1,471,1494590526,3,3208,457.49385599007684,2996.7893571020827,3,3,raw,1040,22112
1,472,1494836391,3,3216,458.21140133765738,3001.4631649799912,3,3,raw,1040,22112
1,473,1496054111,3,3224,461.76525943318006,3024.611597368033,3,3,raw,1040,22112
1,474,1496261589,3,3232,462.37077414094767,3028.5556817675715,3,3,raw,1040,22112
1,475,1496475330,3,3240,462.9945671173258,3032.6188236122098,3,3,raw,1040,22112
1,476,1496554463,3,3248,463.225513026626,3034.123114335991,3,3,raw,1040,22112
1,477,1496755883,3,3256,463.81334774856543,3037.9520382689143,3,3,raw,1040,22112
1,478,1496907279,3,3264,464.25518979782947,3040.8300234131348,3,3,raw,1040,22112
1,479,1497237093,3,3272,465.21773632241366,3047.0996724947208,3,3,raw,1040,22112
1,480,1497992230,3,3280,467.42156786059871,3061.4545634287692,3,3,raw,1040,22112
1,481,1498332333,3,3288,468.41414234394597,3067.9198028109513,3,3,raw,1040,22112
1,482,1499757159,3,3296,472.57242948287052,3095.0052480083073,3,3,raw,1040,22112
1,483,1499762312,3,3304,472.58746826909908,3095.1032047406397,3,3,raw,1040,22112
1,484,1500166581,3,3312,473.76730818173814,3102.7882173979674,3,3,raw,1040,22112
1,485,1500730923,3,3320,475.41431355681902,3113.5161619424707,3,3,raw,1040,22112
1,486,1501395009,3,3328,477.35241706766158,3126.1402051304326,3,3,raw,1040,22112
1,487,1503742897,3,3336,484.20461689699886,3170.7727369297754,3,3,raw,1040,22112
1,488,1504166061,3,3344,485.43960097144435,3178.8169369454222,3,3,raw,1040,22112
1,489,1504989235,3,3352,487.84199526892144,3194.4651875141853,3,3,raw,1040,22112
1,490,1505731453,3,3360,490.00812331801535,3208.5744927651363,3,3,raw,1040,22112
1,491,1506651445,3,3368,492.69307635895757,3226.0632197381183,3,3,raw,1040,22112
1,492,1507452195,3,3376,495.03002727541605,3241.2851978896838,3,3,raw,1040,22112
1,493,1507565783,3,3384,495.36152846892048,3243.4444661435464,3,3,raw,1040,22112
1,494,1508321278,3,3392,497.56640481313502,3257.8061625327027,3,3,raw,1040,22112
1,495,1509048193,3,3400,499.68787178214836,3271.6245630922353,3,3,raw,1040,22112
1,496,1510511254,3,3408,503.957745956091,3299.4368423009869,3,3,raw,1040,22112
1,497,1510701190,3,3416,504.51206516841501,3303.0474594002012,3,3,raw,1040,22112
1,498,1511839613,3,3424,507.8344987284118,3324.6884834816751,3,3,raw,1040,22112
1,499,1512019735,3,3432,508.36017624695603,3328.1125398645863,3,3,raw,1040,22112
1,500,1512103660,3,3440,508.60510738109753,3329.7079248366381,3,3,raw,1040,22112
1,501,1512264884,3,3448,509.0756319824776,3332.7727368322771,3,3,raw,1040,22112
1,502,1512291756,3,3456,509.15405664064434,3333.2835641777515,3,3,raw,1040,22112
1,503,1513223628,3,3464,511.87368089843017,3350.9981258062944,3,3,raw,1040,22112
1,504,1514585643,3,3472,515.84865711133079,3376.8895558058016,4,3,raw,1040,22112
1,505,1515128648,3,3480,517.43339146336518,3387.2118914238986,4,3,raw,1040,22112
1,506,1518032138,3,3488,525.90708939209196,3442.4062234167673,4,3,raw,1040,22112
1,507,1519107595,3,3496,529.04575966591233,3462.8502858044644,4,3,raw,1040,22112
1,508,1520002068,3,3504,531.65623671505045,3479.8539054899666,4,3,raw,1040,22112
1,509,1520254392,3,3512,532.39263234795021,3484.6504967045971,4,3,raw,1040,22112
1,510,1520455124,3,3520,532.97845917450354,3488.4663419975354,4,3,raw,1040,22112
1,511,1520567683,3,3528,533.30695728028638,3490.6060493203727,4,3,raw,1040,22112
1,512,1521688677,4,3568,536.57852512998272,3511.9157541921008,4,3,linear,432,22112
1,513,1522575122,4,3571.125,539.16557284167811,3528.766764398239,4,3,linear,432,22112
1,514,1522846400,4,3574.25,539.95728482508741,3533.9236645406058,4,3,linear,432,22112
1,515,1523169686,4,3577.375,540.90077969112326,3540.0692186195406,4,4,linear,432,22112
1,516,1523938065,4,3580.5,543.14325737858803,3554.6758353540044,4,4,linear,432,22112
1,517,1524876938,4,3583.625,545.88331372300024,3572.5234835501892,4,4,linear,432,22112
1,518,1525608399,4,3586.75,548.01804797751629,3586.4283019838113,4,4,linear,432,22112
1,519,1526498078,4,3589.875,550.61453396490776,3603.34078940174,4,4,linear,432,22112
1,520,1527246565,4,3593,552.79895779332776,3617.5692661556977,4,4,linear,432,22112
1,521,1528296665,4,3596.125,555.86362486466464,3637.5313008193993,4,4,linear,432,22112
1,522,1529380807,4,3599.25,559.02764189928359,3658.1404620272606,4,4,linear,432,22112
1,523,1529705005,4,3602.375,559.97379839408723,3664.3033529080367,4,4,linear,432,22112
1,524,1530362095,4,3605.5,561.89148441056636,3676.794404576613,4,4,linear,432,22112
1,525,1530362098,4,3608.625,561.89149316592409,3676.7944616055661,4,4,linear,432,22112
1,526,1530362101,4,3611.75,561.89150192128193,3676.7945186345196,4,4,linear,432,22112
1,527,1530362103,4,3614.875,561.89150775818712,3676.7945566538219,4,4,linear,432,22112
1,528,1530362109,4,3618,561.89152526890268,3676.7946707117285,4,4,linear,432,22112
1,529,1530362111,4,3621.125,561.89153110580787,3676.7947087310308,4,4,linear,432,22112
1,530,1530362113,4,3624.25,561.89153694271306,3676.7947467503332,4,4,linear,432,22112
1,531,1530362115,4,3627.375,561.89154277961825,3676.7947847696355,4,4,linear,432,22112
1,532,1530362118,4,3630.5,561.89155153497609,3676.794841798589,4,4,linear,432,22112
1,533,1530362119,4,3633.625,561.89155445342863,3676.7948608082397,4,4,linear,432,22112
1,534,1530362122,4,3636.75,561.89156320878647,3676.7949178371937,4,4,linear,432,22112
1,535,1530362127,4,3639.875,561.89157780104949,3676.7950128854495,4,4,linear,432,22112
1,536,1530362129,4,3643,561.89158363795468,3676.7950509047519,4,4,linear,432,22112
1,537,1530362131,4,3646.125,561.89158947485987,3676.7950889240542,4,4,linear,432,22112
1,538,1530362132,4,3649.25,561.89159239331241,3676.7951079337049,4,4,linear,432,22112
1,539,1530362134,4,3652.375,561.8915982302176,3676.7951459530072,4,4,linear,432,22112
1,540,1530362138,4,3655.5,561.89160990402797,3676.7952219916115,4,4,linear,432,22112
1,541,1530362141,4,3658.625,561.89161865938581,3676.7952790205654,4,4,linear,432,22112
1,542,1530362143,4,3661.75,561.891624496291,3676.7953170398678,4,4,linear,432,22112
1,543,1530362146,4,3664.875,561.89163325164873,3676.7953740688208,4,4,linear,432,22112
1,544,1530362149,4,3668,561.89164200700657,3676.7954310977743,4,4,linear,432,22112
1,545,1530362152,4,3671.125,561.89165076236441,3676.7954881267283,4,4,linear,432,22112
1,546,1530362155,4,3674.25,561.89165951772213,3676.7955451556813,4,4,linear,432,22112
1,547,1530362158,4,3677.375,561.89166827307997,3676.7956021846348,4,4,linear,432,22112
1,548,1530362159,4,3680.5,561.89167119153251,3676.7956211942856,4,4,linear,432,22112
1,549,1530362160,4,3683.625,561.89167410998516,3676.7956402039372,4,4,linear,432,22112
1,550,1530362163,4,3686.75,561.89168286534289,3676.7956972328902,4,4,linear,432,22112
1,551,1530362166,4,3689.875,561.89169162070073,3676.7957542618437,4,4,linear,432,22112
1,552,1530362167,4,3693,561.89169453915326,3676.7957732714949,4,4,linear,432,22112
1,553,1530362168,4,3696.125,561.89169745760591,3676.7957922811461,4,4,linear,432,22112
1,554,1530362170,4,3699.25,561.8917032945111,3676.7958303004484,4,4,linear,432,22112
1,555,1530362171,4,3702.375,561.89170621296364,3676.7958493100991,4,4,linear,432,22112
1,556,1530362173,4,3705.5,561.89171204986894,3676.7958873294019,4,4,linear,432,22112
1,557,1530362176,4,3708.625,561.89172080522667,3676.7959443583554,4,4,linear,432,22112
1,558,1530362179,4,3711.75,561.89172956058451,3676.7960013873089,4,4,linear,432,22112
1,559,1530362180,4,3714.875,561.89173247903705,3676.7960203969596,4,4,linear,432,22112
1,560,1530362183,4,3718,561.89174123439489,3676.7960774259136,4,4,linear,432,22112
1,561,1530362186,4,3721.125,561.89174998975261,3676.7961344548667,4,4,linear,432,22112
1,562,1530362187,4,3724.25,561.89175290820526,3676.7961534645178,4,4,linear,432,22112
1,563,1530362190,4,3727.375,561.89176166356299,3676.7962104934709,4,4,linear,432,22112
1,564,1530362192,4,3730.5,561.89176750046818,3676.7962485127732,4,4,linear,432,22112
1,565,1530362197,4,3733.625,561.89178209273121,3676.7963435610291,4,4,linear,432,22112
1,566,1530362200,4,3736.75,561.89179084808904,3676.796400589983,4,4,linear,432,22112
1,567,1530362202,4,3739.875,561.89179668499423,3676.7964386092854,4,4,linear,432,22112
1,568,1530362205,4,3743,561.89180544035196,3676.7964956382384,4,4,linear,432,22112
1,569,1530362209,4,3746.125,561.89181711416234,3676.7965716768426,4,4,linear,432,22112
1,570,1530362212,4,3749.25,561.89182586952018,3676.7966287057966,4,4,linear,432,22112
1,571,1530362215,4,3752.375,561.8918346248779,3676.7966857347496,4,4,linear,432,22112
1,572,1530362220,4,3755.5,561.89184921714093,3676.7967807830055,4,4,linear,432,22112
1,573,1530362223,4,3758.625,561.89185797249877,3676.796837811959,4,4,linear,432,22112
1,574,1530362225,4,3761.75,561.89186380940396,3676.7968758312613,4,4,linear,432,22112
1,575,1530362226,4,3764.875,561.8918667278565,3676.7968948409125,4,4,linear,432,22112
1,576,1530362232,4,3768,561.89188423857206,3676.7970088988191,4,4,linear,432,22112
1,577,1530362240,4,3771.125,561.89190758619281,3676.797160976028,4,4,linear,432,22112
1,578,1530362241,4,3774.25,561.89191050464547,3676.7971799856796,4,4,linear,432,22112
1,579,1530362242,4,3777.375,561.891913423098,3676.7971989953303,4,4,linear,432,22112
1,580,1530362244,4,3780.5,561.89191926000319,3676.7972370146326,4,4,linear,432,22112
1,581,1530362246,4,3783.625,561.89192509690838,3676.797275033935,4,4,linear,432,22112
1,582,1530362248,4,3786.75,561.89193093381368,3676.7973130532378,4,4,linear,432,22112
1,583,1530362253,4,3789.875,561.8919455260766,3676.7974081014931,4,4,linear,432,22112
1,584,1530362259,4,3793,561.89196303679216,3676.7975221593997,4,4,linear,432,22112
1,585,1530362261,4,3796.125,561.89196887369735,3676.797560178702,4,4,linear,432,22112
1,586,1530362263,4,3799.25,561.89197471060254,3676.7975981980044,4,4,linear,432,22112
1,587,1530362268,4,3802.375,561.89198930286557,3676.7976932462602,4,4,linear,432,22112
1,588,1530362269,4,3805.5,561.89199222131811,3676.7977122559109,4,4,linear,432,22112
1,589,1530362270,4,3808.625,561.89199513977076,3676.7977312655626,4,4,linear,432,22112
1,590,1530362271,4,3811.75,561.89199805822341,3676.7977502752142,4,4,linear,432,22112
1,591,1530362274,4,3814.875,561.89200681358113,3676.7978073041672,4,4,linear,432,22112
1,592,1530362276,4,3818,561.89201265048632,3676.7978453234696,4,4,linear,432,22112
1,593,1530362280,4,3821.125,561.8920243242967,3676.7979213620738,4,4,linear,432,22112
1,594,1530362283,4,3824.25,561.89203307965454,3676.7979783910278,4,4,linear,432,22112
1,595,1530362286,4,3827.375,561.89204183501226,3676.7980354199808,4,4,linear,432,22112
1,596,1530362287,4,3830.5,561.89204475346492,3676.798054429632,4,4,linear,432,22112
1,597,1530362290,4,3833.625,561.89205350882264,3676.798111458585,4,4,linear,432,22112
1,598,1530362293,4,3836.75,561.89206226418048,3676.798168487539,4,4,linear,432,22112
1,599,1530362295,4,3839.875,561.89206810108567,3676.7982065068413,4,4,linear,432,22112
1,600,1530362297,4,3843,561.89207393799086,3676.7982445261432,4,4,linear,432,22112
1,601,1530362298,4,3846.125,561.8920768564434,3676.7982635357948,4,4,linear,432,22112
1,602,1530362299,4,3849.25,561.89207977489605,3676.7982825454455,4,4,linear,432,22112
1,603,1530362305,4,3852.375,561.89209728561161,3676.7983966033526,4,4,linear,432,22112
1,604,1530362306,4,3855.5,561.89210020406426,3676.7984156130037,4,4,linear,432,22112
1,605,1530362309,4,3858.625,561.89210895942199,3676.7984726419568,4,4,linear,432,22112
1,606,1530362312,4,3861.75,561.89211771477983,3676.7985296709107,4,4,linear,432,22112
1,607,1530362319,4,3864.875,561.89213814394793,3676.798662738468,4,4,linear,432,22112
1,608,1530362325,4,3868,561.8921556546635,3676.7987767963755,4,4,linear,432,22112
1,609,1530362327,4,3871.125,561.89216149156869,3676.7988148156778,4,4,linear,432,22112
1,610,1530362329,4,3874.25,561.89216732847387,3676.7988528349802,4,4,linear,432,22112
1,611,1530362331,4,3877.375,561.89217316537906,3676.7988908542825,4,4,linear,432,22112
1,612,1530362332,4,3880.5,561.89217608383171,3676.7989098639332,4,4,linear,432,22112
1,613,1530362335,4,3883.625,561.89218483918944,3676.7989668928867,4,4,linear,432,22112
1,614,1530362337,4,3886.75,561.89219067609463,3676.799004912189,4,4,linear,432,22112
1,615,1530362338,4,3889.875,561.89219359454728,3676.7990239218398,4,4,linear,432,22112
1,616,1530362339,4,3893,561.89219651299982,3676.7990429314914,4,4,linear,432,22112
1,617,1530362342,4,3896.125,561.89220526835766,3676.7990999604444,4,4,linear,432,22112
1,618,1530362344,4,3899.25,561.89221110526285,3676.7991379797468,4,4,linear,432,22112
1,619,1530362346,4,3902.375,561.89221694216803,3676.7991759990496,4,4,linear,432,22112
1,620,1531136720,4,3905.5,564.15219075294738,3691.5197555921068,4,4,linear,432,22112
1,621,1532110694,4,3908.625,566.99468770194107,3710.0346615530098,4,4,linear,432,22112
1,622,1532724490,4,3911.75,568.78602223171765,3721.7027093850652,4,4,linear,432,22112
1,623,1534186559,4,3914.875,573.05300130068485,3749.4961310198846,4,4,linear,432,22112
1,624,1534871256,4,3918,575.0512570379891,3762.5119821275248,4,4,linear,432,22112
1,625,1535182996,4,3921.125,575.96105545034845,3768.4380507743799,4,4,linear,432,22112
1,626,1536119698,4,3924.25,578.69477583417415,3786.2444290179365,4,4,linear,432,22112
1,627,1536543181,4,3927.375,579.93069089499784,3794.2946931122974,4,4,linear,432,22112
1,628,1537166094,4,3930.5,581.74863295709451,3806.13605193381,4,4,linear,432,22112
1,629,1538414404,4,3933.625,585.39176651753689,3829.865989550271,4,4,linear,432,22112
1,630,1538479273,4,3936.75,585.58108361900395,3831.0991266101696,4,4,linear,432,22112
1,631,1539351277,4,3939.875,588.12598595675672,3847.6756184441733,4,4,linear,432,22112
1,632,1539786492,4,3943,589.39614030343978,3855.9489037657263,4,4,linear,432,22112
1,633,1539931822,4,3946.125,589.82027901925483,3858.7115763661222,4,4,linear,432,22112
1,634,1541480689,4,3949.25,594.34057393667251,3888.1549977007226,4,4,linear,432,22112
1,635,1542409509,4,3952.375,597.05129107713447,3905.8115418739817,4,4,linear,432,22112
1,636,1543002281,4,3955.5,598.78126805952718,3917.0799308004384,4,4,linear,432,22112
1,637,1543619497,4,3958.625,600.58258369718294,3928.8129916393982,4,4,linear,432,22112
1,638,1544163118,4,3961.75,602.16911581601653,3939.1470372025979,4,4,linear,432,22112
1,639,1544573224,4,3964.875,603.36599073646005,3946.9430091936392,4,4,linear,432,22112
1,640,1544961741,5,3984,604.49985918380276,3954.3285818261857,4,4,raw,1040,22112
1,641,1545587110,5,3992,606.32496896547582,3966.2166283509018,4,4,raw,1040,22112
1,642,1546115012,5,4000,607.86562592794883,3976.2518612078088,4,5,raw,1040,22112
1,643,1547094150,5,4008,610.72319376614973,3994.8649330072067,4,5,raw,1040,22112
1,644,1547417981,5,4016,611.66827918885053,4001.0208473460139,4,5,raw,1040,22112
1,645,1548269962,5,4024,614.15474535026806,4017.2167089352101,4,5,raw,1040,22112
1,646,1548848392,5,4032,615.84286588552516,4028.2124614449949,4,5,raw,1040,22112
1,647,1549749402,5,4040,618.47242085928508,4045.3403472200089,4,5,raw,1040,22112
1,648,1550723069,5,4048,621.31402184333172,4063.8494172180112,4,5,raw,1040,22112
1,649,1551430105,5,4056,623.37747289318384,4077.2899249225015,4,5,raw,1040,22112
1,650,1552271332,5,4064,625.83255401538133,4093.2813567233225,4,5,raw,1040,22112
1,651,1553565220,5,4072,629.60870480825622,4117.8777162195111,4,5,raw,1040,22112
1,652,1554082843,5,4080,631.11936299649221,4127.7175488723342,4,5,raw,1040,22112
1,653,1554332701,5,4088,631.84856172528953,4132.4672622872504,4,5,raw,1040,22112
1,654,1555988256,5,4096,636.68022051329751,4163.9387852828359,4,5,raw,1040,22112
1,655,1556651064,5,4104,638.6145942417221,4176.53853413664,4,5,raw,1040,22112
1,656,1558057045,5,4112,642.71788314147011,4203.2657424582339,5,5,raw,1040,22112
1,657,1558842912,5,4120,645.0113987279384,4218.2047999718607,5,5,raw,1040,22112
1,658,1558960849,5,4128,645.35559227178396,4220.446741198537,5,5,raw,1040,22112
1,659,1559684612,5,4136,647.46786027821383,4234.2052233376717,5,5,raw,1040,22112
1,660,1560710462,5,4144,650.4617548740913,4253.706273961192,5,5,raw,1040,22112
1,661,1561203706,5,4152,651.90126410648304,4263.0826703288358,5,5,raw,1040,22112
1,662,1561933247,5,4160,654.03039493201413,4276.9509902322661,5,5,raw,1040,22112
1,663,1563579835,5,4168,658.83588395559138,4308.2520536860657,5,5,raw,1040,22112
1,664,1564372836,5,4176,661.15021978288132,4323.3267260509356,5,5,raw,1040,22112
1,665,1565099782,5,4184,663.27177722392514,4337.1457159096535,5,5,raw,1040,22112
1,666,1566172818,5,4192,666.40338192400998,4357.5437559319371,5,5,raw,1040,22112
1,667,1566604423,5,4200,667.6630006568206,4365.74841641287,5,5,raw,1040,22112
1,668,1566807163,5,4208,668.25468773618718,4369.6024330852997,5,5,raw,1040,22112
1,669,1569040581,5,4216,674.77281229683001,4412.0589301184737,5,5,raw,1040,22112
1,670,1569416436,5,4224,675.86972729739887,4419.2038025482661,5,5,raw,1040,22112
1,671,1570809520,5,4232,679.93537691401275,4445.6858433990892,5,5,raw,1040,22112
1,672,1570885219,5,4240,680.15630085709745,4447.1248549808506,5,5,raw,1040,22112
1,673,1571303170,5,4248,681.37607103815867,4455.0699576850966,5,5,raw,1040,22112
1,674,1571630942,5,4256,682.33265808254123,4461.3007890590525,5,5,raw,1040,22112
1,675,1571726372,5,4264,682.61116601380274,4463.1148800674864,5,5,raw,1040,22112
1,676,1572077224,5,4272,683.63511094410717,4469.7844541897884,5,5,raw,1040,22112
1,677,1572381714,5,4280,684.52375057514359,4475.5727028658675,5,5,raw,1040,22112
1,678,1572914097,5,4288,686.07748512370051,4485.6931179695393,5,5,raw,1040,22112
1,679,1573312732,5,4296,687.24088247441227,4493.2710302523365,5,5,raw,1040,22112
1,680,1575001117,5,4304,692.16835406115547,4525.3666400948978,5,5,raw,1040,22112
1,681,1575160674,5,4312,692.63401360205762,4528.399763002084,5,5,raw,1040,22112
1,682,1575490896,5,4320,693.59775085530123,4534.6771680213369,5,5,raw,1040,22112
1,683,1575902791,5,4328,694.79984688743934,4542.5071482782696,5,5,raw,1040,22112
1,684,1576135980,5,4336,695.4803979299096,4546.9399898183074,5,5,raw,1040,22112
1,685,1576206486,5,4344,695.6861663486618,4548.2802842816909,5,5,raw,1040,22112
1,686,1576950579,5,4352,697.85776649637364,4562.4252326285323,5,5,raw,1040,22112
1,687,1577945273,5,4360,700.76073378316198,4581.3340185610878,5,5,raw,1040,22112
1,688,1577954824,5,4368,700.7886079239089,4581.5155797391399,5,5,raw,1040,22112
1,689,1578613369,5,4376,702.71054028891558,4594.0342904501276,5,5,raw,1040,22112
1,690,1579606078,5,4384,705.6077144473004,4612.9053422251664,5,5,raw,1040,22112
1,691,1579975516,5,4392,706.68590173755888,4619.9282297235841,5,5,raw,1040,22112
1,692,1580559502,5,4400,708.39023719544082,4631.0295998551119,5,5,raw,1040,22112
1,693,1580758886,5,4408,708.97212994789436,4634.8198201383111,5,5,raw,1040,22112
1,694,1581371773,5,4416,710.76081160426088,4646.4705881974787,5,5,raw,1040,22112
1,695,1581467571,5,4424,711.04039352607776,4648.2916747575337,5,5,raw,1040,22112
1,696,1582105883,5,4432,712.90327683970429,4660.4257631969749,5,5,raw,1040,22112
1,697,1582498984,5,4440,714.05052347374829,4667.8984760703543,5,5,raw,1040,22112
1,698,1582576820,5,4448,714.27768415003106,4669.3781112766046,5,5,raw,1040,22112
1,699,1583432121,5,4456,716.77383957406835,4685.6370849075911,5,5,raw,1040,22112
1,700,1583878386,5,4464,718.07624282194013,4694.1204268742586,5,5,raw,1040,22112
1,701,1584331775,5,4472,719.39943712610773,4702.7391935956575,5,5,raw,1040,22112
1,702,1584996495,5,4480,721.33939093589629,4715.3752889024427,5,5,raw,1040,22112
1,703,1585012699,5,4488,721.38668154176617,4715.6833212895399,5,5,raw,1040,22112
1,704,1585523423,5,4496,722.87720532554056,4725.3920063591377,5,5,raw,1040,22112
1,705,1586231561,5,4504,724.94387251015382,4738.8534626991859,5,5,raw,1040,22112
1,706,1586513865,5,4512,725.76776335188958,4744.2199632550391,5,5,raw,1040,22112
1,707,1587512111,5,4520,728.68109698229989,4763.1962714684496,5,5,raw,1040,22112
1,708,1588683899,5,4528,732.10090471317085,4785.4715525602596,5,5,raw,1040,22112
1,709,1589067776,5,4536,733.22123154046687,4792.7689204115095,5,5,raw,1040,22112
1,710,1590039441,5,4544,736.05698978241583,4811.2399330879271,5,5,raw,1040,22112
1,711,1590524203,5,4552,737.47174469988613,4820.4550895945886,5,5,raw,1040,22112
1,712,1591825189,5,4560,741.26861066928927,4845.1863795945801,5,5,raw,1040,22112
1,713,1592314966,5,4568,742.69800162652973,4854.496869501716,5,5,raw,1040,22112
1,714,1592962399,5,4576,744.58750414628673,4866.8043449692186,5,5,raw,1040,22112
1,715,1594482563,5,4584,749.02403071883396,4895.7021322871051,5,5,raw,1040,22112
1,716,1595357701,5,4592,751.57807948702327,4912.3382003677852,5,5,raw,1040,22112
1,717,1595357705,5,4600,751.57809116083365,4912.3382764063899,5,5,raw,1040,22112
1,718,1595357706,5,4608,751.57809407928619,4912.3382954160406,5,5,raw,1040,22112
1,719,1595357707,5,4616,751.57809699773884,4912.3383144256923,5,5,raw,1040,22112
1,720,1595357709,5,4624,751.57810283464403,4912.3383524449946,5,5,raw,1040,22112
1,721,1595357712,5,4632,751.57811159000175,4912.3384094739476,5,5,raw,1040,22112
1,722,1595357716,5,4640,751.57812326381224,4912.3384855125523,5,5,raw,1040,22112
1,723,1595357718,5,4648,751.57812910071743,4912.3385235318547,5,5,raw,1040,22112
1,724,1595357720,5,4656,751.57813493762262,4912.338561551157,5,5,raw,1040,22112
1,725,1595357723,5,4664,751.57814369298035,4912.3386185801101,5,5,raw,1040,22112
1,726,1595357725,5,4672,751.57814952988554,4912.3386565994124,5,5,raw,1040,22112
1,727,1595357726,5,4680,751.57815244833819,4912.338675609064,5,5,raw,1040,22112
1,728,1595357734,5,4688,751.57817579595894,4912.3388276862734,5,5,raw,1040,22112
1,729,1595357736,5,4696,751.57818163286413,4912.3388657055757,5,5,raw,1040,22112
1,730,1595357741,5,4704,751.57819622512716,4912.3389607538311,5,5,raw,1040,22112
1,731,1595357743,5,4712,751.57820206203235,4912.3389987731334,5,5,raw,1040,22112
1,732,1595357751,5,4720,751.5782254096531,4912.3391508503428,5,5,raw,1040,22112
1,733,1595357752,5,4728,751.57822832810564,4912.3391698599935,5,5,raw,1040,22112
1,734,1595357753,5,4736,751.57823124655829,4912.3391888696451,5,5,raw,1040,22112
1,735,1595357756,5,4744,751.57824000191601,4912.3392458985982,5,5,raw,1040,22112
1,736,1595357758,5,4752,751.5782458388212,4912.3392839179005,5,5,raw,1040,22112
1,737,1595357759,5,4760,751.57824875727385,4912.3393029275512,5,5,raw,1040,22112
1,738,1595357761,5,4768,751.57825459417904,4912.3393409468536,5,5,raw,1040,22112
1,739,1595357762,5,4776,751.57825751263158,4912.3393599565043,5,5,raw,1040,22112
1,740,1595357765,5,4784,751.57826626798942,4912.3394169854582,5,5,raw,1040,22112
1,741,1595357767,5,4792,751.57827210489461,4912.3394550047606,5,5,raw,1040,22112
1,742,1595357769,5,4800,751.5782779417998,4912.3394930240629,5,5,raw,1040,22112
1,743,1595357771,5,4808,751.57828377870499,4912.3395310433652,5,5,raw,1040,22112
1,744,1595357774,5,4816,751.57829253406283,4912.3395880723192,5,5,raw,1040,22112
1,745,1595357777,5,4824,751.57830128942055,4912.3396451012723,5,5,raw,1040,22112
1,746,1595357778,5,4832,751.5783042078732,4912.339664110923,5,5,raw,1040,22112
1,747,1595357779,5,4840,751.57830712632574,4912.3396831205746,5,5,raw,1040,22112
1,748,1595357780,5,4848,751.57831004477839,4912.3397021302253,5,5,raw,1040,22112
1,749,1595357783,5,4856,751.57831880013612,4912.3397591591784,5,5,raw,1040,22112
1,750,1595357784,5,4864,751.57832171858877,4912.33977816883,5,5,raw,1040,22112
1,751,1595357786,5,4872,751.57832755549396,4912.3398161881323,5,5,raw,1040,22112
1,752,1595357788,5,4880,751.57833339239914,4912.3398542074347,5,5,raw,1040,22112
1,753,1595357791,5,4888,751.57834214775698,4912.3399112363886,5,5,raw,1040,22112
1,754,1595357793,5,4896,751.57834798466217,4912.339949255691,5,5,raw,1040,22112
1,755,1595357796,5,4904,751.5783567400199,4912.340006284644,5,5,raw,1040,22112
1,756,1595357801,5,4912,751.57837133228293,4912.3401013328994,5,5,raw,1040,22112
1,757,1595357807,5,4920,751.57838884299849,4912.3402153908064,5,5,raw,1040,22112
1,758,1595357810,5,4928,751.57839759835622,4912.3402724197595,5,5,raw,1040,22112
1,759,1595357812,5,4936,751.57840343526141,4912.3403104390618,5,5,raw,1040,22112
1,760,1595357814,5,4944,751.5784092721666,4912.3403484583641,5,5,raw,1040,22112
1,761,1595357817,5,4952,751.57841802752444,4912.3404054873181,5,5,raw,1040,22112
1,762,1595357824,5,4960,751.57843845669265,4912.3405385548758,5,5,raw,1040,22112
1,763,1595357826,5,4968,751.57844429359784,4912.3405765741782,5,5,raw,1040,22112
1,764,1595357829,5,4976,751.57845304895557,4912.3406336031312,5,5,raw,1040,22112
1,765,1595357832,5,4984,751.57846180431341,4912.3406906320852,5,5,raw,1040,22112
1,766,1595357833,5,4992,751.57846472276594,4912.3407096417359,5,5,raw,1040,22112
1,767,1595357835,5,5000,751.57847055967113,4912.3407476610382,5,5,raw,1040,22112
1,768,1595357838,6,5024,751.57847931502897,4912.3408046899922,5,5,raw,1040,22112
1,769,1595357839,6,5032,751.57848223348151,4912.3408236996429,5,5,raw,1040,22112
1,770,1595357845,6,5040,751.57849974419719,4912.3409377575499,5,5,raw,1040,22112
1,771,1595357846,6,5048,751.57850266264973,4912.3409567672006,5,5,raw,1040,22112
1,772,1595357849,6,5056,751.57851141800757,4912.3410137961546,5,5,raw,1040,22112
1,773,1595357850,6,5064,751.5785143364601,4912.3410328058053,5,5,raw,1040,22112
1,774,1595357854,6,5072,751.57852601027048,4912.34110884441,5,5,raw,1040,22112
1,775,1595357857,6,5080,751.57853476562832,4912.3411658733639,5,5,raw,1040,22112
1,776,1595357858,6,5088,751.57853768408086,4912.3411848830146,5,5,raw,1040,22112
1,777,1595357859,6,5096,751.57854060253351,4912.3412038926654,5,5,raw,1040,22112
1,778,1595357862,6,5104,751.57854935789123,4912.3412609216184,5,5,raw,1040,22112
1,779,1595357865,6,5112,751.57855811324907,4912.3413179505724,5,5,raw,1040,22112
1,780,1595357868,6,5120,751.57856686860691,4912.3413749795263,5,5,raw,1040,22112
1,781,1595357874,6,5128,751.57858437932248,4912.3414890374333,5,5,raw,1040,22112
1,782,1595357876,6,5136,751.57859021622767,4912.3415270567357,5,5,raw,1040,22112
1,783,1595357881,6,5144,751.57860480849058,4912.3416221049902,5,5,raw,1040,22112
1,784,1595357884,6,5152,751.57861356384842,4912.3416791339441,5,5,raw,1040,22112
1,785,1595357886,6,5160,751.57861940075361,4912.3417171532465,5,5,raw,1040,22112
1,786,1595357888,6,5168,751.5786252376588,4912.3417551725488,5,5,raw,1040,22112
1,787,1595357891,6,5176,751.57863399301664,4912.3418122015028,5,5,raw,1040,22112
1,788,1595357893,6,5184,751.57863982992183,4912.3418502208051,5,5,raw,1040,22112
1,789,1595357894,6,5192,751.57864274837436,4912.3418692304558,5,5,raw,1040,22112
1,790,1595357896,6,5200,751.57864858527955,4912.3419072497582,5,5,raw,1040,22112
1,791,1595357898,6,5208,751.57865442218474,4912.3419452690605,5,5,raw,1040,22112
1,792,1595357901,6,5216,751.57866317754258,4912.3420022980135,5,5,raw,1040,22112
1,793,1595357907,6,5224,751.57868068825815,4912.3421163559206,5,5,raw,1040,22112
1,794,1595357908,6,5232,751.57868360671068,4912.3421353655713,5,5,raw,1040,22112
1,795,1595357910,6,5240,751.57868944361587,4912.3421733848736,5,5,raw,1040,22112
1,796,1595357912,6,5248,751.57869528052106,4912.3422114041759,5,5,raw,1040,22112
1,797,1595357915,6,5256,751.5787040358789,4912.3422684331299,5,5,raw,1040,22112
1,798,1595357918,6,5264,751.57871279123674,4912.342325462083,5,5,raw,1040,22112
1,799,1595357922,6,5272,751.57872446504712,4912.3424015006876,5,5,raw,1040,22112
1,800,1595357926,6,5280,751.57873613885749,4912.3424775392923,5,5,raw,1040,22112
1,801,1595357929,6,5288,751.57874489421522,4912.3425345682454,5,5,raw,1040,22112
1,802,1595357930,6,5296,751.57874781266787,4912.342553577897,5,5,raw,1040,22112
1,803,1595357932,6,5304,751.57875364957306,4912.3425915971993,5,5,raw,1040,22112
1,804,1595357933,6,5312,751.5787565680256,4912.34261060685,5,5,raw,1040,22112
1,805,1595357936,6,5320,751.57876532338344,4912.342667635804,5,5,raw,1040,22112
1,806,1595357938,6,5328,751.57877116028862,4912.3427056551063,5,5,raw,1040,22112
1,807,1595357942,6,5336,751.578782834099,4912.3427816937101,5,5,raw,1040,22112
1,808,1595357944,6,5344,751.57878867100419,4912.3428197130124,5,5,raw,1040,22112
1,809,1595357947,6,5352,751.57879742636203,4912.3428767419664,5,5,raw,1040,22112
1,810,1595357950,6,5360,751.57880618171976,4912.3429337709194,5,5,raw,1040,22112
1,811,1595357956,6,5368,751.57882369243532,4912.3430478288265,5,5,raw,1040,22112
1,812,1596207948,6,5376,754.05948505163894,4928.5010992219022,5,5,raw,1040,22112
1,813,1599775930,6,5384,764.47247138296245,4996.3271923210968,5,5,raw,1040,22112
1,814,1599881864,6,5392,764.78163474029509,4998.3409607051226,5,5,raw,1040,22112
1,815,1600777070,6,5400,767.39425101518634,5015.3585144649105,5,6,raw,1040,22112
1,816,1601281026,6,5408,768.86502271178915,5024.9385422155829,6,6,raw,1040,22112
1,817,1601755416,6,5416,770.24950743893089,5033.956530620605,6,6,raw,1040,22112
1,818,1602502297,6,5424,772.42924423248121,5048.1544778748284,6,6,raw,1040,22112
1,819,1603178272,6,5432,774.40204522624083,5061.0045268052118,6,6,raw,1040,22112
1,820,1604570578,6,5440,778.4654242867349,5087.4717781474465,6,6,raw,1040,22112
1,821,1605490035,6,5448,781.148815955538,5104.9503349570668,6,6,raw,1040,22112
1,822,1605649943,6,5456,781.61549987330147,5107.9901302518047,6,6,raw,1040,22112
1,823,1606484460,6,5464,784.05099817857797,5123.8540072934657,6,6,raw,1040,22112
1,824,1606568680,6,5472,784.29679025623523,5125.4550001126036,6,6,raw,1040,22112
1,825,1607095292,6,5480,785.83368241485914,5135.4657105195383,6,6,raw,1040,22112
1,826,1607809287,6,5488,787.91744297632874,5149.0385063863223,6,6,raw,1040,22112
1,827,1607918523,6,5496,788.2362430641341,5151.1150446384154,6,6,raw,1040,22112
1,828,1608581165,6,5504,790.17013232942782,5163.7116378901301,6,6,raw,1040,22112
1,829,1608745348,6,5512,790.64929263204021,5166.8326994434965,6,6,raw,1040,22112
1,830,1609080744,6,5520,791.62812995901686,5173.2084603977555,6,6,raw,1040,22112
1,831,1609581081,6,5528,793.08833977567383,5182.7196922209459,6,6,raw,1040,22112
1,832,1609717169,6,5536,793.48550615259421,5185.3066776254918,6,6,raw,1040,22112
1,833,1609827192,6,5544,793.8066030625929,5187.3981764730352,6,6,raw,1040,22112
1,834,1611133037,6,5552,797.61764979316138,5212.2218343679224,6,6,raw,1040,22112
1,835,1611983940,6,5560,800.10096986268036,5228.3972035531888,6,6,raw,1040,22112
1,836,1612611948,6,5568,801.93378144075484,5240.3354165472674,6,6,raw,1040,22112
1,837,1612913630,6,5576,802.81422605690102,5246.0702861229411,6,6,raw,1040,22112
1,838,1614582797,6,5584,807.68561082164933,5277.8005684898653,6,6,raw,1040,22112
1,839,1614807311,6,5592,808.34084428784695,5282.0685013062512,6,6,raw,1040,22112
1,840,1616264960,6,5600,812.59492379633866,5309.7779002830248,6,6,raw,1040,22112
1,841,1617981103,6,5608,817.6034057902491,5342.4011800219732,6,6,raw,1040,22112
1,842,1619364221,6,5616,821.63997010828871,5368.6937706895196,6,6,raw,1040,22112
1,843,1620340052,6,5624,824.48788662375375,5387.2439775725925,6,6,raw,1040,22112
1,844,1620901504,6,5632,826.12645767083131,5397.9169842252959,6,6,raw,1040,22112
1,845,1621580520,6,5640,828.10813367893616,5410.824841504801,6,6,raw,1040,22112
1,846,1622122540,6,5648,829.68999335516321,5421.1284526165236,6,6,raw,1040,22112
1,847,1622694889,6,5656,831.3603667801824,5432.0086074377168,6,6,raw,1040,22112
1,848,1623050687,6,5664,832.39874637702792,5438.7722032945649,6,6,raw,1040,22112
1,849,1623254812,6,5672,832.99447551324033,5442.6525483338255,6,6,raw,1040,22112
1,850,1624926650,6,5680,837.87365546487331,5474.4336054789492,6,6,raw,1040,22112
1,851,1625650442,6,5688,839.98600810642847,5488.1926388979664,6,6,raw,1040,22112
1,852,1626199579,6,5696,841.58863840978313,5498.6315416968628,6,6,raw,1040,22112
1,853,1626710129,6,5704,843.07865438280578,5508.3369190871617,6,6,raw,1040,22112
1,854,1627981411,6,5712,846.7888306362895,5532.5035464096454,6,6,raw,1040,22112
1,855,1629201582,6,5720,850.3498418591256,5555.6985714526354,6,6,raw,1040,22112
1,856,1629866584,6,5728,852.29061867254643,5568.3400274810438,6,6,raw,1040,22112
1,857,1630491162,6,5736,854.1134199582159,5580.2130373717073,6,6,raw,1040,22112
1,858,1631050353,6,5744,855.74539238397335,5590.8430632031805,6,6,raw,1040,22112
1,859,1631079475,6,5752,855.83038356048189,5591.3966622637245,6,6,raw,1040,22112
1,860,1632808513,6,5760,860.87649900062104,5624.2650714541414,6,6,raw,1040,22112
1,861,1633410154,6,5768,862.63235973909002,5635.7020569765727,6,6,raw,1040,22112
1,862,1634883603,6,5776,866.93255079860262,5663.7118084413814,6,6,raw,1040,22112
1,863,1635690409,6,5784,869.28717586398398,5679.0489090402598,6,6,raw,1040,22112
1,864,1636324817,6,5792,871.13866553867479,5691.1087838016456,6,6,raw,1040,22112
1,865,1637110894,6,5800,873.43279400018832,5706.0518333420114,6,6,raw,1040,22112
1,866,1637418660,6,5808,874.33099448193013,5711.9023576352301,6,6,raw,1040,22112
1,867,1637661671,6,5816,875.04021056580086,5716.5219119687799,6,6,raw,1040,22112
1,868,1638127047,6,5824,876.39838836123977,5725.3685473784126,6,6,raw,1040,22112
1,869,1639649940,6,5832,880.84287939092223,5754.3182120342635,6,6,raw,1040,22112
1,870,1640228839,6,5840,882.53236868044689,5765.3228800704337,6,6,raw,1040,22112
1,871,1640410754,6,5848,883.06327898449626,5768.7810207578423,6,6,raw,1040,22112
1,872,1641161941,6,5856,885.25558263492599,5783.060823569881,6,6,raw,1040,22112
1,873,1641331293,6,5864,885.74982841900862,5786.2801460099981,6,6,raw,1040,22112
1,874,1642136200,6,5872,888.09891134290979,5801.5811472813593,6,6,raw,1040,22112
1,875,1642433264,6,5880,888.96587854496636,5807.2282302880612,6,6,raw,1040,22112
1,876,1643686267,6,5888,892.62270840344297,5831.0473801973294,6,6,raw,1040,22112
1,877,1644345559,6,5896,894.5468208525391,5843.5802911177188,6,6,raw,1040,22112
1,878,1645217501,6,5904,897.0915422462308,5860.1556043533519,7,6,raw,1040,22112
1,879,1645931809,6,5912,899.17621628336303,5873.7343502409431,7,6,raw,1040,22112
1,880,1646453740,6,5920,900.69944716538384,5883.6560764708838,7,6,raw,1040,22112
1,881,1647986253,6,5928,905.17201370904229,5912.7886139707161,7,6,raw,1040,22112
1,882,1648132925,6,5936,905.60006898824145,5915.5767975229437,7,6,raw,1040,22112
1,883,1648493407,6,5944,906.6521186170479,5922.4294345857379,7,6,raw,1040,22112
1,884,1649441938,6,5952,909.42036137663479,5940.460677992648,7,6,raw,1040,22112
1,885,1649907215,6,5960,910.7782502452668,5949.3054314468172,7,6,raw,1040,22112
1,886,1650874872,6,5968,913.60231132920978,5967.7002534414587,7,6,raw,1040,22112
1,887,1650946648,6,5976,913.81178618275942,5969.0646901617929,7,6,raw,1040,22112
1,888,1650977829,6,5984,913.90278645316346,5969.6574300940365,7,6,raw,1040,22112
1,889,1651061615,6,5992,914.14731192239401,5971.2501727245781,7,6,raw,1040,22112
1,890,1652427994,6,6000,918.13502426242485,5997.224560841667,7,6,raw,1040,22112
1,891,1652504628,6,6008,918.35867695868694,5998.6813464472461,7,6,raw,1040,22112
1,892,1652594526,6,6016,918.62104001018588,6000.3902760655656,7,6,raw,1040,22112
1,893,1653557368,6,6024,921.4310487448779,6018.6935665899609,7,6,raw,1040,22112
1,894,1654363718,6,6032,923.78434299587536,6034.0219987879191,7,6,raw,1040,22112
1,895,1655293015,6,6040,926.49645223822574,6051.6876105647725,7,7,raw,1040,22112
1,896,1655871611,7,6064,928.18505723661383,6062.6865186766472,7,7,for,416,22112
1,897,1656794057,7,6067.125,930.87717216022736,6080.2218953335314,7,7,for,416,22112
1,898,1657914134,7,6070.25,934.14606378889289,6101.5141683551619,7,7,for,416,22112
1,899,1658838987,7,6073.375,936.84520342790563,6119.0953012423442,7,7,for,416,22112
1,900,1659479800,7,6076.5,938.71538579147546,6131.2769328192899,7,7,for,416,22112
1,901,1660399305,7,6079.625,941.39891754600319,6148.7564020921654,7,7,for,416,22112
1,902,1660770294,7,6082.75,942.48163135623849,6155.8087735595027,7,7,for,416,22112
1,903,1661729649,7,6085.875,945.28146344672746,6174.0457774303686,7,7,for,416,22112
1,904,1662464329,7,6089,947.42559220015073,6188.0117879310146,7,7,for,416,22112
1,905,1662984122,7,6092.125,948.9425834305207,6197.8928715268148,7,7,for,416,22112
1,906,1663216569,7,6095.25,949.62096898116442,6202.3116079057063,7,7,for,416,22112
1,907,1663216573,7,6098.375,949.6209806549748,6202.3116839443101,7,7,for,416,22112
1,908,1663216575,7,6101.5,949.6209864918801,6202.3117219636133,7,7,for,416,22112
1,909,1663216578,7,6104.625,949.62099524723783,6202.3117789925664,7,7,for,416,22112
1,910,1663216579,7,6107.75,949.62099816569048,6202.311798002218,7,7,for,416,22112
1,911,1663216582,7,6110.875,949.62100692104821,6202.311855031171,7,7,for,416,22112
1,912,1663216583,7,6114,949.62100983950086,6202.3118740408227,7,7,for,416,22112
1,913,1663216584,7,6117.125,949.62101275795351,6202.3118930504734,7,7,for,416,22112
1,914,1663216585,7,6120.25,949.62101567640593,6202.3119120601241,7,7,for,416,22112
1,915,1663216586,7,6123.375,949.62101859485858,6202.3119310697757,7,7,for,416,22112
1,916,1663216587,7,6126.5,949.62102151331123,6202.3119500794264,7,7,for,416,22112
1,917,1663216589,7,6129.625,949.62102735021631,6202.3119880987288,7,7,for,416,22112
1,918,1663216591,7,6132.75,949.62103318712161,6202.3120261180311,7,7,for,416,22112
1,919,1663216593,7,6135.875,949.62103902402669,6202.3120641373334,7,7,for,416,22112
1,920,1663216594,7,6139,949.62104194247934,6202.3120831469842,7,7,for,416,22112
1,921,1663216597,7,6142.125,949.62105069783718,6202.312140175939,7,7,for,416,22112
1,922,1663216601,7,6145.25,949.62106237164755,6202.3122162145437,7,7,for,416,22112
1,923,1663216604,7,6148.375,949.62107112700539,6202.3122732434967,7,7,for,416,22112
1,924,1663216606,7,6151.5,949.62107696391047,6202.3123112627982,7,7,for,416,22112
1,925,1663216609,7,6154.625,949.62108571926831,6202.3123682917521,7,7,for,416,22112
1,926,1663216611,7,6157.75,949.6210915561735,6202.3124063110536,7,7,for,416,22112
1,927,1663216617,7,6160.875,949.62110906688918,6202.3125203689615,7,7,for,416,22112
1,928,1663216624,7,6164,949.62112949605728,6202.3126534365192,7,7,for,416,22112
1,929,1663216627,7,6167.125,949.621138251415,6202.3127104654723,7,7,for,416,22112
1,930,1663216630,7,6170.25,949.62114700677284,6202.3127674944262,7,7,for,416,22112
1,931,1663216631,7,6173.375,949.62114992522538,6202.3127865040769,7,7,for,416,22112
1,932,1663216632,7,6176.5,949.62115284367803,6202.3128055137277,7,7,for,416,22112
1,933,1663216634,7,6179.625,949.62115868058322,6202.3128435330309,7,7,for,416,22112
1,934,1663216635,7,6182.75,949.62116159903576,6202.3128625426807,7,7,for,416,22112
1,935,1663216643,7,6185.875,949.62118494665651,6202.3130146198901,7,7,for,416,22112
1,936,1663216645,7,6189,949.62119078356181,6202.3130526391933,7,7,for,416,22112
1,937,1663216648,7,6192.125,949.62119953891954,6202.3131096681464,7,7,for,416,22112
1,938,1663216652,7,6195.25,949.62121121272992,6202.3131857067501,7,7,for,416,22112
1,939,1663216655,7,6198.375,949.62121996808776,6202.313242735705,7,7,for,416,22112
1,940,1663216661,7,6201.5,949.62123747880332,6202.3133567936111,7,7,for,416,22112
1,941,1663216662,7,6204.625,949.62124039725586,6202.3133758032627,7,7,for,416,22112
1,942,1663216664,7,6207.75,949.62124623416105,6202.3134138225641,7,7,for,416,22112
1,943,1663216667,7,6210.875,949.62125498951889,6202.3134708515181,7,7,for,416,22112
1,944,1663216668,7,6214,949.62125790797143,6202.3134898611688,7,7,for,416,22112
1,945,1663216670,7,6217.125,949.62126374487661,6202.3135278804712,7,7,for,416,22112
1,946,1663216672,7,6220.25,949.62126958178192,6202.3135658997744,7,7,for,416,22112
1,947,1663216673,7,6223.375,949.62127250023445,6202.3135849094242,7,7,for,416,22112
1,948,1663216676,7,6226.5,949.62128125559229,6202.3136419383791,7,7,for,416,22112
1,949,1663216678,7,6229.625,949.62128709249737,6202.3136799576805,7,7,for,416,22112
1,950,1663216679,7,6232.75,949.62129001095002,6202.3136989673321,7,7,for,416,22112
1,951,1663216680,7,6235.875,949.62129292940267,6202.3137179769838,7,7,for,416,22112
1,952,1663216684,7,6239,949.62130460321305,6202.3137940155875,7,7,for,416,22112
1,953,1663216686,7,6242.125,949.62131044011812,6202.3138320348899,7,7,for,416,22112
1,954,1663216689,7,6245.25,949.62131919547596,6202.3138890638429,7,7,for,416,22112
1,955,1663216692,7,6248.375,949.6213279508338,6202.3139460927969,7,7,for,416,22112
1,956,1663216694,7,6251.5,949.62133378773888,6202.3139841120983,7,7,for,416,22112
1,957,1663216698,7,6254.625,949.62134546154925,6202.314060150703,7,7,for,416,22112
1,958,1663216700,7,6257.75,949.62135129845456,6202.3140981700062,7,7,for,416,22112
1,959,1663216704,7,6260.875,949.62136297226493,6202.3141742086109,7,7,for,416,22112
1,960,1663216708,7,6264,949.62137464607531,6202.3142502472147,7,7,for,416,22112
1,961,1663216713,7,6267.125,949.62138923833834,6202.314345295471,7,7,for,416,22112
1,962,1663216714,7,6270.25,949.62139215679076,6202.3143643051208,7,7,for,416,22112
1,963,1663216716,7,6273.375,949.62139799369606,6202.314402324424,7,7,for,416,22112
1,964,1663216719,7,6276.5,949.62140674905379,6202.3144593533771,7,7,for,416,22112
1,965,1663216722,7,6279.625,949.62141550441174,6202.314516382331,7,7,for,416,22112
1,966,1663216725,7,6282.75,949.62142425976947,6202.3145734112841,7,7,for,416,22112
1,967,1663216728,7,6285.875,949.6214330151272,6202.3146304402371,7,7,for,416,22112
1,968,1663216730,7,6289,949.6214388520325,6202.3146684595404,7,7,for,416,22112
1,969,1663216731,7,6292.125,949.62144177048492,6202.3146874691911,7,7,for,416,22112
1,970,1663216735,7,6295.25,949.6214534442953,6202.3147635077949,7,7,for,416,22112
1,971,1663216738,7,6298.375,949.62146219965325,6202.3148205367497,7,7,for,416,22112
1,972,1663216744,7,6301.5,949.6214797103687,6202.3149345946558,7,7,for,416,22112
1,973,1663216747,7,6304.625,949.62148846572666,6202.3149916236098,7,7,for,416,22112
1,974,1663216751,7,6307.75,949.62150013953703,6202.3150676622145,7,7,for,416,22112
1,975,1663216753,7,6310.875,949.62150597644211,6202.3151056815159,7,7,for,416,22112
1,976,1663216756,7,6314,949.62151473179983,6202.3151627104689,7,7,for,416,22112
1,977,1663216759,7,6317.125,949.62152348715779,6202.3152197394238,7,7,for,416,22112
1,978,1663216763,7,6320.25,949.62153516096816,6202.3152957780276,7,7,for,416,22112
1,979,1663216765,7,6323.375,949.62154099787324,6202.3153337973299,7,7,for,416,22112
1,980,1663216768,7,6326.5,949.62154975323097,6202.315390826283,7,7,for,416,22112
1,981,1663216770,7,6329.625,949.62155559013627,6202.3154288455853,7,7,for,416,22112
1,982,1663216773,7,6332.75,949.62156434549399,6202.3154858745384,7,7,for,416,22112
1,983,1663216774,7,6335.875,949.62156726394664,6202.31550488419,7,7,for,416,22112
1,984,1663216777,7,6339,949.62157601930437,6202.315561913143,7,7,for,416,22112
1,985,1663216778,7,6342.125,949.62157893775702,6202.3155809227947,7,7,for,416,22112
1,986,1663216781,7,6345.25,949.62158769311475,6202.3156379517477,7,7,for,416,22112
1,987,1663216782,7,6348.375,949.6215906115674,6202.3156569613993,7,7,for,416,22112
1,988,1663216785,7,6351.5,949.62159936692512,6202.3157139903524,7,7,for,416,22112
1,989,1663216788,7,6354.625,949.62160812228308,6202.3157710193063,7,7,for,416,22112
1,990,1663216789,7,6357.75,949.6216110407355,6202.3157900289571,7,7,for,416,22112
1,991,1663216791,7,6360.875,949.6216168776408,6202.3158280482594,7,7,for,416,22112
1,992,1663216796,7,6364,949.62163146990383,6202.3159230965157,7,7,for,416,22112
1,993,1663216799,7,6367.125,949.62164022526156,6202.3159801254687,7,7,for,416,22112
1,994,1663216802,7,6370.25,949.62164898061928,6202.3160371544218,7,7,for,416,22112
1,995,1663216804,7,6373.375,949.62165481752459,6202.316075173725,7,7,for,416,22112
1,996,1663216805,7,6376.5,949.62165773597724,6202.3160941833758,7,7,for,416,22112
1,997,1663216807,7,6379.625,949.62166357288231,6202.3161322026781,7,7,for,416,22112
1,998,1663216809,7,6382.75,949.62166940978761,6202.3161702219804,7,7,for,416,22112
1,999,1663216812,7,6385.875,949.62167816514534,6202.3162272509335,7,7,for,416,22112
1,1000,1663216815,7,6389,949.62168692050307,6202.3162842798865,7,7,for,416,22112
1,1001,1663216816,7,6392.125,949.62168983895572,6202.3163032895382,7,7,for,416,22112
1,1002,1663216822,7,6395.25,949.6217073496714,6202.3164173474452,7,7,for,416,22112
1,1003,1663707567,7,6398.375,951.05392336902491,6211.645308596886,7,7,for,416,22112
1,1004,1664002526,7,6401.5,951.91474722836642,6217.2523762879355,7,7,for,416,22112
1,1005,1664673572,7,6404.625,953.873163169279,6230.0087266478431,7,7,for,416,22112
1,1006,1664859304,7,6407.75,954.41521320688832,6233.5394271736577,7,7,for,416,22112
1,1007,1664920459,7,6410.875,954.5936911754128,6234.7019623892174,7,7,for,416,22112
1,1008,1665739863,7,6414,956.98508290660209,6250.2785465731777,7,7,for,416,22112
1,1009,1666077136,7,6417.125,957.96939816910174,6256.6899886426281,7,7,for,416,22112
1,1010,1666908580,7,6420.25,960.39592806954988,6272.4954490263308,7,7,for,416,22112
1,1011,1667886677,7,6423.375,963.25045779859795,6291.0887317788902,7,7,for,416,22112
1,1012,1668347602,7,6426.5,964.595645561531,6299.8507552312922,7,7,for,416,22112
1,1013,1669273886,7,6429.625,967.29896150620891,6317.4590909292565,7,7,for,416,22112
1,1014,1669465054,7,6432.75,967.85687625213166,6321.093127918678,7,7,for,416,22112
1,1015,1669879054,7,6435.875,969.06511562698495,6328.963123491264,7,7,for,416,22112
1,1016,1670822516,7,6439,971.81856475036136,6346.8980069765366,7,7,for,416,22112
1,1017,1671195739,7,6442.125,972.9077983836969,6353.9928460045257,7,7,for,416,22112
1,1018,1672482809,7,6445.25,976.66405116677049,6378.4595976992314,7,7,for,416,22112
1,1019,1675302865,7,6448.375,984.89425092158058,6432.0678784587599,7,7,for,416,22112
1,1020,1676746111,7,6451.5,989.10629595732826,6459.5034814301416,7,7,for,416,22112
1,1021,1676856166,7,6454.625,989.42748625781007,6461.5955885865214,7,7,for,416,22112
1,1022,1677053544,7,6457.75,990.00352459435555,6465.3476755095307,7,8,for,416,22112
1,1023,1677993133,7,6460.875,992.74567055082662,6483.2089346159328,7,8,for,416,22112
1,1024,1678845565,8,6480,995.23345293436523,6499.4133695577948,7,8,raw,1040,22112
1,1025,1682415552,8,6488,1005.6522907631444,6567.2775770075286,7,8,raw,1040,22112
1,1026,1683190748,8,6496,1007.9146635419579,6582.0137825338243,7,8,raw,1040,22112
1,1027,1684202844,8,6504,1010.8684177408263,6601.2533744155435,7,8,raw,1040,22112
1,1028,1684871558,8,6512,1012.8200278502844,6613.9653942689883,7,8,raw,1040,22112
1,1029,1685294074,8,6520,1014.0531207674475,6621.9972760306955,7,8,raw,1040,22112
1,1030,1685489071,8,6528,1014.6222102683612,6625.7041009743371,7,8,raw,1040,22112
1,1031,1686001714,8,6536,1016.1183345626679,6635.4492655644754,7,8,raw,1040,22112
1,1032,1686729462,8,6544,1018.2422326026939,6649.2835011634088,7,8,raw,1040,22112
1,1033,1687228162,8,6552,1019.6976649124507,6658.7636141876801,7,8,raw,1040,22112
1,1034,1688112516,8,6560,1022.2786101397671,6675.5748752132813,7,8,raw,1040,22112
1,1035,1688970964,8,6568,1024.7839499341251,6691.8936722164108,8,8,raw,1040,22112
1,1036,1689836612,8,6576,1027.3103025871758,6708.3493387077579,8,8,raw,1040,22112
1,1037,1691104665,8,6584,1031.0110551572261,6732.4545838667054,8,8,raw,1040,22112
1,1038,1692591864,8,6592,1035.3513749399374,6760.7257180347115,8,8,raw,1040,22112
1,1039,1693265953,8,6600,1037.3186717321005,6773.5399147630424,8,8,raw,1040,22112
1,1040,1693897296,8,6608,1039.1612163495838,6785.5415249436783,8,8,raw,1040,22112
1,1041,1694924217,8,6616,1042.1582366081918,6805.0629349035707,8,8,raw,1040,22112
1,1042,1696715318,8,6624,1047.3854799718131,6839.111140072785,8,8,raw,1040,22112
1,1043,1697453586,8,6632,1049.5400801331516,6853.1453572017263,8,8,raw,1040,22112
1,1044,1697601461,8,6640,1049.9716463108243,6855.9564093642775,8,8,raw,1040,22112
1,1045,1698068874,8,6648,1051.3357689942018,6864.841767433285,8,8,raw,1040,22112
1,1046,1698842928,8,6656,1053.5948089001504,6879.5562639379768,8,8,raw,1040,22112
1,1047,1699440099,8,6664,1055.337624155514,6890.9082763198048,8,8,raw,1040,22112
1,1048,1700111820,8,6672,1057.2980100519292,6903.6774581942327,8,8,raw,1040,22112
1,1049,1700887954,8,6680,1059.5631203392779,6918.4314947732992,8,8,raw,1040,22112
1,1050,1700915359,8,6688,1059.6431005326785,6918.9524542628324,8,8,raw,1040,22112
1,1051,1701776474,8,6696,1062.1562238401107,6935.3219500055557,8,8,raw,1040,22112
1,1052,1702308070,8,6704,1063.7076615664741,6945.427404513779,8,8,raw,1040,22112
1,1053,1702486302,8,6712,1064.2278232096114,6948.8155326560318,8,8,raw,1040,22112
1,1054,1703564524,8,6720,1067.3745630048604,6969.3121567291355,8,8,raw,1040,22112
1,1055,1703662363,8,6728,1067.6601014884266,6971.1720419871708,8,8,raw,1040,22112
1,1056,1703704335,8,6736,1067.7825947807967,6971.9699150648821,8,8,raw,1040,22112
1,1057,1703925088,8,6744,1068.4268519467798,6976.1663525833246,8,8,raw,1040,22112
1,1058,1704718326,8,6752,1070.7418794473351,6991.2455302355147,8,8,raw,1040,22112
1,1059,1705631212,8,6760,1073.4060939641283,7008.5991746274858,8,8,raw,1040,22112
1,1060,1705867624,8,6768,1074.0960511793162,7013.0932842731527,8,8,raw,1040,22112
1,1061,1706658716,8,6776,1076.4048156806,7028.1316672139938,8,8,raw,1040,22112
1,1062,1708270949,8,6784,1081.1100412652327,7058.7796541028274,8,8,raw,1040,22112
1,1063,1708897229,8,6792,1082.937809757221,7070.6850184197338,8,8,raw,1040,22112
1,1064,1709047173,8,6800,1083.375414213315,7073.5354015504963,8,8,raw,1040,22112
1,1065,1709450034,8,6808,1084.5511449446988,7081.1936486190179,8,8,raw,1040,22112
1,1066,1709893740,8,6816,1085.8460798723765,7089.6283448884133,8,8,raw,1040,22112
1,1067,1710728066,8,6824,1088.2810207532073,7105.488591086706,8,8,raw,1040,22112
1,1068,1710843542,8,6832,1088.6180319852133,7107.6837495619229,8,8,raw,1040,22112
1,1069,1711650755,8,6840,1090.9738448608016,7123.0285870888165,8,8,raw,1040,22112
1,1070,1712123855,8,6848,1092.354564784094,7132.0220530438655,8,8,raw,1040,22112
1,1071,1712228958,8,6856,1092.6613029073192,7134.0200244077923,8,8,raw,1040,22112
1,1072,1713069832,8,6864,1095.11535381575,7150.0047458017598,8,8,raw,1040,22112
1,1073,1713511399,8,6872,1096.4040461733248,7158.3987804273647,8,8,raw,1040,22112
1,1074,1714831012,8,6880,1100.2552741592388,7183.4841631991694,8,8,raw,1040,22112
1,1075,1715630385,8,6888,1102.5882063664719,7198.6799650611129,8,8,raw,1040,22112
1,1076,1716700163,8,6896,1105.7103027479982,7219.0160716399778,8,8,raw,1040,22112
1,1077,1716915935,8,6904,1106.3400231015992,7223.1178220860838,8,8,raw,1040,22112
1,1078,1717077702,8,6912,1106.8121324227391,7226.192956322293,8,8,raw,1040,22112
1,1079,1717782117,8,6920,1108.8679342083365,7239.5836397311405,8,8,raw,1040,22112
1,1080,1718667903,8,6928,1111.4530586597709,7256.4221225771771,8,8,raw,1040,22112
1,1081,1719560150,8,6936,1114.0570392334298,7273.3834267792381,8,8,raw,1040,22112
1,1082,1720148124,8,6944,1115.7730134802655,7284.5606073995168,8,8,raw,1040,22112
1,1083,1720435169,8,6952,1116.61074070576,7290.0172327114324,8,8,raw,1040,22112
1,1084,1722954410,8,6960,1123.9630261428251,7337.9071252628264,8,8,raw,1040,22112
1,1085,1723690577,8,6968,1126.1114946352589,7351.9014031147199,8,8,raw,1040,22112
1,1086,1723896024,8,6976,1126.7110819658035,7355.8068789127892,8,8,raw,1040,22112
1,1087,1724162540,8,6984,1127.4888962779494,7360.8732550964214,8,8,raw,1040,22112
1,1088,1724472359,8,6992,1128.3930883428714,7366.7628062034328,8,8,raw,1040,22112
1,1089,1726222053,8,7000,1133.4994873398391,7400.0238787478302,8,8,raw,1040,22112
1,1090,1726541633,8,7008,1134.4321664205531,7406.0989830596354,8,8,raw,1040,22112
1,1091,1726546269,8,7016,1134.4456963667894,7406.1871118023273,8,8,raw,1040,22112
1,1092,1728244191,8,7024,1139.4010012359433,7438.4640166878253,8,8,raw,1040,22112
1,1093,1729992214,8,7032,1144.5025234986226,7471.6933241051647,8,8,raw,1040,22112
1,1094,1729992216,8,7040,1144.5025293355279,7471.6933621244671,8,8,raw,1040,22112
1,1095,1729992217,8,7048,1144.5025322539805,7471.6933811341187,8,8,raw,1040,22112
1,1096,1729992223,8,7056,1144.5025497646959,7471.6934951920248,8,8,raw,1040,22112
1,1097,1729992226,8,7064,1144.5025585200538,7471.6935522209778,8,8,raw,1040,22112
1,1098,1729992229,8,7072,1144.5025672754116,7471.6936092499318,8,8,raw,1040,22112
1,1099,1729992230,8,7080,1144.5025701938644,7471.6936282595834,8,8,raw,1040,22112
1,1100,1729992237,8,7088,1144.5025906230323,7471.6937613271411,8,8,raw,1040,22112
1,1101,1729992240,8,7096,1144.5025993783902,7471.6938183560942,8,8,raw,1040,22112
1,1102,1729992244,8,7104,1144.5026110522006,7471.6938943946989,8,8,raw,1040,22112
1,1103,1729992246,8,7112,1144.5026168891059,7471.6939324140021,8,8,raw,1040,22112
1,1104,1729992249,8,7120,1144.5026256444635,7471.6939894429552,8,8,raw,1040,22112
1,1105,1729992252,8,7128,1144.5026343998213,7471.6940464719082,8,8,raw,1040,22112
1,1106,1729992253,8,7136,1144.5026373182739,7471.6940654815589,8,8,raw,1040,22112
1,1107,1729992257,8,7144,1144.5026489920842,7471.6941415201636,8,8,raw,1040,22112
1,1108,1729992263,8,7152,1144.5026665027999,7471.6942555780715,8,8,raw,1040,22112
1,1109,1729992266,8,7160,1144.5026752581578,7471.6943126070246,8,8,raw,1040,22112
1,1110,1729992271,8,7168,1144.5026898504207,7471.69440765528,8,8,raw,1040,22112
1,1111,1729992277,8,7176,1144.5027073611361,7471.6945217131861,8,8,raw,1040,22112
1,1112,1729992282,8,7184,1144.5027219533993,7471.6946167614424,8,8,raw,1040,22112
1,1113,1729992287,8,7192,1144.5027365456622,7471.6947118096987,8,8,raw,1040,22112
1,1114,1729992289,8,7200,1144.5027423825672,7471.6947498290001,8,8,raw,1040,22112
1,1115,1729992292,8,7208,1144.5027511379253,7471.6948068579541,8,8,raw,1040,22112
1,1116,1729992294,8,7216,1144.5027569748304,7471.6948448772555,8,8,raw,1040,22112
1,1117,1729992297,8,7224,1144.502765730188,7471.6949019062095,8,8,raw,1040,22112
1,1118,1729992299,8,7232,1144.5027715670933,7471.6949399255118,8,8,raw,1040,22112
1,1119,1729992302,8,7240,1144.5027803224511,7471.6949969544648,8,8,raw,1040,22112
1,1120,1729992304,8,7248,1144.5027861593564,7471.6950349737681,8,8,raw,1040,22112
1,1121,1729992308,8,7256,1144.5027978331668,7471.6951110123728,8,8,raw,1040,22112
1,1122,1729992315,8,7264,1144.5028182623348,7471.6952440799296,8,8,raw,1040,22112
1,1123,1729992317,8,7272,1144.5028240992401,7471.6952820992328,8,8,raw,1040,22112
1,1124,1729992320,8,7280,1144.502832854598,7471.6953391281859,8,8,raw,1040,22112
1,1125,1729992323,8,7288,1144.5028416099556,7471.6953961571389,8,8,raw,1040,22112
1,1126,1729992326,8,7296,1144.5028503653134,7471.695453186092,8,8,raw,1040,22112
1,1127,1729992327,8,7304,1144.5028532837659,7471.6954721957436,8,8,raw,1040,22112
1,1128,1729992329,8,7312,1144.5028591206712,7471.6955102150459,8,8,raw,1040,22112
1,1129,1729992330,8,7320,1144.502862039124,7471.6955292246976,8,8,raw,1040,22112
1,1130,1729992331,8,7328,1144.5028649575763,7471.6955482343483,8,8,raw,1040,22112
1,1131,1729992336,8,7336,1144.5028795498395,7471.6956432826037,8,8,raw,1040,22112
1,1132,1729992338,8,7344,1144.5028853867448,7471.6956813019069,8,8,raw,1040,22112
1,1133,1729992340,8,7352,1144.5028912236498,7471.6957193212083,8,8,raw,1040,22112
1,1134,1729992343,8,7360,1144.5028999790075,7471.6957763501614,8,8,raw,1040,22112
1,1135,1729992346,8,7368,1144.5029087343655,7471.6958333791163,8,8,raw,1040,22112
1,1136,1729992350,8,7376,1144.5029204081759,7471.69590941772,8,8,raw,1040,22112
1,1137,1729992351,8,7384,1144.5029233266282,7471.6959284273707,8,8,raw,1040,22112
1,1138,1729992352,8,7392,1144.502926245081,7471.6959474370224,8,8,raw,1040,22112
1,1139,1729992356,8,7400,1144.5029379188913,7471.6960234756261,8,8,raw,1040,22112
1,1140,1729992359,8,7408,1144.5029466742492,7471.696080504581,8,8,raw,1040,22112
1,1141,1729992361,8,7416,1144.5029525111543,7471.6961185238824,8,8,raw,1040,22112
1,1142,1729992366,8,7424,1144.5029671034174,7471.6962135721387,8,8,raw,1040,22112
1,1143,1729992371,8,7432,1144.5029816956803,7471.6963086203941,8,8,raw,1040,22112
1,1144,1729992374,8,7440,1144.5029904510382,7471.6963656493472,8,8,raw,1040,22112
1,1145,1729992377,8,7448,1144.5029992063958,7471.6964226783002,8,8,raw,1040,22112
1,1146,1729992379,8,7456,1144.5030050433011,7471.6964606976035,8,8,raw,1040,22112
1,1147,1729992382,8,7464,1144.5030137986589,7471.6965177265565,8,8,raw,1040,22112
1,1148,1729992383,8,7472,1144.5030167171114,7471.6965367362081,8,8,raw,1040,22112
1,1149,1729992385,8,7480,1144.5030225540165,7471.6965747555096,8,8,raw,1040,22112
1,1150,1729992386,8,7488,1144.5030254724693,7471.6965937651612,8,8,raw,1040,22112
1,1151,1729992388,8,7496,1144.5030313093746,7471.6966317844635,8,8,raw,1040,22112
1,1152,1729992394,9,7520,1144.50304882009,7471.6967458423696,8,8,raw,1040,22112
1,1153,1729992396,9,7528,1144.5030546569953,7471.6967838616729,8,8,raw,1040,22112
1,1154,1729992399,9,7536,1144.503063412353,7471.6968408906259,8,8,raw,1040,22112
1,1155,1729992402,9,7544,1144.5030721677108,7471.696897919579,8,8,raw,1040,22112
1,1156,1729992404,9,7552,1144.5030780046161,7471.6969359388822,8,8,raw,1040,22112
1,1157,1729992405,9,7560,1144.5030809230686,7471.6969549485339,8,8,raw,1040,22112
1,1158,1729992408,9,7568,1144.5030896784265,7471.6970119774869,8,8,raw,1040,22112
1,1159,1729992409,9,7576,1144.503092596879,7471.6970309871376,8,8,raw,1040,22112
1,1160,1729992414,9,7584,1144.5031071891419,7471.697126035393,8,8,raw,1040,22112
1,1161,1729992415,9,7592,1144.5031101075945,7471.6971450450437,8,8,raw,1040,22112
1,1162,1729992418,9,7600,1144.5031188629523,7471.6972020739968,8,8,raw,1040,22112
1,1163,1729992422,9,7608,1144.5031305367627,7471.6972781126015,8,8,raw,1040,22112
1,1164,1729992423,9,7616,1144.5031334552152,7471.6972971222531,8,8,raw,1040,22112
1,1165,1729992425,9,7624,1144.5031392921205,7471.6973351415563,8,8,raw,1040,22112
1,1166,1729992429,9,7632,1144.5031509659309,7471.6974111801601,8,8,raw,1040,22112
1,1167,1729992430,9,7640,1144.5031538843834,7471.6974301898117,8,8,raw,1040,22112
1,1168,1729992433,9,7648,1144.5031626397413,7471.6974872187648,8,8,raw,1040,22112
1,1169,1729992436,9,7656,1144.5031713950991,7471.6975442477178,8,8,raw,1040,22112
1,1170,1729992438,9,7664,1144.5031772320042,7471.6975822670211,8,8,raw,1040,22112
1,1171,1729992440,9,7672,1144.5031830689095,7471.6976202863225,8,8,raw,1040,22112
1,1172,1729992443,9,7680,1144.5031918242671,7471.6976773152755,8,8,raw,1040,22112
1,1173,1729992446,9,7688,1144.5032005796249,7471.6977343442304,8,8,raw,1040,22112
1,1174,1729992447,9,7696,1144.5032034980775,7471.6977533538802,8,8,raw,1040,22112
1,1175,1729992448,9,7704,1144.5032064165302,7471.6977723635318,8,8,raw,1040,22112
1,1176,1729992451,9,7712,1144.5032151718879,7471.6978293924849,8,8,raw,1040,22112
1,1177,1729992454,9,7720,1144.5032239272457,7471.6978864214389,8,8,raw,1040,22112
1,1178,1729992456,9,7728,1144.503229764151,7471.6979244407403,8,8,raw,1040,22112
1,1179,1729992460,9,7736,1144.5032414379614,7471.698000479345,8,8,raw,1040,22112
1,1180,1729992462,9,7744,1144.5032472748665,7471.6980384986482,8,8,raw,1040,22112
1,1181,1729992469,9,7752,1144.5032677040347,7471.6981715662059,8,8,raw,1040,22112
1,1182,1730712304,9,7760,1146.6040720286665,7485.3819837956562,8,8,raw,1040,22112
1,1183,1731111659,9,7768,1147.7695706652476,7492.9735830272757,8,8,raw,1040,22112
1,1184,1731770362,9,7776,1149.6919641457644,7505.4952972631418,8,9,raw,1040,22112
1,1185,1731999265,9,7784,1150.3600067004072,7509.8466634383885,8,9,raw,1040,22112
1,1186,1732466525,9,7792,1151.7236828605373,7518.7291130307713,8,9,raw,1040,22112
1,1187,1733455344,9,7800,1154.6095042383226,7537.52621726287,9,9,raw,1040,22112
1,1188,1734210320,9,7808,1156.8128659056397,7551.8780476430838,9,9,raw,1040,22112
1,1189,1734646931,9,7816,1158.0870944121473,7560.1778704376311,9,9,raw,1040,22112
1,1190,1734908580,9,7824,1158.8507046155071,7565.1517266491564,9,9,raw,1040,22112
1,1191,1735524054,9,7832,1160.6469363087401,7576.8516726758271,9,9,raw,1040,22112
1,1192,1736602059,9,7840,1163.7930427997758,7597.3441716546331,9,9,raw,1040,22112
1,1193,1736647086,9,7848,1163.9244519648278,7598.2001192165817,9,9,raw,1040,22112
1,1194,1737531602,9,7856,1166.5058699814647,7615.0144598056668,9,9,raw,1040,22112
1,1195,1737892117,9,7864,1167.558015919207,7621.86772418695,9,9,raw,1040,22112
1,1196,1738860940,9,7872,1170.3854799188773,7640.2847114348224,9,9,raw,1040,22112
1,1197,1739785510,9,7880,1173.0837936358053,7657.8604645907308,9,9,raw,1040,22112
1,1198,1739899644,9,7888,1173.4168883044272,7660.0301121141165,9,9,raw,1040,22112
1,1199,1740526150,9,7896,1175.2453163667024,7671.9397726121806,9,9,raw,1040,22112
1,1200,1741075883,9,7904,1176.8496860678042,7682.3900051631572,9,9,raw,1040,22112
1,1201,1741757541,9,7912,1178.8390726276684,7695.3480859409774,9,9,raw,1040,22112
1,1202,1741861025,9,7920,1179.1410857761402,7697.315280679707,9,9,raw,1040,22112
1,1203,1742229602,9,7928,1180.2167602787135,7704.3218008684917,9,9,raw,1040,22112
1,1204,1742399267,9,7936,1180.7119195384587,7707.5470733294169,9,9,raw,1040,22112
1,1205,1743246012,9,7944,1183.1831046820821,7723.6434003852355,9,9,raw,1040,22112
1,1206,1743357179,9,7952,1183.5075403018513,7725.756646273685,9,9,raw,1040,22112
1,1207,1743747598,9,7960,1184.646959646032,7733.1783752627016,9,9,raw,1040,22112
1,1208,1744156169,9,7968,1185.8393547417402,7740.9451674392412,9,9,raw,1040,22112
1,1209,1744390436,9,7976,1186.5230518761093,7745.3985013832107,9,9,raw,1040,22112
1,1210,1745231431,9,7984,1188.9774559173043,7761.3855229449664,9,9,raw,1040,22112
1,1211,1745756137,9,7992,1190.5087855052798,7771.3600009568245,9,9,raw,1040,22112
1,1212,1746694490,9,8000,1193.2473242543419,7789.1977641344156,9,9,raw,1040,22112
1,1213,1748644909,9,8008,1198.9395296486946,7826.2745489041927,9,9,raw,1040,22112
1,1214,1748782029,9,8016,1199.3397078686942,7828.8811522687165,9,9,raw,1040,22112
1,1215,1749662919,9,8024,1201.9105435762174,7845.6265638627629,9,9,raw,1040,22112
1,1216,1750029387,9,8032,1202.9800630622651,7852.5929926972913,9,9,raw,1040,22112
1,1217,1750157125,9,8040,1203.3528603600066,7855.0212475148055,9,9,raw,1040,22112
1,1218,1751495096,9,8048,1207.2576652986827,7880.4556094622658,9,9,raw,1040,22112
1,1219,1751947287,9,8056,1208.57736329664,7889.0516026215973,9,9,raw,1040,22112
1,1220,1752103621,9,8064,1209.0336166648242,7892.0234574231536,9,9,raw,1040,22112
1,1221,1752394709,9,8072,1209.8831431941658,7897.5569387546348,9,9,raw,1040,22112
1,1222,1752998259,9,8080,1211.6445752586408,7909.030213701094,9,9,raw,1040,22112
1,1223,1753064791,9,8088,1211.8387457467754,7910.2949638108421,9,9,raw,1040,22112
1,1224,1754339150,9,8096,1215.557902078898,7934.5200838298879,9,9,raw,1040,22112
1,1225,1754453074,9,8104,1215.8903838724748,7936.6857393265336,9,9,raw,1040,22112
1,1226,1755238761,9,8112,1218.1833741374755,7951.6213751029545,9,9,raw,1040,22112
1,1227,1755601910,9,8120,1219.2432072793565,7958.5247109053435,9,9,raw,1040,22112
1,1228,1756302123,9,8128,1221.2867457271443,7971.8355157600954,9,9,raw,1040,22112
1,1229,1756897319,9,8136,1223.0237970386302,7983.1499840809183,9,9,raw,1040,22112
1,1230,1757823527,9,8144,1225.7268911809108,8000.7568750453966,9,9,raw,1040,22112
1,1231,1758795053,9,8152,1228.5622437579489,8019.2252453803048,9,9,raw,1040,22112
1,1232,1759576529,9,8160,1230.842944419067,8034.0808315157701,9,9,raw,1040,22112
1,1233,1760296036,9,8168,1232.9427914912469,8047.7584085796443,9,9,raw,1040,22112
1,1234,1761184515,9,8176,1235.5357753355231,8064.6480844162043,9,9,raw,1040,22112
1,1235,1761674677,9,8184,1236.966289897013,8073.9658930390297,9,9,raw,1040,22112
1,1236,1762590005,9,8192,1239.6376312750465,8091.3659589990893,9,9,raw,1040,22112
1,1237,1764418571,9,8200,1244.9742144651866,8126.1263607483188,9,9,raw,1040,22112
1,1238,1765022596,9,8208,1246.7370327946451,8137.6086652790709,9,9,raw,1040,22112
1,1239,1765425829,9,8216,1247.9138491903943,8145.2739839378164,9,9,raw,1040,22112
1,1240,1766167476,9,8224,1250.0783108030557,8159.3724346779654,9,9,raw,1040,22112
1,1241,1766616104,9,8232,1251.3876103544126,8167.9006964502787,9,9,raw,1040,22112
1,1242,1766635540,9,8240,1251.4443333990735,8168.270168029866,9,9,raw,1040,22112
1,1243,1767419455,9,8248,1253.732152166074,8183.172118704465,9,9,raw,1040,22112
1,1244,1768396060,9,8256,1256.5823275638484,8201.7370390575215,9,9,raw,1040,22112
1,1245,1769209286,9,8264,1258.9556890948979,8217.1961816167277,9,9,raw,1040,22112
1,1246,1770014344,9,8272,1261.305212705141,8232.5000533454113,9,9,raw,1040,22112
1,1247,1770744526,9,8280,1263.4362142587863,8246.3805584352231,9,9,raw,1040,22112
1,1248,1771453952,9,8288,1265.5066404103436,8259.8664992059421,9,9,raw,1040,22112
1,1249,1772066581,9,8296,1267.2945691059401,8271.5123627751145,9,9,raw,1040,22112
1,1250,1772974187,9,8304,1269.943374193025,8288.7656362090584,9,9,raw,1040,22112
1,1251,1773110700,9,8312,1270.3417809122986,8291.3607007153387,9,9,raw,1040,22112
1,1252,1774149799,9,8320,1273.3743420866242,8311.113610206834,9,9,raw,1040,22112
1,1253,1775830890,9,8328,1278.2805264801304,8343.0705636539697,9,9,raw,1040,22112
1,1254,1776041455,9,8336,1278.8950504510628,8347.0733308465824,9,9,raw,1040,22112
1,1255,1776400781,9,8344,1279.943726348668,8353.9039927526574,9,9,raw,1040,22112
1,1256,1777337825,9,8352,1282.6784448432816,8371.7168722969036,10,9,raw,1040,22112
1,1257,1778148861,9,8360,1285.0454149631453,8387.1343837201111,10,9,raw,1040,22112
1,1258,1778662380,9,8368,1286.5440958219262,8396.8962007646496,10,9,raw,1040,22112
1,1259,1780246665,9,8376,1291.1677564933984,8427.0129059233805,10,9,raw,1040,22112
1,1260,1781385749,9,8384,1294.4921191505612,8448.6664953842574,10,9,raw,1040,22112
1,1261,1782052133,9,8392,1296.4369292654701,8461.3342227505436,10,9,raw,1040,22112
1,1262,1782684233,9,8400,1298.2816831515688,8473.3502232370938,10,9,raw,1040,22112
1,1263,1783158799,9,8408,1299.6666815263673,8482.3715573407171,10,9,raw,1040,22112
1,1264,1784007364,9,8416,1302.1431782537161,8498.5024819616137,10,9,raw,1040,22112
1,1265,1784802399,9,8424,1304.4634502135868,8513.6158199569054,10,9,raw,1040,22112
1,1266,1785175837,9,8432,1305.5533113142305,8520.7147460598899,10,9,raw,1040,22112
1,1267,1785453858,9,8440,1306.3647024234965,8525.9998282799042,10,9,raw,1040,22112
1,1268,1787447509,9,8448,1312.183078360491,8563.8984382878316,10,10,raw,1040,22112
1,1269,1787749669,9,8456,1313.0649179969782,8569.6423944767503,10,10,raw,1040,22112
1,1270,1789025756,9,8464,1316.7891174151871,8593.9003631729684,10,10,raw,1040,22112
1,1271,1790746636,9,8472,1321.8114241190458,8626.6136916293744,10,10,raw,1040,22112
1,1272,1791458310,9,8480,1323.8884109520395,8640.142366095859,10,10,raw,1040,22112
1,1273,1792344201,9,8488,1326.4738418409966,8656.9828449552642,10,10,raw,1040,22112
1,1274,1792727481,9,8496,1327.5924263520926,8664.2688640447832,10,10,raw,1040,22112
1,1275,1793294416,9,8504,1329.2469992747556,8675.0461006146961,10,10,raw,1040,22112
1,1276,1793593268,9,8512,1330.1191846700542,8680.7271728776395,10,10,raw,1040,22112
1,1277,1794782482,9,8520,1333.589849355868,8703.3337161502423,10,10,raw,1040,22112
1,1278,1795020707,9,8528,1334.2850977256128,8707.8622902934276,10,10,raw,1040,22112
1,1279,1795513675,9,8536,1335.7238014650882,8717.233439997357,10,10,raw,1040,22112
1,1280,1796330490,10,8560,1338.1076373225055,8732.7608081945109,10,10,for,416,22112
1,1281,1796570111,10,8563.125,1338.8069598520747,8737.3159198106914,10,10,for,416,22112
1,1282,1798056221,10,8566.25,1343.1441014399088,8765.5663524686042,10,10,for,416,22112
1,1283,1798056224,10,8569.375,1343.1441101952666,8765.5664094975582,10,10,for,416,22112
1,1284,1798056227,10,8572.5,1343.1441189506243,8765.5664665265103,10,10,for,416,22112
1,1285,1798056231,10,8575.625,1343.1441306244346,8765.566542565115,10,10,for,416,22112
1,1286,1798056233,10,8578.75,1343.1441364613399,8765.5665805844183,10,10,for,416,22112
1,1287,1798056234,10,8581.875,1343.1441393797927,8765.566599594069,10,10,for,416,22112
1,1288,1798056236,10,8585,1343.1441452166978,8765.5666376133704,10,10,for,416,22112
1,1289,1798056239,10,8588.125,1343.1441539720554,8765.5666946423244,10,10,for,416,22112
1,1290,1798056242,10,8591.25,1343.1441627274135,8765.5667516712783,10,10,for,416,22112
1,1291,1798056245,10,8594.375,1343.1441714827711,8765.5668087002323,10,10,for,416,22112
1,1292,1798056251,10,8597.5,1343.1441889934868,8765.5669227581384,10,10,for,416,22112
1,1293,1798056252,10,8600.625,1343.1441919119393,8765.5669417677891,10,10,for,416,22112
1,1294,1798056258,10,8603.75,1343.144209422655,8765.567055825697,10,10,for,416,22112
1,1295,1798056260,10,8606.875,1343.14421525956,8765.5670938449985,10,10,for,416,22112
1,1296,1798056266,10,8610,1343.1442327702757,8765.5672079029064,10,10,for,416,22112
1,1297,1798056268,10,8613.125,1343.1442386071808,8765.5672459222078,10,10,for,416,22112
1,1298,1798056272,10,8616.25,1343.1442502809914,8765.5673219608125,10,10,for,416,22112
1,1299,1798056275,10,8619.375,1343.144259036349,8765.5673789897664,10,10,for,416,22112
1,1300,1798056287,10,8622.5,1343.1442940577801,8765.5676071055805,10,10,for,416,22112
1,1301,1798056288,10,8625.625,1343.1442969762329,8765.5676261152312,10,10,for,416,22112
1,1302,1798056289,10,8628.75,1343.1442998946852,8765.5676451248819,10,10,for,416,22112
1,1303,1798056290,10,8631.875,1343.144302813138,8765.5676641345326,10,10,for,416,22112
1,1304,1798056292,10,8635,1343.1443086500433,8765.5677021538359,10,10,for,416,22112
1,1305,1798056295,10,8638.125,1343.1443174054009,8765.567759182788,10,10,for,416,22112
1,1306,1798056298,10,8641.25,1343.1443261607587,8765.567816211742,10,10,for,416,22112
1,1307,1798056301,10,8644.375,1343.1443349161166,8765.5678732406959,10,10,for,416,22112
1,1308,1798056303,10,8647.5,1343.1443407530217,8765.5679112599973,10,10,for,416,22112
1,1309,1798056306,10,8650.625,1343.1443495083795,8765.5679682889513,10,10,for,416,22112
1,1310,1798056308,10,8653.75,1343.1443553452848,8765.5680063082546,10,10,for,416,22112
1,1311,1798056309,10,8656.875,1343.1443582637373,8765.5680253179053,10,10,for,416,22112
1,1312,1798056311,10,8660,1343.1443641006424,8765.5680633372067,10,10,for,416,22112
1,1313,1798056313,10,8663.125,1343.1443699375477,8765.5681013565099,10,10,for,416,22112
1,1314,1798056316,10,8666.25,1343.1443786929055,8765.5681583854621,10,10,for,416,22112
1,1315,1798056318,10,8669.375,1343.1443845298106,8765.5681964047653,10,10,for,416,22112
1,1316,1798056319,10,8672.5,1343.1443874482632,8765.568215414416,10,10,for,416,22112
1,1317,1798056326,10,8675.625,1343.1444078774316,8765.5683484819747,10,10,for,416,22112
1,1318,1798056327,10,8678.75,1343.1444107958839,8765.5683674916254,10,10,for,416,22112
1,1319,1798056328,10,8681.875,1343.1444137143367,8765.5683865012761,10,10,for,416,22112
1,1320,1798056329,10,8685,1343.1444166327892,8765.5684055109286,10,10,for,416,22112
1,1321,1798056330,10,8688.125,1343.144419551242,8765.5684245205794,10,10,for,416,22112
1,1322,1798056331,10,8691.25,1343.1444224696943,8765.5684435302301,10,10,for,416,22112
1,1323,1798056332,10,8694.375,1343.1444253881471,8765.5684625398808,10,10,for,416,22112
1,1324,1798056335,10,8697.5,1343.1444341435047,8765.5685195688347,10,10,for,416,22112
1,1325,1798056338,10,8700.625,1343.1444428988627,8765.5685765977887,10,10,for,416,22112
1,1326,1798056349,10,8703.75,1343.1444750018411,8765.5687857039502,10,10,for,416,22112
1,1327,1798056351,10,8706.875,1343.1444808387464,8765.5688237232534,10,10,for,416,22112
1,1328,1798056354,10,8710,1343.1444895941042,8765.5688807522056,10,10,for,416,22112
1,1329,1798056356,10,8713.125,1343.1444954310093,8765.5689187715088,10,10,for,416,22112
1,1330,1798056359,10,8716.25,1343.1445041863672,8765.5689758004628,10,10,for,416,22112
1,1331,1798056361,10,8719.375,1343.1445100232722,8765.5690138197642,10,10,for,416,22112
1,1332,1798056363,10,8722.5,1343.1445158601775,8765.5690518390675,10,10,for,416,22112
1,1333,1798056368,10,8725.625,1343.1445304524404,8765.569146887321,10,10,for,416,22112
1,1334,1798056370,10,8728.75,1343.1445362893458,8765.5691849066243,10,10,for,416,22112
1,1335,1798056371,10,8731.875,1343.1445392077983,8765.569203916275,10,10,for,416,22112
1,1336,1798056373,10,8735,1343.1445450447034,8765.5692419355782,10,10,for,416,22112
1,1337,1798056377,10,8738.125,1343.1445567185137,8765.5693179741811,10,10,for,416,22112
1,1338,1798056381,10,8741.25,1343.1445683923241,8765.5693940127858,10,10,for,416,22112
1,1339,1798056383,10,8744.375,1343.1445742292294,8765.569432032089,10,10,for,416,22112
1,1340,1798056385,10,8747.5,1343.1445800661345,8765.5694700513905,10,10,for,416,22112
1,1341,1798056387,10,8750.625,1343.1445859030398,8765.5695080706937,10,10,for,416,22112
1,1342,1798056388,10,8753.75,1343.1445888214926,8765.5695270803462,10,10,for,416,22112
1,1343,1798056389,10,8756.875,1343.1445917399449,8765.5695460899951,10,10,for,416,22112
1,1344,1798056393,10,8760,1343.1446034137552,8765.5696221285998,10,10,for,416,22112
1,1345,1798056395,10,8763.125,1343.1446092506606,8765.5696601479031,10,10,for,416,22112
1,1346,1798056397,10,8766.25,1343.1446150875659,8765.5696981672063,10,10,for,416,22112
1,1347,1798056400,10,8769.375,1343.1446238429237,8765.5697551961584,10,10,for,416,22112
1,1348,1798056403,10,8772.5,1343.1446325982813,8765.5698122251124,10,10,for,416,22112
1,1349,1798056405,10,8775.625,1343.1446384351866,8765.5698502444156,10,10,for,416,22112
1,1350,1798056406,10,8778.75,1343.1446413536391,8765.5698692540645,10,10,for,416,22112
1,1351,1798056408,10,8781.875,1343.1446471905444,8765.5699072733678,10,10,for,416,22112
1,1352,1798056410,10,8785,1343.1446530274495,8765.5699452926692,10,10,for,416,22112
1,1353,1798056413,10,8788.125,1343.1446617828074,8765.5700023216232,10,10,for,416,22112
1,1354,1798056416,10,8791.25,1343.1446705381652,8765.5700593505771,10,10,for,416,22112
1,1355,1798056418,10,8794.375,1343.1446763750703,8765.5700973698786,10,10,for,416,22112
1,1356,1798056423,10,8797.5,1343.1446909673332,8765.570192418134,10,10,for,416,22112
1,1357,1798056426,10,8800.625,1343.1446997226913,8765.5702494470897,10,10,for,416,22112
1,1358,1798056432,10,8803.75,1343.1447172334067,8765.5703635049958,10,10,for,416,22112
1,1359,1798056433,10,8806.875,1343.1447201518592,8765.5703825146466,10,10,for,416,22112
1,1360,1798056436,10,8810,1343.1447289072171,8765.5704395435987,10,10,for,416,22112
1,1361,1798056444,10,8813.125,1343.1447522548378,8765.570591620808,10,10,for,416,22112
1,1362,1798056446,10,8816.25,1343.1447580917431,8765.5706296401113,10,10,for,416,22112
1,1363,1798056448,10,8819.375,1343.1447639286482,8765.5706676594127,10,10,for,416,22112
1,1364,1798056452,10,8822.5,1343.1447756024586,8765.5707436980174,10,10,for,416,22112
1,1365,1798056454,10,8825.625,1343.1447814393639,8765.5707817173206,10,10,for,416,22112
1,1366,1798056456,10,8828.75,1343.144787276269,8765.5708197366221,10,10,for,416,22112
1,1367,1798056458,10,8831.875,1343.1447931131743,8765.5708577559253,10,10,for,416,22112
1,1368,1798056461,10,8835,1343.1448018685319,8765.5709147848775,10,10,for,416,22112
1,1369,1798056464,10,8838.125,1343.1448106238897,8765.5709718138314,10,10,for,416,22112
1,1370,1798056468,10,8841.25,1343.1448222977001,8765.5710478524361,10,10,for,416,22112
1,1371,1798056471,10,8844.375,1343.1448310530579,8765.5711048813901,10,10,for,416,22112
1,1372,1798056473,10,8847.5,1343.144836889963,8765.5711429006915,10,10,for,416,22112
1,1373,1798056475,10,8850.625,1343.1448427268683,8765.5711809199947,10,10,for,416,22112
1,1374,1798056478,10,8853.75,1343.1448514822262,8765.5712379489469,10,10,for,416,22112
1,1375,1798056480,10,8856.875,1343.1448573191315,8765.5712759682501,10,10,for,416,22112
1,1376,1798056481,10,8860,1343.1448602375838,8765.5712949779008,10,10,for,416,22112
1,1377,1798211542,10,8863.125,1343.597398415613,8768.5189504935552,10,10,for,416,22112
1,1378,1798910508,10,8866.25,1345.6372975530135,8781.8060503133329,10,10,for,416,22112
1,1379,1799619173,10,8869.375,1347.705502762145,8795.277524739533,10,10,for,416,22112
1,1380,1800776938,10,8872.5,1351.0843850322585,8817.2862334933852,10,10,for,416,22112
1,1381,1801198586,10,8875.625,1352.3149447325682,8825.3016148779025,10,10,for,416,22112
1,1382,1801303433,10,8878.75,1352.6209357319287,8827.2947197711364,10,10,for,416,22112
1,1383,1802282316,10,8881.875,1355.4777593647175,8845.9029441094917,10,10,for,416,22112
1,1384,1802773009,10,8885,1356.9098236245361,8855.2308468570754,10,10,for,416,22112
1,1385,1803718548,10,8888.125,1359.6693343739551,8873.2052133877696,10,10,for,416,22112
1,1386,1804571556,10,8891.25,1362.1587977861891,8889.4205978886876,10,10,for,416,22112
1,1387,1804667369,10,8894.375,1362.4384234847948,8891.2419695935096,10,10,for,416,22112
1,1388,1805143417,10,8897.5,1363.8277470063413,8900.291476000124,10,10,for,416,22112
1,1389,1805493503,10,8900.625,1364.8494564019568,8906.9464887296508,10,10,for,416,22112
1,1390,1805628164,10,8903.75,1365.2424581470225,8909.5063473620194,10,10,for,416,22112
1,1391,1806466596,10,8906.875,1367.6893821942133,8925.4446471879,10,10,for,416,22112
1,1392,1807914644,10,8910,1371.9154416393283,8952.971534504064,10,10,for,416,22112
1,1393,1808032415,10,8913.125,1372.259150720043,8955.21032012865,10,10,for,416,22112
1,1394,1808492401,10,8916.25,1373.601598055988,8963.9544935186295,10,11,for,416,22112
1,1395,1808583767,10,8919.375,1373.8682453958984,8965.6913293048256,10,11,for,416,22112
1,1396,1808903952,10,8922.5,1374.8026901404332,8971.7779344555711,10,11,for,416,22112
1,1397,1809359423,10,8925.625,1376.1319606629061,8980.436279270647,10,11,for,416,22112
1,1398,1809818127,10,8928.75,1377.4706665426229,8989.1560822878637,10,11,for,416,22112
1,1399,1809842064,10,8931.875,1377.5405255424196,8989.6111163072364,10,11,for,416,22112
1,1400,1810496029,10,8935,1379.4490913945356,9002.042762815996,10,11,for,416,22112
1,1401,1810986466,10,8938.125,1380.8804085304894,9011.3657990928859,10,11,for,416,22112
1,1402,1811927150,10,8941.25,1383.6257501925536,9029.2478737672882,10,11,for,416,22112
1,1403,1813467524,10,8944.375,1388.1212586920713,9058.5298461347429,10,11,for,416,22112
1,1404,1813644243,10,8947.5,1388.6370047164303,9061.8892126748196,10,11,for,416,22112
1,1405,1813703872,10,8950.625,1388.8110291262931,9063.0227391627377,10,11,for,416,22112
1,1406,1814619216,10,8953.75,1391.4824171995679,9080.4231092772134,10,11,for,416,22112
1,1407,1814923984,10,8956.875,1392.3718681604259,9086.216642636311,10,11,for,416,22112
1,1408,1815674527,11,8976,1394.5622923273838,9100.4842032330143,10,11,raw,1040,22112
1,1409,1816626009,11,8984,1397.3391474405823,9118.5715441204429,10,11,raw,1040,22112
1,1410,1817347237,11,8992,1399.4440171696806,9132.2818367939326,10,11,raw,1040,22112
1,1411,1817736487,11,9000,1400.5800248427763,9139.6813435007662,10,11,raw,1040,22112
1,1412,1818272731,11,9008,1402.1450275368077,9149.8751548674954,10,11,raw,1040,22112
1,1413,1818447303,11,9016,1402.6545076434425,9153.1937076865725,10,11,raw,1040,22112
1,1414,1819292020,11,9024,1405.1197741652009,9169.2514831698754,10,11,raw,1040,22112
1,1415,1819503934,11,9032,1405.7382351286856,9173.279894381878,10,11,raw,1040,22112
1,1416,1819709898,11,9040,1406.3393312992225,9177.1951981695893,10,11,raw,1040,22112
1,1417,1820001442,11,9048,1407.1901886429478,9182.7373479019898,10,11,raw,1040,22112
1,1418,1821319734,11,9056,1411.0375613529818,9207.7976189246365,11,11,raw,1040,22112
1,1419,1821869137,11,9064,1412.6409679647272,9218.2415782907374,11,11,raw,1040,22112
1,1420,1822555445,11,9072,1414.6439253291639,9231.2880539463658,11,11,raw,1040,22112
1,1421,1822873659,11,9080,1415.5726178036316,9237.3371910747119,11,11,raw,1040,22112
1,1422,1823129436,11,9088,1416.3190908533463,9242.1994226147344,11,11,raw,1040,22112
1,1423,1823940848,11,9096,1418.6871583113859,9257.6240816667705,11,11,raw,1040,22112
1,1424,1824363841,11,9104,1419.9216433304375,9265.6650310320711,11,11,raw,1040,22112
1,1425,1824764142,11,9112,1421.0899028231747,9273.2746133936707,11,11,raw,1040,22112
1,1426,1825745431,11,9120,1423.9537482529101,9291.9285749526734,11,11,raw,1040,22112
1,1427,1826148955,11,9128,1425.1314139183648,9299.5994254199013,11,11,raw,1040,22112
1,1428,1828816254,11,9136,1432.9157996099275,9350.3038489000046,11,11,raw,1040,22112
1,1429,1829092697,11,9144,1433.7225854009964,9355.5589338905174,11,11,raw,1040,22112
1,1430,1829800901,11,9152,1435.7894452034811,9369.0216448675419,11,11,raw,1040,22112
1,1431,1831445748,11,9160,1440.5898532010881,9400.2896125187035,11,11,raw,1040,22112
1,1432,1833184172,11,9168,1445.6633612372959,9433.3364462947357,11,11,raw,1040,22112
1,1433,1833472975,11,9176,1446.5062191024549,9438.8264905733595,11,11,raw,1040,22112
1,1434,1833524394,11,9184,1446.6562830165021,9439.8039478254032,11,11,raw,1040,22112
1,1435,1833958957,11,9192,1447.9245345320926,9448.0648388544123,11,11,raw,1040,22112
1,1436,1834270291,11,9200,1448.8331480526979,9453.9831895829047,11,11,raw,1040,22112
1,1437,1834914263,11,9208,1450.712549808019,9466.2248726478065,11,11,raw,1040,22112
1,1438,1835254880,11,9216,1451.7066243760009,9472.6998829906752,11,11,raw,1040,22112
1,1439,1836672477,11,9224,1455.8438140211072,9499.6479074199287,11,11,raw,1040,22112
1,1440,1837331802,11,9232,1457.7680227791388,9512.1814456588054,11,11,raw,1040,22112
1,1441,1837438292,11,9240,1458.078808796115,9514.2057834088664,11,11,raw,1040,22112
1,1442,1838056182,11,9248,1459.8820914708206,9525.9516567526953,11,11,raw,1040,22112
1,1443,1838853753,11,9256,1462.2097646264756,9541.1132032232817,11,11,raw,1040,22112
1,1444,1841249266,11,9264,1469.20095576071,9586.6510696582391,11,11,raw,1040,22112
1,1445,1841740652,11,9272,1470.6350425081775,9595.9921460940623,11,11,raw,1040,22112
1,1446,1842150644,11,9280,1471.8315847250251,9603.7859509848731,11,11,raw,1040,22112
1,1447,1842554305,11,9288,1473.0096502184856,9611.459405774307,11,11,raw,1040,22112
1,1448,1842847219,11,9296,1473.8645058422678,9617.0275987287714,11,11,raw,1040,22112
1,1449,1843339326,11,9304,1475.3006967940576,9626.3823811230686,11,11,raw,1040,22112
1,1450,1844806029,11,9312,1479.5811999723558,9654.2638934812767,11,11,raw,1040,22112
1,1451,1845167130,11,9320,1480.6350561233194,9661.1282975181293,11,11,raw,1040,22112
1,1452,1846084465,11,9328,1483.3122548357135,9678.5665158480278,11,11,raw,1040,22112
1,1453,1846733195,11,9336,1485.2055425884876,9690.8986468330604,11,11,raw,1040,22112
1,1454,1847706299,11,9344,1488.0455004837227,9709.3970143974711,11,11,raw,1040,22112
1,1455,1847868210,11,9352,1488.5180300620364,9712.4748860234449,11,11,raw,1040,22112
1,1456,1849073429,11,9360,1492.0354045816532,9735.3856787625646,11,11,raw,1040,22112
1,1457,1849665899,11,9368,1493.7645001913618,9746.648326774377,11,11,raw,1040,22112
1,1458,1850318178,11,9376,1495.6681455324003,9759.0479230113124,11,11,raw,1040,22112
1,1459,1851062123,11,9384,1497.839313749128,9773.1900579297835,11,11,raw,1040,22112
1,1460,1851867029,11,9392,1500.1883937545765,9788.4910401914949,11,11,raw,1040,22112
1,1461,1853065177,11,9400,1503.685131895885,9811.2674156873945,11,11,raw,1040,22112
1,1462,1853198962,11,9408,1504.0755770764763,9813.8106218653611,11,11,raw,1040,22112
1,1463,1853550852,11,9416,1505.1025513605757,9820.499928005549,11,11,raw,1040,22112
1,1464,1853782000,11,9424,1505.7771458412969,9824.8939708476064,11,11,raw,1040,22112
1,1465,1854769939,11,9432,1508.6603989807975,9843.6743465867003,11,11,raw,1040,22112
1,1466,1855491268,11,9440,1510.7655634736079,9857.3865592349575,11,11,raw,1040,22112
1,1467,1857473807,11,9448,1516.5515095653527,9895.0739339993997,11,11,raw,1040,22112
1,1468,1857640697,11,9456,1517.0385701191435,9898.2464546784067,11,11,raw,1040,22112
1,1469,1858074894,11,9464,1518.3057534810835,9906.5003881750981,11,11,raw,1040,22112
1,1470,1858074896,11,9472,1518.3057593179885,9906.5004261943996,11,11,raw,1040,22112
1,1471,1858074898,11,9480,1518.3057651548938,9906.5004642137028,11,11,raw,1040,22112
1,1472,1858074905,11,9488,1518.3057855840618,9906.5005972812596,11,11,raw,1040,22112
1,1473,1858074906,11,9496,1518.3057885025146,9906.5006162909103,11,11,raw,1040,22112
1,1474,1858074907,11,9504,1518.3057914209671,9906.5006353005629,11,11,raw,1040,22112
1,1475,1858074910,11,9512,1518.305800176325,9906.500692329515,11,11,raw,1040,22112
1,1476,1858074911,11,9520,1518.3058030947775,9906.5007113391675,11,11,raw,1040,22112
1,1477,1858074913,11,9528,1518.3058089316826,9906.500749358469,11,11,raw,1040,22112
1,1478,1858074917,11,9536,1518.305820605493,9906.5008253970736,11,11,raw,1040,22112
1,1479,1858074920,11,9544,1518.305829360851,9906.5008824260276,11,11,raw,1040,22112
1,1480,1858074923,11,9552,1518.3058381162086,9906.5009394549797,11,11,raw,1040,22112
1,1481,1858074925,11,9560,1518.3058439531137,9906.500977474283,11,11,raw,1040,22112
1,1482,1858074926,11,9568,1518.3058468715665,9906.5009964839337,11,11,raw,1040,22112
1,1483,1858074927,11,9576,1518.305849790019,9906.5010154935844,11,11,raw,1040,22112
1,1484,1858074928,11,9584,1518.3058527084718,9906.501034503237,11,11,raw,1040,22112
1,1485,1858074930,11,9592,1518.3058585453769,9906.5010725225384,11,11,raw,1040,22112
1,1486,1858074933,11,9600,1518.3058673007347,9906.5011295514923,11,11,raw,1040,22112
1,1487,1858074936,11,9608,1518.3058760560925,9906.5011865804463,11,11,raw,1040,22112
1,1488,1858074940,11,9616,1518.3058877299029,9906.501262619051,11,11,raw,1040,22112
1,1489,1858074941,11,9624,1518.3058906483554,9906.5012816287017,11,11,raw,1040,22112
1,1490,1858074944,11,9632,1518.3058994037133,9906.5013386576538,11,11,raw,1040,22112
1,1491,1858074946,11,9640,1518.3059052406184,9906.5013766769571,11,11,raw,1040,22112
1,1492,1858074949,11,9648,1518.3059139959762,9906.501433705911,11,11,raw,1040,22112
1,1493,1858074951,11,9656,1518.3059198328813,9906.5014717252125,11,11,raw,1040,22112
1,1494,1858074953,11,9664,1518.3059256697866,9906.5015097445157,11,11,raw,1040,22112
1,1495,1858074955,11,9672,1518.3059315066916,9906.5015477638171,11,11,raw,1040,22112
1,1496,1858074958,11,9680,1518.3059402620497,9906.5016047927711,11,11,raw,1040,22112
1,1497,1858074959,11,9688,1518.305943180502,9906.5016238024218,11,11,raw,1040,22112
1,1498,1858074961,11,9696,1518.3059490174073,9906.5016618217232,11,11,raw,1040,22112
1,1499,1858074962,11,9704,1518.3059519358601,9906.5016808313758,11,11,raw,1040,22112
1,1500,1858074964,11,9712,1518.3059577727652,9906.5017188506772,11,11,raw,1040,22112
1,1501,1858074966,11,9720,1518.3059636096705,9906.5017568699805,11,11,raw,1040,22112
1,1502,1858074970,11,9728,1518.3059752834808,9906.5018329085851,11,11,raw,1040,22112
1,1503,1858074972,11,9736,1518.3059811203859,9906.5018709278866,11,11,raw,1040,22112
1,1504,1858074979,11,9744,1518.3060015495541,9906.5020039954452,11,11,raw,1040,22112
1,1505,1858074982,11,9752,1518.306010304912,9906.5020610243973,11,11,raw,1040,22112
1,1506,1858074985,11,9760,1518.3060190602696,9906.5021180533513,11,11,raw,1040,22112
1,1507,1858074987,11,9768,1518.3060248971749,9906.5021560726545,11,11,raw,1040,22112
1,1508,1858074992,11,9776,1518.3060394894378,9906.5022511209081,11,11,raw,1040,22112
1,1509,1858074993,11,9784,1518.3060424078903,9906.5022701305606,11,11,raw,1040,22112
1,1510,1858074999,11,9792,1518.306059918606,9906.5023841884667,11,11,raw,1040,22112
1,1511,1858075000,11,9800,1518.3060628370586,9906.5024031981175,11,11,raw,1040,22112
1,1512,1858075002,11,9808,1518.3060686739639,9906.5024412174207,11,11,raw,1040,22112
1,1513,1858075005,11,9816,1518.3060774293215,9906.5024982463747,11,11,raw,1040,22112
1,1514,1858075007,11,9824,1518.3060832662268,9906.5025362656761,11,11,raw,1040,22112
1,1515,1858075009,11,9832,1518.3060891031319,9906.5025742849775,11,11,raw,1040,22112
1,1516,1858075012,11,9840,1518.3060978584899,9906.5026313139333,11,11,raw,1040,22112
1,1517,1858075015,11,9848,1518.3061066138475,9906.5026883428854,11,11,raw,1040,22112
1,1518,1858075018,11,9856,1518.3061153692054,9906.5027453718394,11,11,raw,1040,22112
1,1519,1858075021,11,9864,1518.306124124563,9906.5028024007916,11,11,raw,1040,22112
1,1520,1858075027,11,9872,1518.3061416352787,9906.5029164586995,11,11,raw,1040,22112
1,1521,1858075028,11,9880,1518.3061445537314,9906.5029354683502,11,11,raw,1040,22112
1,1522,1858075029,11,9888,1518.306147472184,9906.5029544780027,11,11,raw,1040,22112
1,1523,1858075037,11,9896,1518.3061708198047,9906.5031065552121,11,11,raw,1040,22112
1,1524,1858075040,11,9904,1518.3061795751626,9906.5031635841642,11,11,raw,1040,22112
1,1525,1858075043,11,9912,1518.3061883305202,9906.5032206131182,11,11,raw,1040,22112
1,1526,1858075044,11,9920,1518.3061912489729,9906.5032396227689,11,11,raw,1040,22112
1,1527,1858075046,11,9928,1518.306197085878,9906.5032776420703,11,11,raw,1040,22112
1,1528,1858075048,11,9936,1518.3062029227833,9906.5033156613736,11,11,raw,1040,22112
1,1529,1858075051,11,9944,1518.3062116781409,9906.5033726903257,11,11,raw,1040,22112
1,1530,1858075054,11,9952,1518.306220433499,9906.5034297192815,11,11,raw,1040,22112
1,1531,1858075057,11,9960,1518.3062291888566,9906.5034867482336,11,11,raw,1040,22112
1,1532,1858075060,11,9968,1518.3062379442144,9906.5035437771876,11,11,raw,1040,22112
1,1533,1858075062,11,9976,1518.3062437811197,9906.503581796489,11,11,raw,1040,22112
1,1534,1858075064,11,9984,1518.3062496180248,9906.5036198157904,11,11,raw,1040,22112
1,1535,1858075069,11,9992,1518.3062642102877,9906.5037148640477,11,11,raw,1040,22112
1,1536,1858075070,12,10016,1518.3062671287405,9906.5037338736984,11,11,raw,1040,22112
1,1537,1858075075,12,10024,1518.3062817210034,9906.5038289219556,11,11,raw,1040,22112
1,1538,1858075076,12,10032,1518.306284639456,9906.5038479316045,11,11,raw,1040,22112
1,1539,1858075078,12,10040,1518.3062904763613,9906.5038859509077,11,11,raw,1040,22112
1,1540,1858075081,12,10048,1518.3062992317189,9906.5039429798617,11,11,raw,1040,22112
1,1541,1858075084,12,10056,1518.3063079870767,9906.5040000088138,11,11,raw,1040,22112
1,1542,1858075085,12,10064,1518.3063109055292,9906.5040190184645,11,11,raw,1040,22112
1,1543,1858075088,12,10072,1518.3063196608871,9906.5040760474185,11,11,raw,1040,22112
1,1544,1858075091,12,10080,1518.3063284162449,9906.5041330763725,11,11,raw,1040,22112
1,1545,1858075093,12,10088,1518.30633425315,9906.5041710956739,11,11,raw,1040,22112
1,1546,1858075095,12,10096,1518.3063400900553,9906.5042091149771,11,11,raw,1040,22112
1,1547,1858075098,12,10104,1518.3063488454131,9906.5042661439311,11,11,raw,1040,22112
1,1548,1858075104,12,10112,1518.3063663561286,9906.5043802018372,11,11,raw,1040,22112
1,1549,1858075107,12,10120,1518.3063751114864,9906.5044372307912,11,11,raw,1040,22112
1,1550,1858075110,12,10128,1518.3063838668443,9906.5044942597433,11,11,raw,1040,22112
1,1551,1858075113,12,10136,1518.3063926222019,9906.5045512886973,11,11,raw,1040,22112
1,1552,1858075116,12,10144,1518.3064013775597,9906.5046083176512,11,11,raw,1040,22112
1,1553,1858075118,12,10152,1518.306407214465,9906.5046463369526,11,11,raw,1040,22112
1,1554,1858075124,12,10160,1518.3064247251805,9906.5047603948606,11,11,raw,1040,22112
1,1555,1858075126,12,10168,1518.3064305620858,9906.504798414162,11,11,raw,1040,22112
1,1556,1858075129,12,10176,1518.3064393174436,9906.504855443116,11,11,raw,1040,22112
1,1557,1858075130,12,10184,1518.3064422358962,9906.5048744527667,11,11,raw,1040,22112
1,1558,1858075133,12,10192,1518.306450991254,9906.5049314817206,11,11,raw,1040,22112
1,1559,1858075136,12,10200,1518.3064597466116,9906.5049885106746,11,11,raw,1040,22112
1,1560,1858075138,12,10208,1518.3064655835169,9906.505026529976,11,11,raw,1040,22112
1,1561,1858075139,12,10216,1518.3064685019694,9906.5050455396267,11,11,raw,1040,22112
1,1562,1858075141,12,10224,1518.3064743388748,9906.50508355893,11,11,raw,1040,22112
1,1563,1858075143,12,10232,1518.3064801757798,9906.5051215782314,11,11,raw,1040,22112
1,1564,1858075144,12,10240,1518.3064830942324,9906.5051405878821,11,11,raw,1040,22112
1,1565,1858075148,12,10248,1518.3064947680427,9906.5052166264868,11,11,raw,1040,22112
1,1566,1858075153,12,10256,1518.3065093603059,9906.505311674744,11,11,raw,1040,22112
1,1567,1858075156,12,10264,1518.3065181156635,9906.5053687036961,11,11,raw,1040,22112
1,1568,1858689330,12,10272,1520.0989558205215,9918.1806021838838,11,11,raw,1040,22112
1,1569,1858945727,12,10280,1520.847238310846,9923.0546197076146,11,11,raw,1040,22112
1,1570,1859851728,12,10288,1523.4913592815137,9940.2773826514749,11,11,raw,1040,22112
1,1571,1861760446,12,10296,1529.0618622841498,9976.5614459589997,11,11,raw,1040,22112
1,1572,1862597921,12,10304,1531.5059933722059,9992.4815535487378,11,11,raw,1040,22112
1,1573,1863192967,12,10312,1533.2426069158025,10003.79317042189,11,12,raw,1040,22112
1,1574,1863978861,12,10320,1535.5362013004908,10018.732741196098,11,12,raw,1040,22112
1,1575,1864830813,12,10328,1538.022582826783,10034.928051505411,12,12,raw,1040,22112
1,1576,1865126526,12,10336,1538.8856071993823,10040.549452473422,12,12,raw,1040,22112
1,1577,1866431346,12,10344,1542.6936625160395,10065.353625475889,12,12,raw,1040,22112
1,1578,1867508557,12,10352,1545.8374517557138,10085.831030791687,12,12,raw,1040,22112
1,1579,1867988096,12,10360,1547.2369635952737,10094.946899890438,12,12,raw,1040,22112
1,1580,1868761413,12,10368,1549.4938526016588,10109.647386282239,12,12,raw,1040,22112
1,1581,1869740880,12,10376,1552.3523806107637,10128.266712256862,12,12,raw,1040,22112
1,1582,1871044127,12,10384,1556.1558452014872,10153.040983078085,12,12,raw,1040,22112
1,1583,1871587397,12,10392,1557.7413529434593,10163.368356253734,12,12,raw,1040,22112
1,1584,1872274365,12,10400,1559.7462364866099,10176.427378279115,12,12,raw,1040,22112
1,1585,1873034849,12,10408,1561.9656729908272,10190.883913817817,12,12,raw,1040,22112
1,1586,1873898665,12,10416,1564.4866790387216,10207.304754628274,12,12,raw,1040,22112
1,1587,1874656023,12,10424,1566.6969924601228,10221.701865997507,12,12,raw,1040,22112
1,1588,1875312740,12,10432,1568.6135898937837,10234.185827066207,12,12,raw,1040,22112
1,1589,1876162732,12,10440,1571.0942512529873,10250.343878459284,12,12,raw,1040,22112
1,1590,1877112265,12,10448,1573.8654183020758,10268.394169536637,12,12,raw,1040,22112
1,1591,1877272168,12,10456,1574.3320876275761,10271.433869783119,12,12,raw,1040,22112
1,1592,1877729465,12,10464,1575.66668724449,10280.126926221179,12,12,raw,1040,22112
1,1593,1878542190,12,10472,1578.0385866307888,10295.576544945165,12,12,raw,1040,22112
1,1594,1879386016,12,10480,1580.5012528112838,10311.617382829301,12,12,raw,1040,22112
1,1595,1880031398,12,10488,1582.384769584766,10323.885869502314,12,12,raw,1040,22112
1,1596,1880638084,12,10496,1584.1553539165832,10335.418758714753,12,12,raw,1040,22112
1,1597,1881045117,12,10504,1585.3432604321981,10343.156314047836,12,12,raw,1040,22112
1,1598,1882904084,12,10512,1590.7685674997174,10378.494628201419,12,12,raw,1040,22112
1,1599,1883351707,12,10520,1592.074934006215,10387.003785274337,12,12,raw,1040,22112
1,1600,1884845900,12,10528,1596.4356654463845,10415.407872942425,12,12,raw,1040,22112
1,1601,1885692130,12,10536,1598.9053475869209,10431.494410027906,12,12,raw,1040,22112
1,1602,1888094857,12,10544,1605.9175924381848,10477.169412086199,12,12,raw,1040,22112
1,1603,1888697754,12,10552,1607.6771187531147,10488.630273730463,12,12,raw,1040,22112
1,1604,1888854104,12,10560,1608.1334188165406,10491.602432686439,12,12,raw,1040,22112
1,1605,1888987547,12,10568,1608.5228658863439,10494.139137563716,12,12,raw,1040,22112
1,1606,1889393057,12,10576,1609.706327598655,10501.847741198111,12,12,raw,1040,22112
1,1607,1889760505,12,10584,1610.7787071682469,10508.832799490758,12,12,raw,1040,22112
1,1608,1890550961,12,10592,1613.0856155336794,10523.859092293471,12,12,raw,1040,22112
1,1609,1892229488,12,10600,1617.9843170147287,10555.767304995081,12,12,raw,1040,22112
1,1610,1892905034,12,10608,1619.9558659923246,10568.609198785125,12,12,raw,1040,22112
1,1611,1893724558,12,10616,1622.3476079378252,10584.18806412722,12,12,raw,1040,22112
1,1612,1894934793,12,10624,1625.879621415665,10607.194209276469,12,12,raw,1040,22112
1,1613,1896734760,12,10632,1631.1327397800046,10641.410954012703,12,12,raw,1040,22112
1,1614,1898278431,12,10640,1635.6378704177321,10670.755601199973,12,12,raw,1040,22112
1,1615,1899433663,12,10648,1639.0093602474196,10692.716158507485,12,12,raw,1040,22112
1,1616,1900345461,12,10656,1641.670399487788,10710.049120399013,12,12,raw,1040,22112
1,1617,1901158136,12,10664,1644.0421529514567,10725.497788640439,12,12,raw,1040,22112
1,1618,1902259801,12,10672,1647.2573100309201,10746.440055965255,12,12,raw,1040,22112
1,1619,1903358002,12,10680,1650.4623575905898,10767.316473858515,12,12,raw,1040,22112
1,1620,1903806328,12,10688,1651.7707757692626,10775.838994716183,12,12,raw,1040,22112
1,1621,1904433135,12,10696,1653.6000822857691,10787.754377119241,12,12,raw,1040,22112
1,1622,1905103355,12,10704,1655.5560875848373,10800.495025507307,12,12,raw,1040,22112
1,1623,1905586140,12,10712,1656.9650727215246,10809.672599933661,12,12,raw,1040,22112
1,1624,1906068012,12,10720,1658.3713933109916,10818.832818548524,12,12,raw,1040,22112
1,1625,1907263992,12,10728,1661.8618042470714,10841.56798112075,12,12,raw,1040,22112
1,1626,1907712068,12,10736,1663.1694928125951,10850.085749565635,12,12,raw,1040,22112
1,1627,1910521635,12,10744,1671.369080918123,10903.494638094338,13,12,raw,1040,22112
1,1628,1911246223,12,10752,1673.4837566479448,10917.268803195664,13,12,raw,1040,22112
1,1629,1911730225,12,10760,1674.8962935414418,10926.469512367459,13,12,raw,1040,22112
1,1630,1911862023,12,10768,1675.2809397567241,10928.974946368608,13,12,raw,1040,22112
1,1631,1911990131,12,10776,1675.6548168819263,10931.410234757044,13,12,raw,1040,22112
1,1632,1912006890,12,10784,1675.7037272289872,10931.728817500525,13,12,raw,1040,22112
1,1633,1913580038,12,10792,1680.2948850938949,10961.633812174494,13,12,raw,1040,22112
1,1634,1914496799,12,10800,1682.9704086144984,10979.061118964637,13,12,raw,1040,22112
1,1635,1915228315,12,10808,1685.1053033839071,10992.966982929071,13,12,raw,1040,22112
1,1636,1917548865,12,10816,1691.8777185561678,11037.079828885508,13,12,raw,1040,22112
1,1637,1917939764,12,10824,1693.0185387575948,11044.510682507072,13,13,raw,1040,22112
1,1638,1918652654,12,10832,1695.0990744289454,11058.062472709345,13,13,raw,1040,22112
1,1639,1919374457,12,10840,1697.2056222682868,11071.783695932243,13,13,raw,1040,22112
1,1640,1919728913,12,10848,1698.240085301748,11078.521780837258,13,13,raw,1040,22112
1,1641,1921503924,12,10856,1703.4203707630954,11112.264120719605,13,13,raw,1040,22112
1,1642,1922611027,12,10864,1706.6513983877771,11133.309762527326,13,13,raw,1040,22112
1,1643,1922884375,12,10872,1707.4491515680606,11138.506012647556,13,13,raw,1040,22112
1,1644,1922947319,12,10880,1707.6328506482801,11139.702556129008,13,13,raw,1040,22112
1,1645,1923755388,12,10888,1709.9911617192904,11155.063665917278,13,13,raw,1040,22112
1,1646,1924027851,12,10896,1710.7863320690262,11160.243092496248,13,13,raw,1040,22112
1,1647,1924611160,12,10904,1712.4886917345004,11171.331593093952,13,13,raw,1040,22112
1,1648,1925365394,12,10912,1714.6898879099911,11185.669318313019,13,13,raw,1040,22112
1,1649,1926040240,12,10920,1716.6593939707698,11198.497905347265,13,13,raw,1040,22112
1,1650,1926258603,12,10928,1717.2966760350478,11202.64890979948,13,13,raw,1040,22112
1,1651,1926721967,12,10936,1718.6489819038627,11211.457297791012,13,13,raw,1040,22112
1,1652,1926721972,12,10944,1718.6489964961258,11211.457392839269,13,13,raw,1040,22112
1,1653,1926721974,12,10952,1718.6490023330311,11211.457430858572,13,13,raw,1040,22112
1,1654,1926721975,12,10960,1718.6490052514835,11211.457449868221,13,13,raw,1040,22112
1,1655,1926721976,12,10968,1718.6490081699362,11211.457468877874,13,13,raw,1040,22112
1,1656,1926721978,12,10976,1718.6490140068415,11211.457506897177,13,13,raw,1040,22112
1,1657,1926721981,12,10984,1718.6490227621994,11211.457563926131,13,13,raw,1040,22112
1,1658,1926721982,12,10992,1718.6490256806519,11211.45758293578,13,13,raw,1040,22112
1,1659,1926721983,12,11000,1718.6490285991042,11211.457601945431,13,13,raw,1040,22112
1,1660,1926721992,12,11008,1718.6490548651777,11211.457773032293,13,13,raw,1040,22112
1,1661,1926721994,12,11016,1718.649060702083,11211.457811051596,13,13,raw,1040,22112
1,1662,1926721995,12,11024,1718.6490636205356,11211.457830061247,13,13,raw,1040,22112
1,1663,1926721999,12,11032,1718.6490752943462,11211.457906099851,13,13,raw,1040,22112
1,1664,1926722002,13,11072,1718.6490840497038,11211.457963128805,13,13,linear,432,22112
1,1665,1926722003,13,11075.125,1718.6490869681563,11211.457982138454,13,13,linear,432,22112
1,1666,1926722013,13,11078.25,1718.6491161526824,11211.458172234967,13,13,linear,432,22112
1,1667,1926722019,13,11081.375,1718.6491336633978,11211.458286292873,13,13,linear,432,22112
1,1668,1926722020,13,11084.5,1718.6491365818506,11211.458305302525,13,13,linear,432,22112
1,1669,1926722022,13,11087.625,1718.6491424187557,11211.458343321827,13,13,linear,432,22112
1,1670,1926722023,13,11090.75,1718.6491453372084,11211.458362331479,13,13,linear,432,22112
1,1671,1926722026,13,11093.875,1718.6491540925661,11211.458419360431,13,13,linear,432,22112
1,1672,1926722027,13,11097,1718.6491570110186,11211.458438370082,13,13,linear,432,22112
1,1673,1926722030,13,11100.125,1718.6491657663764,11211.458495399034,13,13,linear,432,22112
1,1674,1926722033,13,11103.25,1718.649174521734,11211.458552427988,13,13,linear,432,22112
1,1675,1926722036,13,11106.375,1718.6491832770921,11211.458609456944,13,13,linear,432,22112
1,1676,1926722039,13,11109.5,1718.6491920324499,11211.458666485896,13,13,linear,432,22112
1,1677,1926722043,13,11112.625,1718.6492037062601,11211.458742524499,13,13,linear,432,22112
1,1678,1926722044,13,11115.75,1718.6492066247129,11211.458761534153,13,13,linear,432,22112
1,1679,1926722045,13,11118.875,1718.6492095431654,11211.458780543802,13,13,linear,432,22112
1,1680,1926722048,13,11122,1718.649218298523,11211.458837572756,13,13,linear,432,22112
1,1681,1926722051,13,11125.125,1718.6492270538808,11211.458894601708,13,13,linear,432,22112
1,1682,1926722055,13,11128.25,1718.6492387276915,11211.458970640315,13,13,linear,432,22112
1,1683,1926722059,13,11131.375,1718.6492504015016,11211.459046678918,13,13,linear,432,22112
1,1684,1926722064,13,11134.5,1718.6492649937645,11211.459141727173,13,13,linear,432,22112
1,1685,1926722066,13,11137.625,1718.6492708306698,11211.459179746476,13,13,linear,432,22112
1,1686,1926722067,13,11140.75,1718.6492737491224,11211.459198756127,13,13,linear,432,22112
1,1687,1926722069,13,11143.875,1718.6492795860277,11211.45923677543,13,13,linear,432,22112
1,1688,1926722074,13,11147,1718.6492941782906,11211.459331823686,13,13,linear,432,22112
1,1689,1926722076,13,11150.125,1718.6493000151959,11211.459369842989,13,13,linear,432,22112
1,1690,1926722078,13,11153.25,1718.6493058521012,11211.459407862292,13,13,linear,432,22112
1,1691,1926722079,13,11156.375,1718.6493087705537,11211.459426871941,13,13,linear,432,22112
1,1692,1926722080,13,11159.5,1718.6493116890063,11211.459445881592,13,13,linear,432,22112
1,1693,1926722082,13,11162.625,1718.6493175259113,11211.459483900895,13,13,linear,432,22112
1,1694,1926722084,13,11165.75,1718.6493233628166,11211.459521920198,13,13,linear,432,22112
1,1695,1926722086,13,11168.875,1718.6493291997219,11211.4595599395,13,13,linear,432,22112
1,1696,1926722087,13,11172,1718.6493321181745,11211.45957894915,13,13,linear,432,22112
1,1697,1926722089,13,11175.125,1718.6493379550798,11211.459616968454,13,13,linear,432,22112
1,1698,1926722091,13,11178.25,1718.6493437919851,11211.459654987757,13,13,linear,432,22112
1,1699,1926722092,13,11181.375,1718.6493467104374,11211.459673997408,13,13,linear,432,22112
1,1700,1926722094,13,11184.5,1718.6493525473427,11211.459712016709,13,13,linear,432,22112
1,1701,1926722096,13,11187.625,1718.6493583842478,11211.459750036011,13,13,linear,432,22112
1,1702,1926722100,13,11190.75,1718.6493700580581,11211.459826074615,13,13,linear,432,22112
1,1703,1926722103,13,11193.875,1718.649378813416,11211.459883103569,13,13,linear,432,22112
1,1704,1926722105,13,11197,1718.6493846503213,11211.459921122872,13,13,linear,432,22112
1,1705,1926722107,13,11200.125,1718.6493904872266,11211.459959142174,13,13,linear,432,22112
1,1706,1926722112,13,11203.25,1718.6494050794895,11211.460054190431,13,13,linear,432,22112
1,1707,1926722113,13,11206.375,1718.649407997942,11211.46007320008,13,13,linear,432,22112
1,1708,1926722115,13,11209.5,1718.6494138348473,11211.460111219383,13,13,linear,432,22112
1,1709,1926722117,13,11212.625,1718.6494196717522,11211.460149238685,13,13,linear,432,22112
1,1710,1926722119,13,11215.75,1718.6494255086575,11211.460187257988,13,13,linear,432,22112
1,1711,1926722120,13,11218.875,1718.6494284271103,11211.46020626764,13,13,linear,432,22112
1,1712,1926722121,13,11222,1718.6494313455628,11211.460225277289,13,13,linear,432,22112
1,1713,1926722124,13,11225.125,1718.6494401009204,11211.460282306243,13,13,linear,432,22112
1,1714,1926722125,13,11228.25,1718.6494430193729,11211.460301315894,13,13,linear,432,22112
1,1715,1926722127,13,11231.375,1718.6494488562782,11211.460339335195,13,13,linear,432,22112
1,1716,1926722128,13,11234.5,1718.649451774731,11211.460358344848,13,13,linear,432,22112
1,1717,1926722132,13,11237.625,1718.6494634485412,11211.460434383453,13,13,linear,432,22112
1,1718,1926722135,13,11240.75,1718.649472203899,11211.460491412405,13,13,linear,432,22112
1,1719,1926722138,13,11243.875,1718.6494809592566,11211.460548441359,13,13,linear,432,22112
1,1720,1926722140,13,11247,1718.6494867961619,11211.46058646066,13,13,linear,432,22112
1,1721,1926722141,13,11250.125,1718.6494897146149,11211.460605470314,13,13,linear,432,22112
1,1722,1926722143,13,11253.25,1718.6494955515197,11211.460643489614,13,13,linear,432,22112
1,1723,1926722146,13,11256.375,1718.6495043068774,11211.460700518568,13,13,linear,432,22112
1,1724,1926722149,13,11259.5,1718.6495130622357,11211.460757547522,13,13,linear,432,22112
1,1725,1926722153,13,11262.625,1718.6495247360458,11211.460833586127,13,13,linear,432,22112
1,1726,1926722156,13,11265.75,1718.6495334914034,11211.460890615079,13,13,linear,432,22112
1,1727,1926722158,13,11268.875,1718.6495393283087,11211.460928634382,13,13,linear,432,22112
1,1728,1926722159,13,11272,1718.6495422467613,11211.460947644033,13,13,linear,432,22112
1,1729,1926722160,13,11275.125,1718.649545165214,11211.460966653685,13,13,linear,432,22112
1,1730,1926722162,13,11278.25,1718.6495510021193,11211.461004672989,13,13,linear,432,22112
1,1731,1926722163,13,11281.375,1718.6495539205719,11211.461023682637,13,13,linear,432,22112
1,1732,1926722166,13,11284.5,1718.6495626759295,11211.461080711591,13,13,linear,432,22112
1,1733,1926722171,13,11287.625,1718.6495772681926,11211.461175759847,13,13,linear,432,22112
1,1734,1926722176,13,11290.75,1718.6495918604555,11211.461270808102,13,13,linear,432,22112
1,1735,1926722179,13,11293.875,1718.6496006158134,11211.461327837056,13,13,linear,432,22112
1,1736,1926722181,13,11297,1718.6496064527187,11211.461365856359,13,13,linear,432,22112
1,1737,1926722183,13,11300.125,1718.6496122896235,11211.461403875659,13,13,linear,432,22112
1,1738,1926722186,13,11303.25,1718.6496210449816,11211.461460904615,13,13,linear,432,22112
1,1739,1926722188,13,11306.375,1718.6496268818864,11211.461498923914,13,13,linear,432,22112
1,1740,1926722191,13,11309.5,1718.6496356372447,11211.46155595287,13,13,linear,432,22112
1,1741,1926722199,13,11312.625,1718.6496589848655,11211.46170803008,13,13,linear,432,22112
1,1742,1926722202,13,11315.75,1718.6496677402231,11211.461765059033,13,13,linear,432,22112
1,1743,1926722205,13,11318.875,1718.6496764955809,11211.461822087986,13,13,linear,432,22112
1,1744,1926722207,13,11322,1718.6496823324862,11211.461860107289,13,13,linear,432,22112
1,1745,1926722209,13,11325.125,1718.6496881693911,11211.461898126588,13,13,linear,432,22112
1,1746,1926722219,13,11328.25,1718.6497173539171,11211.462088223101,13,13,linear,432,22112
1,1747,1926722222,13,11331.375,1718.6497261092748,11211.462145252055,13,13,linear,432,22112
1,1748,1927492699,13,11334.5,1720.8983267102865,11226.108644234613,13,13,linear,432,22112
1,1749,1928417860,13,11337.625,1723.5983652326991,11243.695632094348,13,13,linear,432,22112
1,1750,1928462943,13,11340.75,1723.7299378310963,11244.55264419676,13,13,linear,432,22112
1,1751,1928862851,13,11343.875,1724.8970503719634,11252.154755765459,13,13,linear,432,22112
1,1752,1929348524,13,11347,1726.3144639997483,11261.387230064311,13,13,linear,432,22112
1,1753,1929416727,13,11350.125,1726.5135112221712,11262.683745301114,13,13,linear,432,22112
1,1754,1929636155,13,11353.25,1727.1539014384646,11266.854995031794,13,13,linear,432,22112
1,1755,1930148792,13,11356.375,1728.6500082220557,11276.600045564028,13,13,linear,432,22112
1,1756,1931441216,13,11359.5,1732.4218864003296,11301.168574930945,13,13,linear,432,22112
1,1757,1931487596,13,11362.625,1732.5572442317443,11302.050242550888,13,13,linear,432,22112
1,1758,1932288936,13,11365.75,1734.8959170352348,11317.283436396629,13,13,linear,432,22112
1,1759,1932633089,13,11368.875,1735.9003112515966,11323.825664865932,13,13,linear,432,22112
1,1760,1933981642,13,11372,1739.8359992556461,11349.461186941769,13,13,linear,432,22112
1,1761,1934442165,13,11375.125,1741.1800138006358,11358.215568514415,13,13,linear,432,22112
1,1762,1936303493,13,11378.25,1746.6122113347346,11393.598764454342,13,13,linear,432,22112
1,1763,1936509036,13,11381.375,1747.2120788367283,11397.506065178921,13,13,linear,432,22112
1,1764,1937120437,13,11384.5,1748.996423672537,11409.128584896493,13,13,linear,432,22112
1,1765,1938112022,13,11387.625,1751.8903174902034,11427.978269823649,13,13,linear,432,22112
1,1766,1938386038,13,11390.75,1752.6900201968215,11433.187218390844,13,13,linear,432,22112
1,1767,1939288985,13,11393.875,1755.3252282132603,11450.351925860117,13,13,linear,432,22112
1,1768,1939794383,13,11397,1756.8002083185067,11459.959365527735,13,13,linear,432,22112
1,1769,1940206475,13,11400.125,1758.0028792858066,11467.793090685944,13,13,linear,432,22112
1,1770,1941401647,13,11403.25,1761.4909321121886,11490.512893460045,13,14,linear,432,22112
1,1771,1942325685,13,11406.375,1764.1876932123355,11508.078533481548,13,14,linear,432,22112
1,1772,1942370631,13,11409.5,1764.3188659827272,11508.932941261754,13,14,linear,432,22112
1,1773,1943257673,13,11412.625,1766.9076560106225,11525.795300229624,13,14,linear,432,22112
1,1774,1944033375,13,11415.75,1769.1715055264494,11540.541124639396,13,14,linear,432,22112
1,1775,1944968862,13,11418.875,1771.9016799903709,11558.324406156817,13,14,linear,432,22112
1,1776,1945730521,13,11422,1774.1245456763888,11572.80327803561,13,14,linear,432,22112
1,1777,1946952800,13,11425.125,1777.6917089972976,11596.038375423204,13,14,linear,432,22112
1,1778,1947272468,13,11428.25,1778.6246449018404,11602.115152584309,13,14,linear,432,22112
1,1779,1947925164,13,11431.375,1780.5295072376118,11614.522675845772,13,14,linear,432,22112
1,1780,1948570798,13,11434.5,1782.4137594611479,11626.79595295087,13,14,linear,432,22112
1,1781,1948820594,13,11437.625,1783.1427772458842,11631.544487767414,13,14,linear,432,22112
1,1782,1950620645,13,11440.75,1788.3961407602421,11665.762829314346,13,14,linear,432,22112
1,1783,1951831359,13,11443.875,1791.9295521768754,11688.778080086489,13,14,linear,432,22112
1,1784,1951934838,13,11447,1792.2315507330841,11690.745179776963,14,14,linear,432,22112
1,1785,1953197923,13,11450.125,1795.9178044306361,11714.755984989039,14,14,linear,432,22112
1,1786,1953198618,13,11453.25,1795.9198327551906,11714.769196696581,14,14,linear,432,22112
1,1787,1953928943,13,11456.375,1798.0512516475571,11728.652420166505,14,14,linear,432,22112
1,1788,1954143753,13,11459.5,1798.6781644497607,11732.735883328216,14,14,linear,432,22112
1,1789,1954824388,13,11462.625,1800.6645654326192,11745.674517232919,14,14,linear,432,22112
1,1790,1956309328,13,11465.75,1804.9982924309152,11773.902708598995,14,14,linear,432,22112
1,1791,1956570859,13,11468.875,1805.7615582568687,11778.874321671685,14,14,linear,432,22112
1,1792,1957369463,14,11488,1808.0922461740556,11794.055505111901,14,14,raw,1040,22112
1,1793,1958319193,14,11496,1810.8639881583056,11812.109541090529,14,14,raw,1040,22112
1,1794,1958898931,14,11504,1812.5559260295586,11823.130158224008,14,14,raw,1040,22112
1,1795,1959604867,14,11512,1814.616166781555,11836.549755312244,14,14,raw,1040,22112
1,1796,1960185578,14,11520,1816.3109443071842,11847.588868836283,14,14,raw,1040,22112
1,1797,1960352927,14,11528,1816.799344430716,11850.770114945162,14,14,raw,1040,22112
1,1798,1961294533,14,11536,1819.5473769060739,11868.669716517916,14,14,raw,1040,22112
1,1799,1962088023,14,11544,1821.8631398566836,11883.753684602196,14,14,raw,1040,22112
1,1800,1963804826,14,11552,1826.8735480293076,11916.389510710897,14,14,raw,1040,22112
1,1801,1964284729,14,11560,1828.2741221856127,11925.512299322663,14,14,raw,1040,22112
1,1802,1964840687,14,11568,1829.8966592541262,11936.080866951996,14,14,raw,1040,22112
1,1803,1965041271,14,11576,1830.4820541496954,11939.893898816565,14,14,raw,1040,22112
1,1804,1965489194,14,11584,1831.7892961919717,11948.408758784824,14,14,raw,1040,22112
1,1805,1965708949,14,11592,1832.4306407422637,11952.586224671428,14,14,raw,1040,22112
1,1806,1965927941,14,11600,1833.0697585132248,11956.749186194209,14,14,raw,1040,22112
1,1807,1966722913,14,11608,1835.3898466105818,11971.861326581478,14,14,raw,1040,22112
1,1808,1966730662,14,11616,1835.4124616997506,11972.008632368175,14,14,raw,1040,22112
1,1809,1967005646,14,11624,1836.2149894684817,11977.235982277673,14,14,raw,1040,22112
1,1810,1967024324,14,11632,1836.2695003260746,11977.591044541694,14,14,raw,1040,22112
1,1811,1967550170,14,11640,1837.8041569500094,11987.587193555852,14,14,raw,1040,22112
1,1812,1968254200,14,11648,1839.8588351313572,12000.97055824901,14,14,raw,1040,22112
1,1813,1968461985,14,11656,1840.4652458040721,12004.92047861145,14,14,raw,1040,22112
1,1814,1968841942,14,11664,1841.5741322971908,12012.143328630225,14,14,raw,1040,22112
1,1815,1969094476,14,11672,1842.3111408051357,12016.943911871596,14,14,raw,1040,22112
1,1816,1970463236,14,11680,1846.3058019807979,12042.963561968052,14,14,raw,1040,22112
1,1817,1970957258,14,11688,1847.7475817693096,12052.354747844285,14,14,raw,1040,22112
1,1818,1972483550,14,11696,1852.2019926193668,12081.369026304366,14,14,raw,1040,22112
1,1819,1973215676,14,11704,1854.3386676448592,12095.286486155996,14,14,raw,1040,22112
1,1820,1973498595,14,11712,1855.1643533349416,12100.664677647301,14,14,raw,1040,22112
1,1821,1974285058,14,11720,1857.4596083191573,12115.615064913009,14,14,raw,1040,22112
1,1822,1974754887,14,11728,1858.8307819840074,12124.546350299175,14,14,raw,1040,22112
1,1823,1975654166,14,11736,1861.455285116323,12141.641330368062,14,14,raw,1040,22112
1,1824,1976308251,14,11744,1863.3642011827508,12154.07525803496,14,14,raw,1040,22112
1,1825,1976733212,14,11752,1864.6044297165117,12162.153618393706,14,14,raw,1040,22112
1,1826,1977254049,14,11760,1866.1244678113919,12172.054548065298,14,14,raw,1040,22112
1,1827,1977288922,14,11768,1866.2262430087817,12172.717471629556,14,14,raw,1040,22112
1,1828,1977764348,14,11776,1867.613751252813,12181.755154033161,14,14,raw,1040,22112
1,1829,1978433888,14,11784,1869.5677720041156,12194.482875858448,14,14,raw,1040,22112
1,1830,1978921361,14,11792,1870.9904388465743,12203.749567529356,14,14,raw,1040,22112
1,1831,1980365738,14,11800,1875.2057846522084,12231.206670416179,14,14,raw,1040,22112
1,1832,1980886954,14,11808,1876.7269288406228,12241.114804745554,14,14,raw,1040,22112
1,1833,1981331665,14,11816,1878.0247968131598,12249.568605714345,14,14,raw,1040,22112
1,1834,1981463094,14,11824,1878.4083661194343,12252.067025154223,14,14,raw,1040,22112
1,1835,1983518024,14,11832,1884.4055819130754,12291.130527574453,14,14,raw,1040,22112
1,1836,1985108024,14,11840,1889.0459215411349,12321.355872889455,14,14,raw,1040,22112
1,1837,1986068173,14,11848,1891.8480708829854,12339.607970423327,14,14,raw,1040,22112
1,1838,1986582099,14,11856,1893.347939551973,12349.377524395879,14,14,raw,1040,22112
1,1839,1986697523,14,11864,1893.6847990244441,12351.571694369237,14,14,raw,1040,22112
1,1840,1987564536,14,11872,1896.2151353652891,12368.053309034394,14,14,raw,1040,22112
1,1841,1988260676,14,11880,1898.2467869556524,12381.286687580048,14,14,raw,1040,22112
1,1842,1989084957,14,11888,1900.6524119801534,12396.955981832623,14,14,raw,1040,22112
1,1843,1989960461,14,11896,1903.2075289019931,12413.599007445622,14,14,raw,1040,22112
1,1844,1990782358,14,11904,1905.6061963355048,12429.222982689878,14,14,raw,1040,22112
1,1845,1991501568,14,11912,1907.7051766272637,12442.894913887363,14,14,raw,1040,22112
1,1846,1991742409,14,11920,1908.4080596690005,12447.473217277937,14,14,raw,1040,22112
1,1847,1992460499,14,11928,1910.503771293852,12461.123857666145,14,14,raw,1040,22112
1,1848,1992460503,14,11936,1910.5037829676621,12461.123933704748,14,14,raw,1040,22112
1,1849,1992460506,14,11944,1910.5037917230202,12461.123990733704,14,14,raw,1040,22112
1,1850,1992460511,14,11952,1910.5038063152829,12461.124085781958,14,14,raw,1040,22112
1,1851,1992460515,14,11960,1910.5038179890935,12461.124161820564,14,14,raw,1040,22112
1,1852,1992460518,14,11968,1910.5038267444511,12461.124218849516,14,14,raw,1040,22112
1,1853,1992460520,14,11976,1910.5038325813564,12461.124256868819,14,14,raw,1040,22112
1,1854,1992460523,14,11984,1910.5038413367142,12461.124313897773,14,14,raw,1040,22112
1,1855,1992460528,14,11992,1910.5038559289771,12461.124408946029,14,14,raw,1040,22112
1,1856,1992460529,14,12000,1910.5038588474297,12461.124427955679,14,14,raw,1040,22112
1,1857,1992460531,14,12008,1910.503864684335,12461.124465974983,14,14,raw,1040,22112
1,1858,1992460533,14,12016,1910.5038705212403,12461.124503994284,14,14,raw,1040,22112
1,1859,1992460536,14,12024,1910.5038792765979,12461.124561023238,14,14,raw,1040,22112
1,1860,1992460537,14,12032,1910.5038821950504,12461.124580032889,14,14,raw,1040,22112
1,1861,1992460539,14,12040,1910.5038880319557,12461.12461805219,14,14,raw,1040,22112
1,1862,1992460540,14,12048,1910.503890950408,12461.124637061841,14,14,raw,1040,22112
1,1863,1992460543,14,12056,1910.5038997057663,12461.124694090797,14,14,raw,1040,22112
1,1864,1992460544,14,12064,1910.5039026242187,12461.124713100447,14,14,raw,1040,22112
1,1865,1992460545,14,12072,1910.5039055426712,12461.124732110096,14,14,raw,1040,22112
1,1866,1992460547,14,12080,1910.5039113795765,12461.1247701294,14,14,raw,1040,22112
1,1867,1992460549,14,12088,1910.5039172164818,12461.124808148703,14,14,raw,1040,22112
1,1868,1992460552,14,12096,1910.5039259718394,12461.124865177655,14,14,raw,1040,22112
1,1869,1992460554,14,12104,1910.5039318087447,12461.124903196958,14,14,raw,1040,22112
1,1870,1992460555,14,12112,1910.5039347271972,12461.124922206609,14,14,raw,1040,22112
1,1871,1992460559,14,12120,1910.5039464010079,12461.124998245215,14,14,raw,1040,22112
1,1872,1992460561,14,12128,1910.5039522379127,12461.125036264515,14,14,raw,1040,22112
1,1873,1992460563,14,12136,1910.503958074818,12461.125074283818,14,14,raw,1040,22112
1,1874,1992460564,14,12144,1910.5039609932708,12461.125093293471,14,14,raw,1040,22112
1,1875,1992460566,14,12152,1910.5039668301756,12461.12513131277,14,14,raw,1040,22112
1,1876,1992460571,14,12160,1910.5039814224388,12461.125226361028,14,14,raw,1040,22112
1,1877,1992460572,14,12168,1910.5039843408915,12461.12524537068,14,14,raw,1040,22112
1,1878,1992460573,14,12176,1910.5039872593441,12461.125264380329,14,14,raw,1040,22112
1,1879,1992460576,14,12184,1910.5039960147017,12461.125321409283,14,14,raw,1040,22112
1,1880,1992460577,14,12192,1910.5039989331547,12461.125340418936,14,14,raw,1040,22112
1,1881,1992460580,14,12200,1910.5040076885123,12461.12539744789,14,14,raw,1040,22112
1,1882,1992460585,14,12208,1910.5040222807754,12461.125492496145,14,14,raw,1040,22112
1,1883,1992460587,14,12216,1910.5040281176803,12461.125530515445,14,14,raw,1040,22112
1,1884,1992460590,14,12224,1910.5040368730379,12461.125587544399,14,14,raw,1040,22112
1,1885,1992460596,14,12232,1910.5040543837538,12461.125701602306,14,14,raw,1040,22112
1,1886,1992460597,14,12240,1910.5040573022063,12461.125720611957,14,14,raw,1040,22112
1,1887,1992460598,14,12248,1910.5040602206591,12461.12573962161,14,14,raw,1040,22112
1,1888,1992460602,14,12256,1910.5040718944692,12461.125815660213,14,14,raw,1040,22112
1,1889,1992460604,14,12264,1910.5040777313745,12461.125853679516,14,14,raw,1040,22112
1,1890,1992460605,14,12272,1910.5040806498271,12461.125872689166,14,14,raw,1040,22112
1,1891,1992460611,14,12280,1910.5040981605425,12461.125986747073,14,14,raw,1040,22112
1,1892,1992460613,14,12288,1910.5041039974478,12461.126024766376,14,14,raw,1040,22112
1,1893,1992460617,14,12296,1910.5041156712584,12461.126100804981,14,14,raw,1040,22112
1,1894,1992460619,14,12304,1910.5041215081633,12461.126138824282,14,14,raw,1040,22112
1,1895,1992460620,14,12312,1910.504124426616,12461.126157833934,14,14,raw,1040,22112
1,1896,1992460623,14,12320,1910.5041331819739,12461.126214862887,14,14,raw,1040,22112
1,1897,1992460624,14,12328,1910.5041361004262,12461.126233872537,14,14,raw,1040,22112
1,1898,1992460627,14,12336,1910.5041448557845,12461.126290901493,14,14,raw,1040,22112
1,1899,1992460633,14,12344,1910.5041623664999,12461.126404959399,14,14,raw,1040,22112
1,1900,1992460636,14,12352,1910.5041711218576,12461.126461988351,14,14,raw,1040,22112
1,1901,1992460639,14,12360,1910.5041798772154,12461.126519017305,14,14,raw,1040,22112
1,1902,1992460641,14,12368,1910.5041857141207,12461.126557036609,14,14,raw,1040,22112
1,1903,1992460647,14,12376,1910.5042032248361,12461.126671094515,14,14,raw,1040,22112
1,1904,1992460650,14,12384,1910.5042119801938,12461.126728123467,14,14,raw,1040,22112
1,1905,1992460654,14,12392,1910.5042236540044,12461.126804162073,14,14,raw,1040,22112
1,1906,1992460657,14,12400,1910.5042324093622,12461.126861191025,14,14,raw,1040,22112
1,1907,1992460659,14,12408,1910.5042382462675,12461.126899210329,14,14,raw,1040,22112
1,1908,1992460660,14,12416,1910.5042411647198,12461.126918219979,14,14,raw,1040,22112
1,1909,1992460666,14,12424,1910.5042586754353,12461.127032277886,14,14,raw,1040,22112
1,1910,1992460668,14,12432,1910.5042645123406,12461.127070297189,14,14,raw,1040,22112
1,1911,1992460671,14,12440,1910.5042732676984,12461.127127326141,14,14,raw,1040,22112
1,1912,1992460674,14,12448,1910.504282023056,12461.127184355095,14,14,raw,1040,22112
1,1913,1992460676,14,12456,1910.5042878599613,12461.127222374396,14,14,raw,1040,22112
1,1914,1992460679,14,12464,1910.5042966153192,12461.12727940335,14,14,raw,1040,22112
1,1915,1992460682,14,12472,1910.5043053706768,12461.127336432302,14,14,raw,1040,22112
1,1916,1992460683,14,12480,1910.5043082891298,12461.127355441957,14,14,raw,1040,22112
1,1917,1992460686,14,12488,1910.5043170444874,12461.127412470909,14,14,raw,1040,22112
1,1918,1992460689,14,12496,1910.5043257998452,12461.127469499863,14,14,raw,1040,22112
1,1919,1992460691,14,12504,1910.5043316367505,12461.127507519164,14,14,raw,1040,22112
1,1920,1992460694,15,12528,1910.5043403921081,12461.127564548118,14,14,raw,1040,22112
1,1921,1992460697,15,12536,1910.504349147466,12461.12762157707,14,14,raw,1040,22112
1,1922,1992460699,15,12544,1910.5043549843713,12461.127659596374,14,14,raw,1040,22112
1,1923,1992460702,15,12552,1910.5043637397289,12461.127716625328,14,14,raw,1040,22112
1,1924,1992460703,15,12560,1910.5043666581814,12461.127735634976,14,14,raw,1040,22112
1,1925,1992460707,15,12568,1910.504378331992,12461.127811673583,14,14,raw,1040,22112
1,1926,1992460710,15,12576,1910.5043870873496,12461.127868702537,14,14,raw,1040,22112
1,1927,1992460712,15,12584,1910.5043929242549,12461.127906721838,14,14,raw,1040,22112
1,1928,1992460713,15,12592,1910.5043958427075,12461.127925731489,14,14,raw,1040,22112
1,1929,1992460716,15,12600,1910.5044045980651,12461.127982760443,14,14,raw,1040,22112
1,1930,1992460718,15,12608,1910.5044104349704,12461.128020779744,14,14,raw,1040,22112
1,1931,1992460721,15,12616,1910.5044191903282,12461.128077808698,14,14,raw,1040,22112
1,1932,1992460724,15,12624,1910.5044279456858,12461.128134837651,14,14,raw,1040,22112
1,1933,1992460729,15,12632,1910.504442537949,12461.128229885908,14,14,raw,1040,22112
1,1934,1992460730,15,12640,1910.5044454564018,12461.12824889556,14,14,raw,1040,22112
1,1935,1992460731,15,12648,1910.5044483748543,12461.128267905211,14,14,raw,1040,22112
1,1936,1992460734,15,12656,1910.5044571302119,12461.128324934163,14,14,raw,1040,22112
1,1937,1992460737,15,12664,1910.5044658855697,12461.128381963117,14,14,raw,1040,22112
1,1938,1992460742,15,12672,1910.5044804778327,12461.128477011373,14,14,raw,1040,22112
1,1939,1992460745,15,12680,1910.5044892331905,12461.128534040325,14,14,raw,1040,22112
1,1940,1992460747,15,12688,1910.5044950700958,12461.128572059628,14,14,raw,1040,22112
1,1941,1992460750,15,12696,1910.5045038254534,12461.128629088582,14,14,raw,1040,22112
1,1942,1992460754,15,12704,1910.504515499264,12461.128705127187,14,14,raw,1040,22112
1,1943,1992460755,15,12712,1910.5045184177166,12461.128724136837,14,14,raw,1040,22112
1,1944,1992896732,15,12720,1911.7768966252779,12469.41649481256,14,14,raw,1040,22112
1,1945,1993453323,15,12728,1913.4012810742852,12479.997095551065,14,14,raw,1040,22112
1,1946,1993459022,15,12736,1913.4179133356313,12480.105431552922,14,14,raw,1040,22112
1,1947,1994258833,15,12744,1915.752123825102,12495.309559642066,14,14,raw,1040,22112
1,1948,1996158155,15,12752,1921.2952050471433,12531.415008267464,15,15,raw,1040,22112
1,1949,1996196306,15,12760,1921.4065469321436,12532.140245468165,15,15,raw,1040,22112
1,1950,1996877502,15,12768,1923.3945851669082,12545.089543787159,15,15,raw,1040,22112
1,1951,1998380966,15,12776,1927.7823735810975,12573.66986993098,15,15,raw,1040,22112
1,1952,1999135769,15,12784,1929.9852303561154,12588.018411641546,15,15,raw,1040,22112
1,1953,2000447602,15,12792,1933.8137527808306,12612.955899327471,15,15,raw,1040,22112
1,1954,2000604491,15,12800,1934.2716258902058,12615.938304485411,15,15,raw,1040,22112
1,1955,2000876022,15,12808,1935.0640762421219,12621.100014069518,15,15,raw,1040,22112
1,1956,2001461649,15,12816,1936.7732008807143,12632.232579038568,15,15,raw,1040,22112
1,1957,2001508386,15,12824,1936.909600599706,12633.121033103969,15,15,raw,1040,22112
1,1958,2002412014,15,12832,1939.5467960823628,12650.29868614567,15,15,raw,1040,22112
1,1959,2003124494,15,12840,1941.626135188149,12663.842682390976,15,15,raw,1040,22112
1,1960,2004012901,15,12848,1944.2189089038382,12680.730989532653,15,15,raw,1040,22112
1,1961,2004199800,15,12856,1944.7643647756274,12684.283874321351,15,15,raw,1040,22112
1,1962,2004489818,15,12864,1945.6107685606905,12689.797015326109,15,15,raw,1040,22112
1,1963,2004658557,15,12872,1946.1032253333317,12693.004684850077,15,15,raw,1040,22112
1,1964,2005532361,15,12880,1948.6533808857575,12709.615394056134,15,15,raw,1040,22112
1,1965,2006211142,15,12888,1950.6343710575024,12722.518784067623,15,15,raw,1040,22112
1,1966,2007183306,15,12896,1953.4715856072969,12740.999282559958,15,15,raw,1040,22112
1,1967,2008559336,15,12904,1957.4874639333341,12767.157132820214,15,15,raw,1040,22112
1,1968,2009525600,15,12912,1960.3074596128108,12785.525474370816,15,15,raw,1040,22112
1,1969,2010286291,15,12920,1962.5275002367152,12799.985944907303,15,15,raw,1040,22112
1,1970,2010764373,15,12928,1963.9227598908424,12809.074116944339,15,15,raw,1040,22112
1,1971,2011987374,15,12936,1967.4920303345259,12832.32293930006,15,15,raw,1040,22112
1,1972,2013120769,15,12944,1970.7997899148686,12853.868382855593,15,15,raw,1040,22112
1,1973,2013878071,15,12952,1973.0099399029245,12868.264429684363,15,15,raw,1040,22112
1,1974,2015214779,15,12960,1976.9110588359717,12893.674782442433,15,15,raw,1040,22112
1,1975,2015853790,15,12968,1978.7759821479628,12905.822158628021,15,15,raw,1040,22112
1,1976,2016104219,15,12976,1979.5068473131928,12910.582726553739,15,15,raw,1040,22112
1,1977,2017823080,15,12984,1984.5232616612598,12943.25767452449,15,15,raw,1040,22112
1,1978,2018371559,15,12992,1986.1239716228063,12953.684068972936,15,15,raw,1040,22112
1,1979,2018651918,15,13000,1986.9421860742423,12959.013595757318,15,15,raw,1040,22112
1,1980,2019582698,15,13008,1989.6586233817929,12976.707398846816,15,15,raw,1040,22112
1,1981,2021833507,15,13016,1996.2275027515375,13019.494492722992,15,15,raw,1040,22112
1,1982,2022603996,15,13024,1998.4761383739801,13034.141219821362,15,15,raw,1040,22112
1,1983,2022683281,15,13032,1998.707527888075,13035.648400012116,15,15,raw,1040,22112
1,1984,2023159406,15,13040,2000.0970761304711,13044.69937016187,15,15,raw,1040,22112
1,1985,2025057201,15,13048,2005.6357008753982,13080.775791049977,15,15,raw,1040,22112
1,1986,2025872851,15,13056,2008.0161367355413,13096.281013003552,15,15,raw,1040,22112
1,1987,2026265560,15,13064,2009.1622393361672,13103.746274093683,15,15,raw,1040,22112
1,1988,2026889441,15,13072,2010.9830064603771,13115.6060342575,15,15,raw,1040,22112
1,1989,2027456476,15,13080,2012.6378712282997,13126.385171792526,15,15,raw,1040,22112
1,1990,2027806322,15,13088,2013.6588801952921,13133.03562220578,15,15,raw,1040,22112
1,1991,2028475627,15,13096,2015.6122151102347,13145.758876763051,15,15,raw,1040,22112
1,1992,2029210860,15,13104,2017.7579577679437,13159.735399600777,15,15,raw,1040,22112
1,1993,2030753604,15,13112,2022.2603830001149,13189.062424841441,15,15,raw,1040,22112
1,1994,2031211280,15,13120,2023.5960887105625,13197.762685937283,15,15,raw,1040,22112
1,1995,2031419172,15,13128,2024.2028116577048,13201.714640332393,15,15,raw,1040,22112
1,1996,2033112615,15,13136,2029.1450447776801,13233.906400990429,15,15,raw,1040,22112
1,1997,2033936635,15,13144,2031.5499080860538,13249.570733724058,15,15,raw,1040,22112
1,1998,2034206306,15,13152,2032.336930116141,13254.69708535704,15,15,raw,1040,22112
1,1999,2034590438,15,13160,2033.458001148849,13261.999300669333,15,15,raw,1040,22112
1,2000,2035024461,15,13168,2034.7246767000372,13270.249926486724,15,15,raw,1040,22112
1,2001,2035621764,15,13176,2036.4678771911435,13281.604448142503,15,15,raw,1040,22112
1,2002,2036610898,15,13184,2039.3546178814968,13300.407540414712,15,15,raw,1040,22112
1,2003,2037955453,15,13192,2043.2786379120664,13325.967061905287,15,15,raw,1040,22112
1,2004,2038513215,15,13200,2044.9064398690639,13336.569922945278,15,15,raw,1040,22112
1,2005,2039096127,15,13208,2046.6076409088573,13347.650876711479,15,15,raw,1040,22112
1,2006,2039187561,15,13216,2046.8744867035443,13349.389005153955,15,15,raw,1040,22112
1,2007,2039404304,15,13224,2047.5070408746165,13353.509213971318,15,15,raw,1040,22112
1,2008,2040166103,15,13232,2049.7303151439978,13367.990747201271,16,15,raw,1040,22112
1,2009,2040520560,15,13240,2050.764781095912,13374.728851115939,16,15,raw,1040,22112
1,2010,2041406002,15,13248,2053.3489015996529,13391.56079464198,16,15,raw,1040,22112
1,2011,2042369526,15,13256,2056.1609007190159,13409.877049748457,16,15,raw,1040,22112
1,2012,2042405644,15,13264,2056.2663093898877,13410.563640328386,16,15,raw,1040,22112
1,2013,2042469399,15,13272,2056.4523753351623,13411.775600636911,16,15,raw,1040,22112
1,2014,2042632835,15,13280,2056.9293555536856,13414.882461980877,16,15,raw,1040,22112
1,2015,2042992632,15,13288,2057.9794060424633,13421.722077432638,16,15,raw,1040,22112
1,2016,2043237316,15,13296,2058.6935046975277,13426.373434912546,16,15,raw,1040,22112
1,2017,2044234565,15,13304,2061.6039286306996,13445.330790503769,16,15,raw,1040,22112
1,2018,2044741605,15,13312,2063.0837008351095,13454.969444018563,16,15,raw,1040,22112
1,2019,2045578581,15,13320,2065.5263756153199,13470.88006579238,16,15,raw,1040,22112
1,2020,2046458500,15,13328,2068.094377505372,13487.607019015169,16,15,raw,1040,22112
1,2021,2047214081,15,13336,2070.2995048365096,13501.970350234322,16,15,raw,1040,22112
1,2022,2048568772,15,13344,2074.2531063025954,13527.722553548871,16,15,raw,1040,22112
1,2023,2049576461,15,13352,2077.1939988808722,13546.878369898008,16,15,raw,1040,22112
1,2024,2049726296,15,13360,2077.6312852256333,13549.726680976795,16,15,raw,1040,22112
1,2025,2050342221,15,13368,2079.4288331409875,13561.435200356134,16,16,raw,1040,22112
1,2026,2050519059,15,13376,2079.9449264612058,13564.796829044697,16,16,raw,1040,22112
1,2027,2050803169,15,13384,2080.77408802833,13570.19766103051,16,16,raw,1040,22112
1,2028,2051756422,15,13392,2083.5561117210764,13588.31866801011,16,16,raw,1040,22112
1,2029,2052537894,15,13400,2085.8368007083845,13603.17417810697,16,16,raw,1040,22112
1,2030,2052717344,15,13408,2086.3605170267838,13606.585460004313,16,16,raw,1040,22112
1,2031,2052753970,15,13416,2086.4674082715746,13607.281707487025,16,16,raw,1040,22112
1,2032,2053844970,15,13424,2089.6514400540987,13628.021236882412,16,16,raw,1040,22112
1,2033,2053952901,15,13432,2089.9664315612663,13630.072967539769,16,16,raw,1040,22112
1,2034,2054778428,15,13440,2092.3756929777023,13645.765947817668,16,16,raw,1040,22112
1,2035,2054931796,15,13448,2092.8232902154859,13648.681419993938,16,16,raw,1040,22112
1,2036,2055421943,15,13456,2094.2537610001873,13657.998943471997,16,16,raw,1040,22112
1,2037,2055489533,15,13464,2094.4510192111684,13659.283805792653,16,16,raw,1040,22112
1,2038,2055489535,15,13472,2094.4510250480739,13659.283843811954,16,16,raw,1040,22112
1,2039,2055489536,15,13480,2094.4510279665265,13659.283862821605,16,16,raw,1040,22112
1,2040,2055489539,15,13488,2094.4510367218841,13659.283919850559,16,16,raw,1040,22112
1,2041,2055489541,15,13496,2094.4510425587891,13659.28395786986,16,16,raw,1040,22112
1,2042,2055489542,15,13504,2094.4510454772417,13659.283976879511,16,16,raw,1040,22112
1,2043,2055489544,15,13512,2094.4510513141472,13659.284014898814,16,16,raw,1040,22112
1,2044,2055489547,15,13520,2094.4510600695048,13659.284071927766,16,16,raw,1040,22112
1,2045,2055489549,15,13528,2094.4510659064099,13659.28410994707,16,16,raw,1040,22112
1,2046,2055489552,15,13536,2094.451074661768,13659.284166976024,16,16,raw,1040,22112
1,2047,2055489555,15,13544,2094.4510834171256,13659.284224004976,16,16,raw,1040,22112
1,2048,2055489557,16,13584,2094.4510892540306,13659.284262024279,16,16,linear,432,22112
1,2049,2055489558,16,13587.125,2094.4510921724836,13659.284281033932,16,16,linear,432,22112
1,2050,2055489562,16,13590.25,2094.4511038462938,13659.284357072534,16,16,linear,432,22112
1,2051,2055489563,16,13593.375,2094.4511067647463,13659.284376082185,16,16,linear,432,22112
1,2052,2055489565,16,13596.5,2094.4511126016514,13659.284414101488,16,16,linear,432,22112
1,2053,2055489572,16,13599.625,2094.4511330308196,13659.284547169047,16,16,linear,432,22112
1,2054,2055489575,16,13602.75,2094.4511417861777,13659.284604197999,16,16,linear,432,22112
1,2055,2055489578,16,13605.875,2094.4511505415353,13659.284661226953,16,16,linear,432,22112
1,2056,2055489579,16,13609,2094.4511534599883,13659.284680236606,16,16,linear,432,22112
1,2057,2055489582,16,13612.125,2094.4511622153459,13659.28473726556,16,16,linear,432,22112
1,2058,2055489584,16,13615.25,2094.451168052251,13659.284775284859,16,16,linear,432,22112
1,2059,2055489587,16,13618.375,2094.451176807609,13659.284832313815,16,16,linear,432,22112
1,2060,2055489588,16,13621.5,2094.4511797260616,13659.284851323466,16,16,linear,432,22112
1,2061,2055489590,16,13624.625,2094.4511855629667,13659.284889342767,16,16,linear,432,22112
1,2062,2055489596,16,13627.75,2094.4512030736823,13659.285003400673,16,16,linear,432,22112
1,2063,2055489599,16,13630.875,2094.4512118290399,13659.285060429627,16,16,linear,432,22112
1,2064,2055489601,16,13634,2094.451217665945,13659.285098448931,16,16,linear,432,22112
1,2065,2055489603,16,13637.125,2094.4512235028506,13659.285136468234,16,16,linear,432,22112
1,2066,2055489606,16,13640.25,2094.4512322582082,13659.285193497186,16,16,linear,432,22112
1,2067,2055489608,16,13643.375,2094.4512380951132,13659.285231516489,16,16,linear,432,22112
1,2068,2055489610,16,13646.5,2094.4512439320183,13659.285269535789,16,16,linear,432,22112
1,2069,2055489613,16,13649.625,2094.4512526873759,13659.285326564743,16,16,linear,432,22112
1,2070,2055489616,16,13652.75,2094.451261442734,13659.285383593698,16,16,linear,432,22112
1,2071,2055489619,16,13655.875,2094.4512701980921,13659.285440622651,16,16,linear,432,22112
1,2072,2055489620,16,13659,2094.4512731165446,13659.285459632301,16,16,linear,432,22112
1,2073,2055489623,16,13662.125,2094.4512818719022,13659.285516661253,16,16,linear,432,22112
1,2074,2055489626,16,13665.25,2094.4512906272598,13659.285573690207,16,16,linear,432,22112
1,2075,2055489629,16,13668.375,2094.4512993826179,13659.285630719163,16,16,linear,432,22112
1,2076,2055489634,16,13671.5,2094.4513139748806,13659.285725767417,16,16,linear,432,22112
1,2077,2055489641,16,13674.625,2094.4513344040488,13659.285858834975,16,16,linear,432,22112
1,2078,2055489642,16,13677.75,2094.4513373225013,13659.285877844626,16,16,linear,432,22112
1,2079,2055489644,16,13680.875,2094.4513431594069,13659.285915863928,16,16,linear,432,22112
1,2080,2055489647,16,13684,2094.4513519147645,13659.285972892882,16,16,linear,432,22112
1,2081,2055489648,16,13687.125,2094.451354833217,13659.285991902534,16,16,linear,432,22112
1,2082,2055489651,16,13690.25,2094.4513635885751,13659.286048931486,16,16,linear,432,22112
1,2083,2055489652,16,13693.375,2094.4513665070276,13659.286067941137,16,16,linear,432,22112
1,2084,2055489654,16,13696.5,2094.4513723439327,13659.28610596044,16,16,linear,432,22112
1,2085,2055489656,16,13699.625,2094.4513781808378,13659.286143979743,16,16,linear,432,22112
1,2086,2055489657,16,13702.75,2094.4513810992903,13659.286162989394,16,16,linear,432,22112
1,2087,2055489659,16,13705.875,2094.4513869361958,13659.286201008696,16,16,linear,432,22112
1,2088,2055489660,16,13709,2094.4513898546484,13659.286220018346,16,16,linear,432,22112
1,2089,2055489661,16,13712.125,2094.4513927731009,13659.286239027999,16,16,linear,432,22112
1,2090,2055489664,16,13715.25,2094.4514015284585,13659.286296056953,16,16,linear,432,22112
1,2091,2055489667,16,13718.375,2094.4514102838166,13659.286353085905,16,16,linear,432,22112
1,2092,2055489669,16,13721.5,2094.4514161207217,13659.286391105208,16,16,linear,432,22112
1,2093,2055489674,16,13724.625,2094.4514307129848,13659.286486153464,16,16,linear,432,22112
1,2094,2055489681,16,13727.75,2094.4514511421526,13659.28661922102,16,16,linear,432,22112
1,2095,2055489684,16,13730.875,2094.4514598975106,13659.286676249974,16,16,linear,432,22112
1,2096,2055489691,16,13734,2094.4514803266788,13659.286809317533,16,16,linear,432,22112
1,2097,2055489693,16,13737.125,2094.4514861635839,13659.286847336834,16,16,linear,432,22112
1,2098,2055489695,16,13740.25,2094.4514920004895,13659.286885356138,16,16,linear,432,22112
1,2099,2055489697,16,13743.375,2094.4514978373941,13659.286923375439,16,16,linear,432,22112
1,2100,2055489699,16,13746.5,2094.4515036742996,13659.286961394741,16,16,linear,432,22112
1,2101,2055489702,16,13749.625,2094.4515124296572,13659.287018423694,16,16,linear,432,22112
1,2102,2055489706,16,13752.75,2094.4515241034678,13659.287094462301,16,16,linear,432,22112
1,2103,2055489708,16,13755.875,2094.4515299403729,13659.287132481602,16,16,linear,432,22112
1,2104,2055489716,16,13759,2094.4515532879936,13659.287284558812,16,16,linear,432,22112
1,2105,2055489719,16,13762.125,2094.4515620433517,13659.287341587766,16,16,linear,432,22112
1,2106,2055489721,16,13765.25,2094.4515678802568,13659.287379607067,16,16,linear,432,22112
1,2107,2055489724,16,13768.375,2094.4515766356144,13659.287436636021,16,16,linear,432,22112
1,2108,2055489730,16,13771.5,2094.4515941463301,13659.287550693927,16,16,linear,432,22112
1,2109,2055489733,16,13774.625,2094.4516029016877,13659.287607722881,16,16,linear,432,22112
1,2110,2055489734,16,13777.75,2094.4516058201402,13659.28762673253,16,16,linear,432,22112
1,2111,2055489735,16,13780.875,2094.4516087385932,13659.287645742183,16,16,linear,432,22112
1,2112,2055489737,16,13784,2094.4516145754983,13659.287683761486,16,16,linear,432,22112
1,2113,2055489738,16,13787.125,2094.4516174939508,13659.287702771137,16,16,linear,432,22112
1,2114,2055489740,16,13790.25,2094.4516233308559,13659.28774079044,16,16,linear,432,22112
1,2115,2055489746,16,13793.375,2094.4516408415716,13659.287854848346,16,16,linear,432,22112
1,2116,2055489747,16,13796.5,2094.4516437600241,13659.287873857995,16,16,linear,432,22112
1,2117,2055489750,16,13799.625,2094.4516525153822,13659.287930886951,16,16,linear,432,22112
1,2118,2055489756,16,13802.75,2094.4516700260974,13659.288044944857,16,16,linear,432,22112
1,2119,2055489759,16,13805.875,2094.4516787814555,13659.288101973811,16,16,linear,432,22112
1,2120,2055489766,16,13809,2094.4516992106237,13659.288235041369,16,16,linear,432,22112
1,2121,2055489768,16,13812.125,2094.4517050475283,13659.288273060669,16,16,linear,432,22112
1,2122,2055489770,16,13815.25,2094.4517108844339,13659.288311079972,16,16,linear,432,22112
1,2123,2055489771,16,13818.375,2094.4517138028868,13659.288330089625,16,16,linear,432,22112
1,2124,2055489774,16,13821.5,2094.4517225582445,13659.288387118579,16,16,linear,432,22112
1,2125,2055489777,16,13824.625,2094.4517313136021,13659.288444147531,16,16,linear,432,22112
1,2126,2055489784,16,13827.75,2094.4517517427698,13659.288577215088,16,16,linear,432,22112
1,2127,2055489787,16,13830.875,2094.4517604981284,13659.288634244043,16,16,linear,432,22112
1,2128,2055489790,16,13834,2094.451769253486,13659.288691272995,16,16,linear,432,22112
1,2129,2055489792,16,13837.125,2094.451775090391,13659.288729292299,16,16,linear,432,22112
1,2130,2055489794,16,13840.25,2094.4517809272961,13659.2887673116,16,16,linear,432,22112
1,2131,2055489796,16,13843.375,2094.4517867642012,13659.288805330902,16,16,linear,432,22112
1,2132,2057419321,16,13846.5,2100.0830140100079,13695.968402449727,16,16,linear,432,22112
1,2133,2057803760,16,13849.625,2101.2049810076628,13703.27645372492,16,16,linear,432,22112
1,2134,2058542395,16,13852.75,2103.3606522411046,13717.31764739583,16,16,linear,432,22112
1,2135,2058571628,16,13855.875,2103.4459673658507,13717.873356527651,16,16,linear,432,22112
1,2136,2059192620,16,13859,2105.2583030805104,13729.67819780932,16,16,linear,432,22112
1,2137,2060181306,16,13862.125,2108.1437363041005,13748.47277375782,16,16,linear,432,22112
1,2138,2060655050,16,13865.25,2109.5263357108647,13757.478481928203,16,16,linear,432,22112
1,2139,2061432643,16,13868.375,2111.7957040205515,13772.260253588283,16,16,linear,432,22112
1,2140,2061680186,16,13871.5,2112.5181465315886,13776.965959660807,16,16,linear,432,22112
1,2141,2062579706,16,13874.625,2115.1433530109798,13794.06552105562,16,16,linear,432,22112
1,2142,2062631480,16,13877.75,2115.2944529756987,13795.04972673382,16,16,linear,432,22112
1,2143,2063599052,16,13880.875,2118.1182659911715,13813.442932908116,16,16,linear,432,22112
1,2144,2063681585,16,13884,2118.3591346392991,13815.011856445779,16,16,linear,432,22112
1,2145,2064565535,16,13887.125,2120.9389008117664,13831.815437572317,16,16,linear,432,22112
1,2146,2065479624,16,13890.25,2123.6066262270328,13849.191950574612,16,16,linear,432,22112
1,2147,2067258330,16,13893.375,2128.7976953707234,13883.004531117926,16,16,linear,432,22112
1,2148,2067429028,16,13896.5,2129.2958693920004,13886.249440548481,16,16,linear,432,22112
1,2149,2067818495,16,13899.625,2130.4325103693095,13893.653072349611,16,16,linear,432,22112
1,2150,2068368590,16,13902.75,2132.0379365502513,13904.110186394302,16,16,linear,432,22112
1,2151,2068892070,16,13905.875,2133.5656881153441,13914.061358573861,16,16,linear,432,22112
1,2152,2069879820,16,13909,2136.4483896673037,13932.838141488888,16,16,linear,432,22112
1,2153,2070175304,16,13912.125,2137.3107457142582,13938.455189246788,16,16,linear,432,22112
1,2154,2070732753,16,13915.25,2138.9376341955931,13949.052100265973,16,16,linear,432,22112
1,2155,2070926123,16,13918.375,2139.5019753741326,13952.727996507207,16,16,linear,432,22112
1,2156,2071592807,16,13921.5,2141.4476610248203,13965.401426768834,16,16,linear,432,22112
1,2157,2072302447,16,13924.625,2143.5187117252331,13978.891435604899,16,16,linear,432,22112
1,2158,2072809299,16,13927.75,2144.9979352605551,13988.526515305277,16,17,linear,432,22112
1,2159,2072917056,16,13930.875,2145.3124189569708,13990.574938283333,16,17,linear,432,22112
1,2160,2073314578,16,13934,2146.4725680699426,13998.131692824409,16,17,linear,432,22112
1,2161,2073678228,16,13937.125,2147.5338633565739,14005.044552462017,16,17,linear,432,22112
1,2162,2073839300,16,13940.25,2148.0039443531591,14008.106474990684,16,17,linear,432,22112
1,2163,2074273764,16,13943.375,2149.2719069419427,14016.365484064228,16,17,linear,432,22112
1,2164,2074987246,16,13946.5,2151.3541703372302,14029.928527979979,16,17,linear,432,22112
1,2165,2075888107,16,13949.625,2153.9832904615537,14047.053581316974,16,17,linear,432,22112
1,2166,2077463395,16,13952.75,2158.5806938150172,14076.999256644383,16,17,linear,432,22112
1,2167,2077833526,16,13955.875,2159.6609035929246,14084.03531783104,16,17,linear,432,22112
1,2168,2078052850,16,13959,2160.3009902901481,14088.204590558003,16,17,linear,432,22112
1,2169,2078657933,16,13962.125,2162.0668963424532,14099.707007299661,16,17,linear,432,22112
1,2170,2078846799,16,13965.25,2162.6180928104991,14103.297284072154,16,17,linear,432,22112
1,2171,2079421257,16,13968.375,2164.2946212520442,14114.217530247606,16,17,linear,432,22112
1,2172,2081795096,16,13971.5,2171.2225578447069,14159.343381503722,16,17,linear,432,22112
1,2173,2082945983,16,13974.625,2174.5813669978634,14181.221341877022,16,17,linear,432,22112
1,2174,2083276514,16,13977.75,2175.546006052959,14187.504620878477,16,17,linear,432,22112
1,2175,2084097899,16,13980.875,2177.9431792387418,14203.118863181349,17,17,linear,432,22112
1,2176,2085618348,17,14000,2182.3805375702786,14232.022068249811,17,17,raw,1040,22112
1,2177,2085949347,17,14008,2183.3465424611895,14238.314243768,17,17,raw,1040,22112
1,2178,2086370749,17,14016,2184.5763842221604,14246.324948778336,17,17,raw,1040,22112
1,2179,2087080875,17,14024,2186.648853290535,14259.824196304853,17,17,raw,1040,22112
1,2180,2087501812,17,14032,2187.8773379710487,14267.826061827407,17,17,raw,1040,22112
1,2181,2088244524,17,14040,2190.0449077357252,14281.944757846022,17,17,raw,1040,22112
1,2182,2088657656,17,14048,2191.2506138937247,14289.798253041416,17,17,raw,1040,22112
1,2183,2089624143,17,14056,2194.0712603881302,14308.170833744223,17,17,raw,1040,22112
1,2184,2090481652,17,14064,2196.5738597555001,14324.471780684929,17,17,raw,1040,22112
1,2185,2090660773,17,14072,2197.0966159029954,14327.876808407051,17,17,raw,1040,22112
1,2186,2091638490,17,14080,2199.9500366200568,14346.462867492175,17,17,raw,1040,22112
1,2187,2092216797,17,14088,2201.6377981856444,14357.456281814868,17,17,raw,1040,22112
1,2188,2092543022,17,14096,2202.5898703838607,14363.657705258509,17,17,raw,1040,22112
1,2189,2093754582,17,14104,2206.1257508113904,14386.68903819552,17,17,raw,1040,22112
1,2190,2094147626,17,14112,2207.2728310936363,14394.160667518783,17,17,raw,1040,22112
1,2191,2094442885,17,14120,2208.1345304887568,14399.773438105176,17,17,raw,1040,22112
1,2192,2095229865,17,14128,2210.4312943129648,14414.733653360523,17,17,raw,1040,22112
1,2193,2095841567,17,14136,2212.2165176030048,14426.361894983087,17,17,raw,1040,22112
1,2194,2096636807,17,14144,2214.537387845658,14441.479129956864,17,17,raw,1040,22112
1,2195,2097335325,17,14152,2216.5759795162949,14454.757713452931,17,17,raw,1040,22112
1,2196,2098372584,17,14160,2219.6031707378434,14474.475645186325,17,17,raw,1040,22112
1,2197,2099352695,17,14168,2222.4635782304204,14493.107213376285,17,17,raw,1040,22112
1,2198,2100236958,17,14176,2225.0442578785505,14509.916744523631,17,17,raw,1040,22112
1,2199,2100839695,17,14184,2226.8033172410651,14521.374564623711,17,17,raw,1040,22112
1,2200,2102125088,17,14192,2230.5546757791349,14545.809437133454,17,17,raw,1040,22112
1,2201,2102660452,17,14200,2232.1171102348808,14555.986520007178,17,17,raw,1040,22112
1,2202,2103506555,17,14208,2234.5864217319377,14572.070642866964,17,17,raw,1040,22112
1,2203,2104666523,17,14216,2237.9717333531207,14594.121229882283,17,17,raw,1040,22112
1,2204,2106566879,17,14224,2243.5178322551469,14630.246334486961,17,17,raw,1040,22112
1,2205,2106621731,17,14232,2243.677915216957,14631.289051871376,17,17,raw,1040,22112
1,2206,2107293144,17,14240,2245.6374022299728,14644.052378773251,17,17,raw,1040,22112
1,2207,2107956907,17,14248,2247.5745630806268,14656.670281843897,17,17,raw,1040,22112
1,2208,2108688347,17,14256,2249.7092360476381,14670.574701074842,17,17,raw,1040,22112
1,2209,2109634911,17,14264,2252.4717382109684,14688.568552497958,17,17,raw,1040,22112
1,2210,2110487362,17,14272,2254.9595760451061,14704.773348623192,17,17,raw,1040,22112
1,2211,2110725928,17,14280,2255.6558196071865,14709.308405057416,17,17,raw,1040,22112
1,2212,2111573296,17,14288,2258.1288229467773,14725.416575125897,17,17,raw,1040,22112
1,2213,2112368435,17,14296,2260.4493984257188,14740.53189012491,17,17,raw,1040,22112
1,2214,2113118418,17,14304,2262.6381882592227,14754.788805316974,17,17,raw,1040,22112
1,2215,2113935473,17,14312,2265.0227245452629,14770.320735830401,17,17,raw,1040,22112
1,2216,2114871828,17,14320,2267.755432226038,14788.120517725012,17,17,raw,1040,22112
1,2217,2115391018,17,14328,2269.270663629492,14797.990138501174,17,17,raw,1040,22112
1,2218,2116864934,17,14336,2273.5722176063673,14826.008767473066,17,17,raw,1040,22112
1,2219,2117424685,17,14344,2275.2058243655788,14836.649438709179,17,17,raw,1040,22112
1,2220,2118248733,17,14352,2277.6107693906247,14852.314303713039,17,17,raw,1040,22112
1,2221,2118690753,17,14360,2278.9007838072253,14860.716949710612,17,17,raw,1040,22112
1,2222,2118886058,17,14368,2279.4707721915388,14864.429629626806,17,17,raw,1040,22112
1,2223,2119327230,17,14376,2280.7583117603376,14872.816155440207,17,17,raw,1040,22112
1,2224,2119888607,17,14384,2282.3966639234709,14883.487736369076,17,17,raw,1040,22112
1,2225,2120385807,17,14392,2283.8477185543334,14892.939334916635,17,17,raw,1040,22112
1,2226,2120717012,17,14400,2284.8143246464788,14899.23542642296,17,17,raw,1040,22112
1,2227,2121408713,17,14408,2286.8330212257674,14912.384421127197,17,17,raw,1040,22112
1,2228,2121408715,17,14416,2286.8330270626725,14912.384459146497,17,17,raw,1040,22112
1,2229,2121408717,17,14424,2286.833032899578,14912.3844971658,17,17,raw,1040,22112
1,2230,2121408720,17,14432,2286.8330416549356,14912.384554194754,17,17,raw,1040,22112
1,2231,2121408722,17,14440,2286.8330474918407,14912.384592214055,17,17,raw,1040,22112
1,2232,2121408725,17,14448,2286.8330562471988,14912.384649243009,17,17,raw,1040,22112
1,2233,2121408727,17,14456,2286.8330620841039,14912.384687262313,17,17,raw,1040,22112
1,2234,2121408730,17,14464,2286.8330708394615,14912.384744291265,17,17,raw,1040,22112
1,2235,2121408733,17,14472,2286.8330795948195,14912.384801320219,17,17,raw,1040,22112
1,2236,2121408737,17,14480,2286.8330912686297,14912.384877358823,17,17,raw,1040,22112
1,2237,2121408738,17,14488,2286.8330941870822,14912.384896368474,17,17,raw,1040,22112
1,2238,2121408741,17,14496,2286.8331029424403,14912.384953397428,17,17,raw,1040,22112
1,2239,2121408742,17,14504,2286.8331058608928,14912.384972407081,17,17,raw,1040,22112
1,2240,2121408745,17,14512,2286.8331146162504,14912.385029436033,17,17,raw,1040,22112
1,2241,2121408746,17,14520,2286.833117534703,14912.385048445683,17,17,raw,1040,22112
1,2242,2121408752,17,14528,2286.8331350454187,14912.38516250359,17,17,raw,1040,22112
1,2243,2121408755,17,14536,2286.8331438007763,14912.385219532542,17,17,raw,1040,22112
1,2244,2121408758,17,14544,2286.8331525561343,14912.385276561497,17,17,raw,1040,22112
1,2245,2121408760,17,14552,2286.8331583930394,14912.385314580799,17,17,raw,1040,22112
1,2246,2121408763,17,14560,2286.8331671483975,14912.385371609755,17,17,raw,1040,22112
1,2247,2121408765,17,14568,2286.8331729853026,14912.385409629054,17,17,raw,1040,22112
1,2248,2121408767,17,14576,2286.8331788222076,14912.385447648358,17,17,raw,1040,22112
1,2249,2121408769,17,14584,2286.8331846591127,14912.385485667661,17,17,raw,1040,22112
1,2250,2121408772,17,14592,2286.8331934144708,14912.385542696613,17,17,raw,1040,22112
1,2251,2121408773,17,14600,2286.8331963329233,14912.385561706264,17,17,raw,1040,22112
1,2252,2121408775,17,14608,2286.8332021698284,14912.385599725567,17,17,raw,1040,22112
1,2253,2121408777,17,14616,2286.8332080067335,14912.385637744868,17,17,raw,1040,22112
1,2254,2121408778,17,14624,2286.833210925186,14912.385656754519,17,17,raw,1040,22112
1,2255,2121408780,17,14632,2286.8332167620915,14912.385694773822,17,17,raw,1040,22112
1,2256,2121408782,17,14640,2286.8332225989966,14912.385732793125,17,17,raw,1040,22112
1,2257,2121408785,17,14648,2286.8332313543542,14912.385789822078,17,17,raw,1040,22112
1,2258,2121408788,17,14656,2286.8332401097123,14912.385846851032,17,17,raw,1040,22112
1,2259,2121408789,17,14664,2286.8332430281648,14912.38586586068,17,17,raw,1040,22112
1,2260,2121408790,17,14672,2286.8332459466174,14912.385884870335,17,17,raw,1040,22112
1,2261,2121408793,17,14680,2286.833254701975,14912.385941899287,17,17,raw,1040,22112
1,2262,2121408796,17,14688,2286.833263457333,14912.385998928241,17,17,raw,1040,22112
1,2263,2121408797,17,14696,2286.8332663757856,14912.38601793789,17,17,raw,1040,22112
1,2264,2121408800,17,14704,2286.8332751311436,14912.386074966846,17,17,raw,1040,22112
1,2265,2121408803,17,14712,2286.8332838865012,14912.3861319958,17,17,raw,1040,22112
1,2266,2121408805,17,14720,2286.8332897234063,14912.386170015099,17,17,raw,1040,22112
1,2267,2121408806,17,14728,2286.8332926418589,14912.386189024752,17,17,raw,1040,22112
1,2268,2121408808,17,14736,2286.8332984787644,14912.386227044055,17,17,raw,1040,22112
1,2269,2121408812,17,14744,2286.8333101525745,14912.386303082658,17,17,raw,1040,22112
1,2270,2121408814,17,14752,2286.8333159894796,14912.386341101961,17,17,raw,1040,22112
1,2271,2121408818,17,14760,2286.8333276632898,14912.386417140564,17,17,raw,1040,22112
1,2272,2121408819,17,14768,2286.8333305817428,14912.386436150216,17,17,raw,1040,22112
1,2273,2121408822,17,14776,2286.8333393371004,14912.38649317917,17,17,raw,1040,22112
1,2274,2121408824,17,14784,2286.8333451740059,14912.386531198474,17,17,raw,1040,22112
1,2275,2121408827,17,14792,2286.8333539293635,14912.386588227426,17,17,raw,1040,22112
1,2276,2121408830,17,14800,2286.8333626847211,14912.38664525638,17,17,raw,1040,22112
1,2277,2121408833,17,14808,2286.8333714400787,14912.386702285332,17,17,raw,1040,22112
1,2278,2121408834,17,14816,2286.8333743585317,14912.386721294984,17,17,raw,1040,22112
1,2279,2121408835,17,14824,2286.8333772769843,14912.386740304635,17,17,raw,1040,22112
1,2280,2121408837,17,14832,2286.8333831138893,14912.386778323938,17,17,raw,1040,22112
1,2281,2121408838,17,14840,2286.8333860323419,14912.386797333589,17,17,raw,1040,22112
1,2282,2121408839,17,14848,2286.8333889507944,14912.386816343238,17,17,raw,1040,22112
1,2283,2121408842,17,14856,2286.8333977061525,14912.386873372194,17,17,raw,1040,22112
1,2284,2121408848,17,14864,2286.8334152168682,14912.3869874301,17,17,raw,1040,22112
1,2285,2121408850,17,14872,2286.8334210537732,14912.387025449403,17,17,raw,1040,22112
1,2286,2121408853,17,14880,2286.8334298091308,14912.387082478355,17,17,raw,1040,22112
1,2287,2121408860,17,14888,2286.8334502382991,14912.387215545912,17,17,raw,1040,22112
1,2288,2121408866,17,14896,2286.8334677490147,14912.387329603822,17,17,raw,1040,22112
1,2289,2121408868,17,14904,2286.8334735859198,14912.387367623121,17,17,raw,1040,22112
1,2290,2121408869,17,14912,2286.8334765043724,14912.387386632774,17,17,raw,1040,22112
1,2291,2121408870,17,14920,2286.8334794228249,14912.387405642425,17,17,raw,1040,22112
1,2292,2121408872,17,14928,2286.8334852597304,14912.387443661728,17,17,raw,1040,22112
1,2293,2121408874,17,14936,2286.8334910966355,14912.387481681029,17,17,raw,1040,22112
1,2294,2121408883,17,14944,2286.8335173627088,14912.387652767889,17,17,raw,1040,22112
1,2295,2121408884,17,14952,2286.8335202811618,14912.387671777542,17,17,raw,1040,22112
1,2296,2121408886,17,14960,2286.8335261180664,14912.387709796842,17,17,raw,1040,22112
1,2297,2121408887,17,14968,2286.8335290365194,14912.387728806496,17,17,raw,1040,22112
1,2298,2121408888,17,14976,2286.8335319549719,14912.387747816145,17,17,raw,1040,22112
1,2299,2121408891,17,14984,2286.8335407103295,14912.387804845099,17,17,raw,1040,22112
1,2300,2121408892,17,14992,2286.8335436287825,14912.387823854751,17,17,raw,1040,22112
1,2301,2121408895,17,15000,2286.8335523841401,14912.387880883703,17,17,raw,1040,22112
1,2302,2121408899,17,15008,2286.8335640579503,14912.387956922308,17,17,raw,1040,22112
1,2303,2121408901,17,15016,2286.8335698948554,14912.38799494161,17,17,raw,1040,22112
1,2304,2121408902,18,15040,2286.8335728133079,14912.38801395126,17,17,raw,1040,22112
1,2305,2121408904,18,15048,2286.8335786502134,14912.388051970564,17,17,raw,1040,22112
1,2306,2121408907,18,15056,2286.8335874055711,14912.388108999516,17,17,raw,1040,22112
1,2307,2121408910,18,15064,2286.8335961609287,14912.38816602847,17,17,raw,1040,22112
1,2308,2121408912,18,15072,2286.8336019978342,14912.388204047773,17,17,raw,1040,22112
1,2309,2121408914,18,15080,2286.8336078347393,14912.388242067076,17,17,raw,1040,22112
1,2310,2121408921,18,15088,2286.8336282639075,14912.388375134635,17,17,raw,1040,22112
1,2311,2121408922,18,15096,2286.83363118236,14912.388394144284,17,17,raw,1040,22112
1,2312,2121408927,18,15104,2286.8336457746232,14912.388489192541,17,17,raw,1040,22112
1,2313,2121408928,18,15112,2286.8336486930757,14912.38850820219,17,17,raw,1040,22112
1,2314,2121408931,18,15120,2286.8336574484333,14912.388565231144,17,17,raw,1040,22112
1,2315,2121408932,18,15128,2286.8336603668863,14912.388584240796,17,17,raw,1040,22112
1,2316,2121408933,18,15136,2286.8336632853384,14912.388603250447,17,17,raw,1040,22112
1,2317,2121408934,18,15144,2286.8336662037914,14912.3886222601,17,17,raw,1040,22112
1,2318,2121408935,18,15152,2286.8336691222439,14912.38864126975,17,17,raw,1040,22112
1,2319,2121408936,18,15160,2286.8336720406965,14912.388660279399,17,17,raw,1040,22112
1,2320,2121408937,18,15168,2286.833674959149,14912.388679289052,17,17,raw,1040,22112
1,2321,2121408938,18,15176,2286.8336778776015,14912.388698298702,17,17,raw,1040,22112
1,2322,2121408939,18,15184,2286.8336807960541,14912.388717308353,17,17,raw,1040,22112
1,2323,2121408941,18,15192,2286.8336866329591,14912.388755327656,17,17,raw,1040,22112
1,2324,2121408943,18,15200,2286.8336924698647,14912.388793346958,17,17,raw,1040,22112
1,2325,2121408948,18,15208,2286.8337070621278,14912.388888395215,17,17,raw,1040,22112
1,2326,2121408950,18,15216,2286.8337128990329,14912.388926414516,17,17,raw,1040,22112
1,2327,2121408951,18,15224,2286.8337158174854,14912.388945424167,17,17,raw,1040,22112
1,2328,2121408954,18,15232,2286.833724572843,14912.389002453121,17,17,raw,1040,22112
1,2329,2121408956,18,15240,2286.8337304097486,14912.389040472422,17,17,raw,1040,22112
1,2330,2121408958,18,15248,2286.8337362466536,14912.389078491726,17,17,raw,1040,22112
1,2331,2121408960,18,15256,2286.8337420835587,14912.389116511027,17,17,raw,1040,22112
1,2332,2121408961,18,15264,2286.8337450020113,14912.38913552068,17,17,raw,1040,22112
1,2333,2122334907,18,15272,2289.5360745097114,14929.991045956556,17,17,raw,1040,22112
1,2334,2122429746,18,15280,2289.8128576354889,14931.793902261168,17,17,raw,1040,22112
1,2335,2123078933,18,15288,2291.7074791210994,14944.134720656772,17,17,raw,1040,22112
1,2336,2123980532,18,15296,2294.3387530634391,14961.27380311631,17,17,raw,1040,22112
1,2337,2125243878,18,15304,2298.0257684771186,14985.289569847333,17,17,raw,1040,22112
1,2338,2125500300,18,15312,2298.7741239287579,14990.164062612343,17,17,raw,1040,22112
1,2339,2125861961,18,15320,2299.829614413175,14997.039112053832,17,17,raw,1040,22112
1,2340,2126847736,18,15328,2302.7065520212577,15015.778350907858,17,17,raw,1040,22112
1,2341,2127344600,18,15336,2304.1566260520476,15025.223562212632,18,18,raw,1040,22112
1,2342,2128144262,18,15344,2306.4904016920814,15040.424857863756,18,18,raw,1040,22112
1,2343,2128211407,18,15352,2306.6863611916579,15041.701260889655,18,18,raw,1040,22112
1,2344,2128257280,18,15360,2306.8202393676061,15042.573290616469,18,18,raw,1040,22112
1,2345,2128638682,18,15368,2307.9333430247261,15049.823609581143,18,18,raw,1040,22112
1,2346,2129516091,18,15376,2310.4940195987615,15066.502848579566,18,18,raw,1040,22112
1,2347,2130265616,18,15384,2312.6814727809765,15080.751057351408,18,18,raw,1040,22112
1,2348,2130570632,18,15392,2313.5716475180784,15086.549305103987,18,18,raw,1040,22112
1,2349,2130648205,18,15400,2313.798040641329,15088.023940771989,18,18,raw,1040,22112
1,2350,2131120239,18,15408,2315.1756494941537,15096.99714243892,18,18,raw,1040,22112
1,2351,2131952873,18,15416,2317.6056523531911,15112.825224307482,18,18,raw,1040,22112
1,2352,2131976993,18,15424,2317.6760454298133,15113.283737093016,18,18,raw,1040,22112
1,2353,2132341285,18,15432,2318.7392143630113,15120.208800926661,18,18,raw,1040,22112
1,2354,2133234868,18,15440,2321.3470939893386,15137.195502022643,18,18,raw,1040,22112
1,2355,2133966191,18,15448,2323.4814254973967,15151.097697124411,18,18,raw,1040,22112
1,2356,2134047565,18,15456,2323.7189116589652,15152.6445884764,18,18,raw,1040,22112
1,2357,2134181015,18,15464,2324.1083791579363,15155.181426421232,18,18,raw,1040,22112
1,2358,2134909794,18,15472,2326.2352861225891,15169.035260970493,18,18,raw,1040,22112
1,2359,2135006035,18,15480,2326.5161609189058,15170.864768806003,18,18,raw,1040,22112
1,2360,2136875939,18,15488,2331.973387102471,15206.410991514122,18,18,raw,1040,22112
1,2361,2137076939,18,15496,2332.5599960743198,15210.231931393566,18,18,raw,1040,22112
1,2362,2137578173,18,15504,2334.0228237429556,15219.76021487383,18,18,raw,1040,22112
1,2363,2138683535,18,15512,2337.2487703416673,15240.772760878916,18,18,raw,1040,22112
1,2364,2140291893,18,15520,2341.942686922489,15271.347085369574,18,18,raw,1040,22112
1,2365,2140684750,18,15528,2343.0892214540995,15278.815159888074,18,18,raw,1040,22112
1,2366,2140888868,18,15536,2343.6849301611442,15282.695371859778,18,18,raw,1040,22112
1,2367,2141266140,18,15544,2344.7859806090419,15289.867180965239,18,18,raw,1040,22112
1,2368,2142150573,18,15552,2347.3671563941134,15306.679943753281,18,18,raw,1040,22112
1,2369,2143147784,18,15560,2350.2774694260866,15325.63657697776,18,18,raw,1040,22112
1,2370,2144060508,18,15568,2352.9412111535589,15342.987141806245,18,18,raw,1040,22112
1,2371,2145379759,18,15576,2356.7913826596332,15368.065643084336,18,18,raw,1040,22112
1,2372,2145938848,18,15584,2358.4230574032258,15378.693729931392,18,18,raw,1040,22112
1,2373,2147425876,18,15592,2362.762878130543,15406.961613449053,18,18,raw,1040,22112
1,2374,2147527762,18,15600,2363.0602275917663,15408.898430765257,18,18,raw,1040,22112
1,2375,2147532924,18,15608,2363.0752926440678,15408.996558584447,18,18,raw,1040,22112
1,2376,2148010456,18,15616,2364.468947149267,15418.074275313358,18,18,raw,1040,22112
1,2377,2148517932,18,15624,2365.9499917990088,15427.721217036047,18,18,raw,1040,22112
1,2378,2148847364,18,15632,2366.9114234747012,15433.9836044309,18,18,raw,1040,22112
1,2379,2150209490,18,15640,2370.8867236358401,15459.877144501683,18,18,raw,1040,22112
1,2380,2150756459,18,15648,2372.4830267339657,15470.274834376904,18,18,raw,1040,22112
1,2381,2150793091,18,15656,2372.5899354894727,15470.97119591752,18,18,raw,1040,22112
1,2382,2151557346,18,15664,2374.8203774784301,15485.499416850676,18,18,raw,1040,22112
1,2383,2151918655,18,15672,2375.874840667534,15492.367774894965,18,18,raw,1040,22112
1,2384,2152070551,18,15680,2376.3181419430957,15495.255264864754,18,18,raw,1040,22112
1,2385,2152301928,18,15688,2376.9934047494617,15499.653660916923,18,18,raw,1040,22112
1,2386,2152752305,18,15696,2378.307808674409,15508.215170569085,18,18,raw,1040,22112
1,2387,2153122810,18,15704,2379.3891099535881,15515.258341365272,18,18,raw,1040,22112
1,2388,2153353369,18,15712,2380.0619854657302,15519.64118752281,18,18,raw,1040,22112
1,2389,2153973876,18,15720,2381.8729057308801,15531.436809123674,18,18,raw,1040,22112
1,2390,2154156266,18,15728,2382.4052022999126,15534.903979395374,18,18,raw,1040,22112
1,2391,2154731352,18,15736,2384.083563529688,15545.836163631742,18,18,raw,1040,22112
1,2392,2154827183,18,15744,2384.3632417604404,15547.657877510283,18,18,raw,1040,22112
1,2393,2155295180,18,15752,2385.7290688201342,15556.554337215559,18,18,raw,1040,22112
1,2394,2155482631,18,15760,2386.2761356777569,15560.117715331688,18,18,raw,1040,22112
1,2395,2156154297,18,15768,2388.2363610592793,15572.885851675303,18,18,raw,1040,22112
1,2396,2158313432,18,15776,2394.5376942057137,15613.930254792729,18,18,raw,1040,22112
1,2397,2159040331,18,15784,2396.6591144794852,15627.748351197844,18,18,raw,1040,22112
1,2398,2159522912,18,15792,2398.0675042518433,15636.922047655367,18,18,raw,1040,22112
1,2399,2159901949,18,15800,2399.1737057685732,15644.127408795091,18,18,raw,1040,22112
1,2400,2160106117,18,15808,2399.769560398247,15648.008571249351,18,18,raw,1040,22112
1,2401,2160778960,18,15816,2401.733220798475,15660.799081952358,18,18,raw,1040,22112
1,2402,2161485840,18,15824,2403.7962165697227,15674.236624151272,18,18,raw,1040,22112
1,2403,2162212674,18,15832,2405.9174471440756,15688.053484929062,18,18,raw,1040,22112
1,2404,2162966607,18,15840,2408.1177648653347,15702.385488243135,18,18,raw,1040,22112
1,2405,2163783768,18,15848,2410.5026105073503,15717.919433779585,18,18,raw,1040,22112
1,2406,2164310515,18,15856,2412.0398966570747,15727.932710489422,18,18,raw,1040,22112
1,2407,2166328514,18,15864,2417.929331077883,15766.294167483344,18,18,raw,1040,22112
1,2408,2166920608,18,15872,2419.6573293494157,15777.549667866326,18,18,raw,1040,22112
1,2409,2167601072,18,15880,2421.6432312768793,15790.485051120682,18,18,raw,1040,22112
1,2410,2168020371,18,15888,2422.8669355320408,15798.455778834668,18,18,raw,1040,22112
1,2411,2168311757,18,15896,2423.7173317602555,15803.994925042189,18,18,raw,1040,22112
1,2412,2168967116,18,15904,2425.6299659352903,15816.453071004638,18,18,raw,1040,22112
1,2413,2170834768,18,15912,2431.0806197636084,15851.956483978387,18,18,raw,1040,22112
1,2414,2171443432,18,15920,2432.856976794661,15863.526974280785,19,18,raw,1040,22112
1,2415,2172321173,18,15928,2435.4186222949584,15880.212524483386,19,18,raw,1040,22112
1,2416,2172604062,18,15936,2436.244220431463,15885.590145685157,19,18,raw,1040,22112
1,2417,2173505638,18,15944,2438.8754272493925,15902.728790922718,19,18,raw,1040,22112
1,2418,2174092720,18,15952,2440.5887982365125,15913.889014934181,19,18,raw,1040,22112
1,2419,2174969977,18,15960,2443.1490312057526,15930.565364465627,19,18,raw,1040,22112
1,2420,2175620101,18,15968,2445.0463872814466,15942.923994904353,19,18,raw,1040,22112
1,2421,2175776955,18,15976,2445.5041582449808,15945.905734724503,19,18,raw,1040,22112
1,2422,2175802168,18,15984,2445.5777411902905,15946.385025058733,19,18,raw,1040,22112
1,2423,2176466306,18,15992,2447.5159964606682,15959.010056748555,19,18,raw,1040,22112
1,2424,2177129534,18,16000,2449.4515959391829,15971.617789655838,19,18,raw,1040,22112
1,2425,2177574896,18,16008,2450.7513638243604,15980.083965907525,19,18,raw,1040,22112
1,2426,2177923101,18,16016,2451.7675836106428,15986.703221483254,19,18,raw,1040,22112
1,2427,2178569260,18,16024,2453.6533680217922,15998.986478655204,19,18,raw,1040,22112
1,2428,2179028672,18,16032,2454.9941401659471,16007.719740505428,19,18,raw,1040,22112
1,2429,2179756349,18,16040,2457.1178309958386,16021.552626419129,19,18,raw,1040,22112
1,2430,2180317990,18,16048,2458.7569536304568,16032.229225895899,19,18,raw,1040,22112
1,2431,2182047265,18,16056,2463.8037607438614,16065.102140373638,19,19,raw,1040,22112
1,2432,2182047266,19,16096,2463.8037636623144,16065.10215938329,19,19,linear,432,22112
1,2433,2182047267,19,16099.125,2463.8037665807665,16065.102178392939,19,19,linear,432,22112
1,2434,2182047273,19,16102.25,2463.8037840914826,16065.102292450849,19,19,linear,432,22112
1,2435,2182047274,19,16105.375,2463.8037870099351,16065.1023114605,19,19,linear,432,22112
1,2436,2182047276,19,16108.5,2463.8037928468402,16065.102349479801,19,19,linear,432,22112
1,2437,2182047278,19,16111.625,2463.8037986837453,16065.102387499102,19,19,linear,432,22112
1,2438,2182047284,19,16114.75,2463.803816194461,16065.10250155701,19,19,linear,432,22112
1,2439,2182047290,19,16117.875,2463.8038337051767,16065.102615614916,19,19,linear,432,22112
1,2440,2182047291,19,16121,2463.8038366236287,16065.102634624567,19,19,linear,432,22112
1,2441,2182047294,19,16124.125,2463.8038453789868,16065.102691653519,19,19,linear,432,22112
1,2442,2182047298,19,16127.25,2463.8038570527974,16065.102767692126,19,19,linear,432,22112
1,2443,2182047299,19,16130.375,2463.8038599712495,16065.102786701776,19,19,linear,432,22112
1,2444,2182047300,19,16133.5,2463.8038628897025,16065.102805711429,19,19,linear,432,22112
1,2445,2182047303,19,16136.625,2463.8038716450601,16065.102862740381,19,19,linear,432,22112
1,2446,2182047306,19,16139.75,2463.8038804004182,16065.102919769335,19,19,linear,432,22112
1,2447,2182047309,19,16142.875,2463.8038891557758,16065.102976798287,19,19,linear,432,22112
1,2448,2182047310,19,16146,2463.8038920742288,16065.10299580794,19,19,linear,432,22112
1,2449,2182047313,19,16149.125,2463.8039008295864,16065.103052836894,19,19,linear,432,22112
1,2450,2182047317,19,16152.25,2463.8039125033965,16065.103128875497,19,19,linear,432,22112
1,2451,2182047322,19,16155.375,2463.8039270956597,16065.103223923754,19,19,linear,432,22112
1,2452,2182047327,19,16158.5,2463.8039416879224,16065.103318972009,19,19,linear,432,22112
1,2453,2182047328,19,16161.625,2463.8039446063749,16065.10333798166,19,19,linear,432,22112
1,2454,2182047331,19,16164.75,2463.803953361733,16065.103395010614,19,19,linear,432,22112
1,2455,2182047335,19,16167.875,2463.8039650355431,16065.103471049219,19,19,linear,432,22112
1,2456,2182047337,19,16171,2463.8039708724486,16065.10350906852,19,19,linear,432,22112
1,2457,2182047340,19,16174.125,2463.8039796278063,16065.103566097474,19,19,linear,432,22112
1,2458,2182047341,19,16177.25,2463.8039825462588,16065.103585107125,19,19,linear,432,22112
1,2459,2182047345,19,16180.375,2463.8039942200694,16065.103661145729,19,19,linear,432,22112
1,2460,2182047346,19,16183.5,2463.8039971385219,16065.10368015538,19,19,linear,432,22112
1,2461,2182047349,19,16186.625,2463.8040058938795,16065.103737184332,19,19,linear,432,22112
1,2462,2182047351,19,16189.75,2463.8040117307846,16065.103775203635,19,19,linear,432,22112
1,2463,2182047352,19,16192.875,2463.8040146492376,16065.103794213288,19,19,linear,432,22112
1,2464,2182047357,19,16196,2463.8040292415003,16065.103889261542,19,19,linear,432,22112
1,2465,2182047359,19,16199.125,2463.8040350784054,16065.103927280845,19,19,linear,432,22112
1,2466,2182047362,19,16202.25,2463.8040438337634,16065.103984309799,19,19,linear,432,22112
1,2467,2182047363,19,16205.375,2463.804046752216,16065.104003319451,19,19,linear,432,22112
1,2468,2182047364,19,16208.5,2463.8040496706685,16065.1040223291,19,19,linear,432,22112
1,2469,2182047367,19,16211.625,2463.8040584260261,16065.104079358054,19,19,linear,432,22112
1,2470,2182047368,19,16214.75,2463.8040613444791,16065.104098367707,19,19,linear,432,22112
1,2471,2182047371,19,16217.875,2463.8040700998367,16065.104155396661,19,19,linear,432,22112
1,2472,2182047375,19,16221,2463.8040817736469,16065.104231435264,19,19,linear,432,22112
1,2473,2182047377,19,16224.125,2463.8040876105524,16065.104269454567,19,19,linear,432,22112
1,2474,2182047379,19,16227.25,2463.8040934474575,16065.104307473868,19,19,linear,432,22112
1,2475,2182047382,19,16230.375,2463.8041022028156,16065.104364502822,19,19,linear,432,22112
1,2476,2182047385,19,16233.5,2463.8041109581732,16065.104421531774,19,19,linear,432,22112
1,2477,2182047388,19,16236.625,2463.8041197135308,16065.104478560728,19,19,linear,432,22112
1,2478,2182047397,19,16239.75,2463.8041459796045,16065.10464964759,19,19,linear,432,22112
1,2479,2182047399,19,16242.875,2463.8041518165091,16065.10468766689,19,19,linear,432,22112
1,2480,2182047403,19,16246,2463.8041634903198,16065.104763705496,19,19,linear,432,22112
1,2481,2182047407,19,16249.125,2463.8041751641299,16065.104839744099,19,19,linear,432,22112
1,2482,2182047410,19,16252.25,2463.8041839194884,16065.104896773055,19,19,linear,432,22112
1,2483,2182047413,19,16255.375,2463.804192674846,16065.104953802007,19,19,linear,432,22112
1,2484,2182047416,19,16258.5,2463.8042014302036,16065.105010830961,19,19,linear,432,22112
1,2485,2182047422,19,16261.625,2463.8042189409193,16065.105124888867,19,19,linear,432,22112
1,2486,2182047424,19,16264.75,2463.8042247778244,16065.10516290817,19,19,linear,432,22112
1,2487,2182047427,19,16267.875,2463.804233533182,16065.105219937122,19,19,linear,432,22112
1,2488,2182047430,19,16271,2463.8042422885401,16065.105276966076,19,19,linear,432,22112
1,2489,2182047433,19,16274.125,2463.8042510438977,16065.105333995029,19,19,linear,432,22112
1,2490,2182047438,19,16277.25,2463.8042656361608,16065.105429043286,19,19,linear,432,22112
1,2491,2182047451,19,16280.375,2463.8043035760443,16065.105676168751,19,19,linear,432,22112
1,2492,2182047457,19,16283.5,2463.80432108676,16065.105790226657,19,19,linear,432,22112
1,2493,2182047458,19,16286.625,2463.8043240052129,16065.105809236309,19,19,linear,432,22112
1,2494,2182047461,19,16289.75,2463.8043327605706,16065.105866265261,19,19,linear,432,22112
1,2495,2182047462,19,16292.875,2463.8043356790231,16065.105885274912,19,19,linear,432,22112
1,2496,2182047465,19,16296,2463.8043444343807,16065.105942303866,19,19,linear,432,22112
1,2497,2182047468,19,16299.125,2463.8043531897388,16065.105999332822,19,19,linear,432,22112
1,2498,2182047474,19,16302.25,2463.8043707004545,16065.106113390728,19,19,linear,432,22112
1,2499,2182047479,19,16305.375,2463.8043852927171,16065.106208438983,19,19,linear,432,22112
1,2500,2182047482,19,16308.5,2463.8043940480752,16065.106265467935,19,19,linear,432,22112
1,2501,2182047490,19,16311.625,2463.804417395696,16065.106417545145,19,19,linear,432,22112
1,2502,2182047494,19,16314.75,2463.8044290695061,16065.106493583751,19,19,linear,432,22112
1,2503,2182047496,19,16317.875,2463.8044349064112,16065.106531603051,19,19,linear,432,22112
1,2504,2182047497,19,16321,2463.8044378248642,16065.106550612703,19,19,linear,432,22112
1,2505,2182047499,19,16324.125,2463.8044436617688,16065.106588632005,19,19,linear,432,22112
1,2506,2182047502,19,16327.25,2463.8044524171269,16065.106645660961,19,19,linear,432,22112
1,2507,2182047505,19,16330.375,2463.8044611724849,16065.106702689913,19,19,linear,432,22112
1,2508,2182047510,19,16333.5,2463.8044757647476,16065.106797738168,19,19,linear,432,22112
1,2509,2182047512,19,16336.625,2463.8044816016527,16065.10683575747,19,19,linear,432,22112
1,2510,2182047513,19,16339.75,2463.8044845201057,16065.106854767122,19,19,linear,432,22112
1,2511,2182047515,19,16342.875,2463.8044903570103,16065.106892786422,19,19,linear,432,22112
1,2512,2182047518,19,16346,2463.8044991123684,16065.106949815377,19,19,linear,432,22112
1,2513,2182047519,19,16349.125,2463.8045020308209,16065.106968825028,19,19,linear,432,22112
1,2514,2182047522,19,16352.25,2463.804510786179,16065.10702585398,19,19,linear,432,22112
1,2515,2182117552,19,16355.375,2464.0088900214955,16066.438271723422,19,19,linear,432,22112
1,2516,2182754708,19,16358.5,2465.8683996039204,16078.550385006143,19,19,linear,432,22112
1,2517,2183351185,19,16361.625,2467.6091894531824,16089.88920469008,19,19,linear,432,22112
1,2518,2184564488,19,16364.75,2471.1501567435871,16112.95367144903,19,19,linear,432,22112
1,2519,2185197570,19,16367.875,2472.9977765501353,16124.988339413001,19,19,linear,432,22112
1,2520,2185275701,19,16371,2473.225798169934,16126.473582466337,19,19,linear,432,22112
1,2521,2185669327,19,16374.125,2474.3745769915909,16133.956275406565,19,19,linear,432,22112
1,2522,2186352698,19,16377.25,2476.3689628607526,16146.946919716793,19,19,linear,432,22112
1,2523,2186372701,19,16380.375,2476.4273406680354,16147.327169768576,19,19,linear,432,22112
1,2524,2186722976,19,16383.5,2477.4496016511921,16153.98577532217,19,19,linear,432,22112
1,2525,2188118885,19,16386.625,2481.5234958963906,16180.521518437467,19,19,linear,432,22112
1,2526,2189172810,19,16389.75,2484.5993260489081,16200.556265016785,19,19,linear,432,22112
1,2527,2189188085,19,16392.875,2484.6439054123161,16200.846637437971,19,19,linear,432,22112
1,2528,2189748455,19,16396,2486.2793186936842,16211.499075648138,19,19,linear,432,22112
1,2529,2190594395,19,16399.125,2488.7481544829684,16227.58009993479,19,19,linear,432,22112
1,2530,2190708073,19,16402.25,2489.079918337206,16229.741079057254,19,19,linear,432,22112
1,2531,2190739431,19,16405.375,2489.1714351737201,16230.337183697751,19,19,linear,432,22112
1,2532,2190845505,19,16408.5,2489.4810071144161,16232.353613432937,19,19,linear,432,22112
1,2533,2191093334,19,16411.625,2490.2042843028953,16237.064756265685,19,19,linear,432,22112
1,2534,2192030525,19,16414.75,2492.9394318100408,16254.880430228652,19,19,linear,432,22112
1,2535,2192796040,19,16417.875,2495.1735510492699,16269.432603322246,19,19,linear,432,22112
1,2536,2193270995,19,16421,2496.5596847021284,16278.461332180163,19,19,linear,432,22112
1,2537,2193756517,19,16424.125,2497.9766576435718,16287.690936021691,19,19,linear,432,22112
1,2538,2195824754,19,16427.25,2504.0127092859111,16327.007399869659,19,19,linear,432,22112
1,2539,2196673919,19,16430.375,2506.4909570848176,16343.14973028124,19,19,linear,432,22112
1,2540,2197251498,19,16433.5,2508.1765940169157,16354.129305577906,19,19,linear,432,22112
1,2541,2197613864,19,16436.625,2509.2341420104131,16361.017756823449,19,19,linear,432,22112
1,2542,2197764615,19,16439.75,2509.674101657753,16363.883480742685,19,19,linear,432,22112
1,2543,2197841136,19,16442.875,2509.8974245688714,16365.338118257683,19,19,linear,432,22112
1,2544,2198648578,19,16446,2512.2539057701042,16380.687308994688,19,19,linear,432,22112
1,2545,2199295747,19,16449.125,2514.142637818376,16392.989765914292,19,19,linear,432,22112
1,2546,2200465199,19,16452.25,2517.5556280439819,16415.220640461033,19,19,linear,432,22112
1,2547,2201442763,19,16455.375,2520.4086022377965,16433.803791069535,19,19,linear,432,22112
1,2548,2202117513,19,16458.5,2522.3778281271257,16446.63055317727,19,19,linear,432,22112
1,2549,2202892196,19,16461.625,2524.6387037397571,16461.357006752529,19,19,linear,432,22112
1,2550,2203579985,19,16464.75,2526.6459833324889,16474.431635701498,19,19,linear,432,22112
1,2551,2204815674,19,16467.875,2530.252283102714,16497.921652510904,19,20,linear,432,22112
1,2552,2205767199,19,16471,2533.0292637093739,16516.009810813332,19,20,linear,432,22112
1,2553,2207253859,19,16474.125,2537.3680104461359,16544.270698779372,19,20,linear,432,22112
1,2554,2208209915,19,16477.25,2540.1582145615102,16562.444989811123,19,20,linear,432,22112
1,2555,2208657238,19,16480.375,2541.4637055322287,16570.948443988695,19,20,linear,432,22112
1,2556,2210051279,19,16483.5,2545.5321481079768,16597.448677075659,19,20,linear,432,22112
1,2557,2210345941,19,16486.625,2546.3921051868974,16603.050098900319,19,20,linear,432,22112
1,2558,2211288481,19,16489.75,2549.1428634969802,16620.967455487244,19,20,linear,432,22112
1,2559,2211726578,19,16492.875,2550.4214288240455,16629.295526623384,19,20,linear,432,22112
1,2560,2212661659,20,16512,2553.1504183962129,16647.071090222442,19,20,raw,1040,22112
1,2561,2213148889,20,16520,2554.5723760546907,16656.333162548119,19,20,raw,1040,22112
1,2562,2215004623,20,16528,2559.9882477649662,16691.610018499559,19,20,raw,1040,22112
1,2563,2215809112,20,16536,2562.3361107756818,16706.903073736747,20,20,raw,1040,22112
1,2564,2216657365,20,16544,2564.811696945821,16723.028067346488,20,20,raw,1040,22112
1,2565,2217632323,20,16552,2567.6570656521694,16741.561678804115,20,20,raw,1040,22112
1,2566,2218100706,20,16560,2569.0240192345655,16750.465476234727,20,20,raw,1040,22112
1,2567,2219368333,20,16568,2572.7235285438101,16774.562623282291,20,20,raw,1040,22112
1,2568,2220111647,20,16576,2574.8928552169491,16788.692763110892,20,20,raw,1040,22112
1,2569,2220191540,20,16584,2575.1260191502224,16790.211501169539,20,20,raw,1040,22112
1,2570,2220809310,20,16592,2576.9289516106164,16801.955093355231,20,20,raw,1040,22112
1,2571,2221272600,20,16600,2578.2810415139397,16810.762074632585,20,20,raw,1040,22112
1,2572,2223360710,20,16608,2584.3750915647247,16850.456317277687,20,20,raw,1040,22112
1,2573,2224299379,20,16616,2587.1145525448073,16868.300087505038,20,20,raw,1040,22112
1,2574,2225080267,20,16624,2589.3935371557986,16883.144495965633,20,20,raw,1040,22112
1,2575,2225381771,20,16632,2590.2734622873827,16888.875981823403,20,20,raw,1040,22112
1,2576,2225578558,20,16640,2590.8477758184436,16892.616834042587,20,20,raw,1040,22112
1,2577,2226155973,20,16648,2592.5329341243155,16903.593291756464,20,20,raw,1040,22112
1,2578,2227082176,20,16656,2595.2360136743332,16921.200087672685,20,20,raw,1040,22112
1,2579,2228062811,20,16664,2598.0979504360707,16939.841616919843,20,20,raw,1040,22112
1,2580,2228237557,20,16672,2598.6079383534575,16943.163477418217,20,20,raw,1040,22112
1,2581,2228899239,20,16680,2600.5390259042583,16955.741821404834,20,20,raw,1040,22112
1,2582,2229326497,20,16688,2601.785958123633,16963.863846932254,20,20,raw,1040,22112
1,2583,2230247696,20,16696,2604.4744337368588,16981.375518554163,20,20,raw,1040,22112
1,2584,2230460977,20,16704,2605.0968842250431,16985.429915959277,20,20,raw,1040,22112
1,2585,2232242489,20,16712,2610.2961425467183,17019.295837583693,20,20,raw,1040,22112
1,2586,2233013145,20,16720,2612.5452655507447,17033.945739293809,20,20,raw,1040,22112
1,2587,2233538333,20,16728,2614.0780018328719,17043.929379957517,20,20,raw,1040,22112
1,2588,2233628135,20,16736,2614.3400847129215,17045.636484649327,20,20,raw,1040,22112
1,2589,2233650878,20,16744,2614.4064590803182,17046.06882114524,20,20,raw,1040,22112
1,2590,2237143203,20,16752,2624.5986440435663,17112.456701068022,20,20,raw,1040,22112
1,2591,2237674308,20,16760,2626.1486488097048,17122.552821837533,20,20,raw,1040,22112
1,2592,2238672774,20,16768,2629.0626244996865,17141.533312174193,20,20,raw,1040,22112
1,2593,2239246040,20,16776,2630.7356741457365,17152.430898845483,20,20,raw,1040,22112
1,2594,2240203889,20,16784,2633.531111046615,17170.639274181729,20,20,raw,1040,22112
1,2595,2241079205,20,16792,2636.0856792993663,17187.278725980312,20,20,raw,1040,22112
1,2596,2241922931,20,16800,2638.5480536346022,17203.317662899335,20,20,raw,1040,22112
1,2597,2242917778,20,16808,2641.4514674446377,17222.229357308515,20,20,raw,1040,22112
1,2598,2243474682,20,16816,2643.0767653693074,17232.815908067831,20,20,raw,1040,22112
1,2599,2244002955,20,16824,2644.6185050776935,17242.858193505308,20,20,raw,1040,22112
1,2600,2244877933,20,16832,2647.1720868934676,17259.491220041808,20,20,raw,1040,22112
1,2601,2245162356,20,16840,2648.0021619362547,17264.89800204843,20,20,raw,1040,22112
1,2602,2246041881,20,16848,2650.5690139559842,17281.617465468669,20,20,raw,1040,22112
1,2603,2246812826,20,16856,2652.8189803928108,17296.272860967962,20,20,raw,1040,22112
1,2604,2247430185,20,16864,2654.6207133691878,17308.008640187032,20,20,raw,1040,22112
1,2605,2247730276,20,16872,2655.4965147272537,17313.713265407743,20,20,raw,1040,22112
1,2606,2248727698,20,16880,2658.4074435527241,17332.673909668611,20,20,raw,1040,22112
1,2607,2249283157,20,16888,2660.0285243133926,17343.232991482026,20,20,raw,1040,22112
1,2608,2249763429,20,16896,2661.4301753787058,17352.362794655062,20,20,raw,1040,22112
1,2609,2250524500,20,16904,2663.6513250145968,17366.830488858981,20,20,raw,1040,22112
1,2610,2250524502,20,16912,2663.6513308515023,17366.830526878286,20,20,raw,1040,22112
1,2611,2250524505,20,16920,2663.6513396068599,17366.830583907238,20,20,raw,1040,22112
1,2612,2250524506,20,16928,2663.6513425253124,17366.830602916889,20,20,raw,1040,22112
1,2613,2250524507,20,16936,2663.651345443765,17366.830621926543,20,20,raw,1040,22112
1,2614,2250524508,20,16944,2663.6513483622175,17366.83064093619,20,20,raw,1040,22112
1,2615,2250524510,20,16952,2663.651354199123,17366.830678955495,20,20,raw,1040,22112
1,2616,2250524511,20,16960,2663.6513571175751,17366.830697965146,20,20,raw,1040,22112
1,2617,2250524513,20,16968,2663.6513629544806,17366.830735984448,20,20,raw,1040,22112
1,2618,2250524518,20,16976,2663.6513775467438,17366.830831032705,20,20,raw,1040,22112
1,2619,2250524520,20,16984,2663.6513833836484,17366.830869052003,20,20,raw,1040,22112
1,2620,2250524523,20,16992,2663.6513921390065,17366.830926080958,20,20,raw,1040,22112
1,2621,2250524528,20,17000,2663.6514067312696,17366.831021129216,20,20,raw,1040,22112
1,2622,2250524529,20,17008,2663.6514096497222,17366.831040138866,20,20,raw,1040,22112
1,2623,2250524531,20,17016,2663.6514154866272,17366.831078158168,20,20,raw,1040,22112
1,2624,2250524536,20,17024,2663.6514300788904,17366.831173206425,20,20,raw,1040,22112
1,2625,2250524537,20,17032,2663.6514329973429,17366.831192216076,20,20,raw,1040,22112
1,2626,2250524538,20,17040,2663.6514359157954,17366.831211225726,20,20,raw,1040,22112
1,2627,2250524539,20,17048,2663.651438834248,17366.831230235377,20,20,raw,1040,22112
1,2628,2250524542,20,17056,2663.6514475896061,17366.831287264329,20,20,raw,1040,22112
1,2629,2250524545,20,17064,2663.6514563449637,17366.831344293285,20,20,raw,1040,22112
1,2630,2250524548,20,17072,2663.6514651003213,17366.831401322237,20,20,raw,1040,22112
1,2631,2250524550,20,17080,2663.6514709372268,17366.831439341538,20,20,raw,1040,22112
1,2632,2250524551,20,17088,2663.6514738556789,17366.831458351189,20,20,raw,1040,22112
1,2633,2250524553,20,17096,2663.6514796925844,17366.831496370494,20,20,raw,1040,22112
1,2634,2250524554,20,17104,2663.651482611037,17366.831515380141,20,20,raw,1040,22112
1,2635,2250524555,20,17112,2663.6514855294895,17366.831534389796,20,20,raw,1040,22112
1,2636,2250524557,20,17120,2663.651491366395,17366.831572409097,20,20,raw,1040,22112
1,2637,2250524560,20,17128,2663.6515001217526,17366.831629438053,20,20,raw,1040,22112
1,2638,2250524561,20,17136,2663.6515030402052,17366.831648447704,20,20,raw,1040,22112
1,2639,2250524563,20,17144,2663.6515088771102,17366.831686467005,20,20,raw,1040,22112
1,2640,2250524564,20,17152,2663.6515117955628,17366.831705476656,20,20,raw,1040,22112
1,2641,2250524566,20,17160,2663.6515176324683,17366.831743495957,20,20,raw,1040,22112
1,2642,2250524568,20,17168,2663.6515234693734,17366.831781515262,20,20,raw,1040,22112
1,2643,2250524569,20,17176,2663.6515263878259,17366.831800524909,20,20,raw,1040,22112
1,2644,2250524575,20,17184,2663.6515438985411,17366.831914582817,20,20,raw,1040,22112
1,2645,2250524577,20,17192,2663.6515497354467,17366.831952602119,20,20,raw,1040,22112
1,2646,2250524579,20,17200,2663.6515555723518,17366.831990621424,20,20,raw,1040,22112
1,2647,2250524580,20,17208,2663.6515584908043,17366.832009631074,20,20,raw,1040,22112
1,2648,2250524583,20,17216,2663.6515672461619,17366.832066660027,20,20,raw,1040,22112
1,2649,2250524589,20,17224,2663.651584756878,17366.832180717935,20,20,raw,1040,22112
1,2650,2250524596,20,17232,2663.6516051860458,17366.83231378549,20,20,raw,1040,22112
1,2651,2250524598,20,17240,2663.6516110229513,17366.832351804795,20,20,raw,1040,22112
1,2652,2250524599,20,17248,2663.6516139414039,17366.832370814445,20,20,raw,1040,22112
1,2653,2250524602,20,17256,2663.6516226967619,17366.832427843401,20,20,raw,1040,22112
1,2654,2250524605,20,17264,2663.6516314521195,17366.832484872353,20,20,raw,1040,22112
1,2655,2250524607,20,17272,2663.6516372890246,17366.832522891655,20,20,raw,1040,22112
1,2656,2250524608,20,17280,2663.6516402074772,17366.832541901305,20,20,raw,1040,22112
1,2657,2250524610,20,17288,2663.6516460443827,17366.83257992061,20,20,raw,1040,22112
1,2658,2250524612,20,17296,2663.6516518812873,17366.832617939908,20,20,raw,1040,22112
1,2659,2250524616,20,17304,2663.6516635550979,17366.832693978515,20,20,raw,1040,22112
1,2660,2250524618,20,17312,2663.6516693920034,17366.832731997816,20,20,raw,1040,22112
1,2661,2250524621,20,17320,2663.6516781473611,17366.832789026772,20,20,raw,1040,22112
1,2662,2250524622,20,17328,2663.6516810658136,17366.832808036423,20,20,raw,1040,22112
1,2663,2250524626,20,17336,2663.6516927396242,17366.832884075026,20,20,raw,1040,22112
1,2664,2250524627,20,17344,2663.6516956580763,17366.832903084676,20,20,raw,1040,22112
1,2665,2250524628,20,17352,2663.6516985765293,17366.832922094331,20,20,raw,1040,22112
1,2666,2250524629,20,17360,2663.6517014949818,17366.832941103981,20,20,raw,1040,22112
1,2667,2250524631,20,17368,2663.6517073318869,17366.832979123283,20,20,raw,1040,22112
1,2668,2250524632,20,17376,2663.6517102503394,17366.832998132933,20,20,raw,1040,22112
1,2669,2250524633,20,17384,2663.651713168792,17366.833017142584,20,20,raw,1040,22112
1,2670,2250524636,20,17392,2663.65172192415,17366.83307417154,20,20,raw,1040,22112
1,2671,2250524643,20,17400,2663.6517423533178,17366.833207239095,20,20,raw,1040,22112
1,2672,2250524644,20,17408,2663.6517452717708,17366.833226248749,20,20,raw,1040,22112
1,2673,2250524645,20,17416,2663.6517481902233,17366.833245258396,20,20,raw,1040,22112
1,2674,2250524650,20,17424,2663.6517627824865,17366.833340306654,20,20,raw,1040,22112
1,2675,2250524651,20,17432,2663.6517657009385,17366.833359316304,20,20,raw,1040,22112
1,2676,2250524653,20,17440,2663.6517715378441,17366.833397335606,20,20,raw,1040,22112
1,2677,2250524654,20,17448,2663.6517744562966,17366.833416345256,20,20,raw,1040,22112
1,2678,2250524657,20,17456,2663.6517832116547,17366.833473374212,20,20,raw,1040,22112
1,2679,2250524658,20,17464,2663.6517861301072,17366.833492383863,20,20,raw,1040,22112
1,2680,2250524661,20,17472,2663.6517948854648,17366.833549412815,20,20,raw,1040,22112
1,2681,2250524664,20,17480,2663.6518036408224,17366.833606441771,20,20,raw,1040,22112
1,2682,2250524667,20,17488,2663.65181239618,17366.833663470723,20,20,raw,1040,22112
1,2683,2250524668,20,17496,2663.651815314633,17366.833682480374,20,20,raw,1040,22112
1,2684,2250524671,20,17504,2663.6518240699907,17366.833739509329,20,20,raw,1040,22112
1,2685,2250524673,20,17512,2663.6518299068962,17366.833777528631,20,20,raw,1040,22112
1,2686,2250524675,20,17520,2663.6518357438008,17366.833815547932,20,20,raw,1040,22112
1,2687,2250524676,20,17528,2663.6518386622538,17366.833834557583,20,20,raw,1040,22112
1,2688,2250524679,21,17552,2663.6518474176114,17366.833891586539,20,20,raw,1040,22112
1,2689,2250524681,21,17560,2663.6518532545169,17366.83392960584,20,20,raw,1040,22112
1,2690,2250524686,21,17568,2663.6518678467796,17366.834024654097,20,20,raw,1040,22112
1,2691,2250524694,21,17576,2663.6518911944008,17366.834176731303,20,20,raw,1040,22112
1,2692,2250524697,21,17584,2663.6518999497584,17366.834233760259,20,20,raw,1040,22112
1,2693,2250524699,21,17592,2663.6519057866635,17366.83427177956,20,20,raw,1040,22112
1,2694,2250524702,21,17600,2663.6519145420216,17366.834328808513,20,20,raw,1040,22112
1,2695,2250524703,21,17608,2663.6519174604737,17366.834347818163,20,20,raw,1040,22112
1,2696,2250524705,21,17616,2663.6519232973792,17366.834385837468,20,20,raw,1040,22112
1,2697,2250524710,21,17624,2663.6519378896423,17366.834480885722,20,20,raw,1040,22112
1,2698,2250524712,21,17632,2663.651943726547,17366.834518905023,20,20,raw,1040,22112
1,2699,2250524715,21,17640,2663.651952481905,17366.834575933979,20,20,raw,1040,22112
1,2700,2250524719,21,17648,2663.6519641557152,17366.834651972582,20,20,raw,1040,22112
1,2701,2250524720,21,17656,2663.6519670741677,17366.834670982233,20,20,raw,1040,22112
1,2702,2250524721,21,17664,2663.6519699926207,17366.834689991883,20,20,raw,1040,22112
1,2703,2250524722,21,17672,2663.6519729110732,17366.834709001534,20,20,raw,1040,22112
1,2704,2250524730,21,17680,2663.651996258694,17366.834861078743,20,20,raw,1040,22112
1,2705,2250524736,21,17688,2663.6520137694097,17366.834975136651,20,20,raw,1040,22112
1,2706,2250524741,21,17696,2663.6520283616724,17366.835070184905,20,20,raw,1040,22112
1,2707,2250524744,21,17704,2663.6520371170304,17366.835127213861,20,20,raw,1040,22112
1,2708,2250524745,21,17712,2663.652040035483,17366.835146223511,20,20,raw,1040,22112
1,2709,2250586290,21,17720,2663.8316562005202,17368.005095203018,20,20,raw,1040,22112
1,2710,2251191133,21,17728,2665.5968618242023,17379.502949628401,20,20,raw,1040,22112
1,2711,2251765280,21,17736,2667.2724826269891,17390.417283802348,20,20,raw,1040,22112
1,2712,2252026829,21,17744,2668.0358009850897,17395.38923904876,20,20,raw,1040,22112
1,2713,2252239635,21,17752,2668.6568652082901,17399.434606869581,20,20,raw,1040,22112
1,2714,2253069505,21,17760,2671.0788014643517,17415.210146062385,20,20,raw,1040,22112
1,2715,2253653645,21,17768,2672.7835863639334,17426.314443680189,20,20,raw,1040,22112
1,2716,2253807427,21,17776,2673.2323918410921,17429.237785852034,20,20,raw,1040,22112
1,2717,2254803363,21,17784,2676.138983846005,17448.170181771307,20,20,raw,1040,22112
1,2718,2255133591,21,17792,2677.102738609964,17454.447700848465,20,20,raw,1040,22112
1,2719,2255886462,21,17800,2679.2999569345661,17468.759515913025,20,20,raw,1040,22112
1,2720,2257211681,21,17808,2683.1675457657343,17493.951466789131,20,20,raw,1040,22112
1,2721,2258107566,21,17816,2685.7821436699387,17510.981928102046,20,20,raw,1040,22112
1,2722,2258119773,21,17824,2685.817769220781,17511.213978913529,20,20,raw,1040,22112
1,2723,2259243090,21,17832,2689.0961166358588,17532.567843204859,21,20,raw,1040,22112
1,2724,2259400176,21,17840,2689.5545646803953,17535.553993264075,21,20,raw,1040,22112
1,2725,2260148283,21,17848,2691.7378794968286,17549.775246350597,21,21,raw,1040,22112
1,2726,2260572674,21,17856,2692.9764445126098,17557.842771208194,21,21,raw,1040,22112
1,2727,2260785522,21,17864,2693.5976313108195,17561.888937434363,21,21,raw,1040,22112
1,2728,2261727948,21,17872,2696.3480569173062,17579.804126921055,21,21,raw,1040,22112
1,2729,2262265081,21,17880,2697.9156541156954,17590.014837867646,21,21,raw,1040,22112
1,2730,2262911996,21,17888,2699.8036448770076,17602.312466335861,21,21,raw,1040,22112
1,2731,2263506993,21,17896,2701.5401154164269,17613.623151736105,21,21,raw,1040,22112
1,2732,2263566161,21,17904,2701.7127944196427,17614.747914774845,21,21,raw,1040,22112
1,2733,2264041698,21,17912,2703.1006266119125,17623.787707249729,21,21,raw,1040,22112
1,2734,2264355372,21,17920,2704.0160693115927,17629.75054056189,21,21,raw,1040,22112
1,2735,2264998107,21,17928,2705.8918609410525,17641.968708688331,21,21,raw,1040,22112
1,2736,2265117024,21,17936,2706.2389145684424,17644.229279373125,21,21,raw,1040,22112
1,2737,2266642076,21,17944,2710.6897065372805,17673.219985865791,21,21,raw,1040,22112
1,2738,2267554042,21,17952,2713.3512360776849,17690.556141378711,21,21,raw,1040,22112
1,2739,2267746381,21,17960,2713.9125683315974,17694.21243866962,21,21,raw,1040,22112
1,2740,2268224703,21,17968,2715.3085284143481,17703.305173022927,21,21,raw,1040,22112
1,2741,2268791820,21,17976,2716.9636324953835,17714.08586934935,21,21,raw,1040,22112
1,2742,2269539627,21,17984,2719.1460717760378,17728.30141954053,21,21,raw,1040,22112
1,2743,2270085296,21,17992,2720.7385808857889,17738.674396869268,21,21,raw,1040,22112
1,2744,2270274949,21,18000,2721.2920741760277,17742.279634237209,21,21,raw,1040,22112
1,2745,2270526660,21,18008,2722.0266807974863,17747.064572535692,21,21,raw,1040,22112
1,2746,2271447635,21,18016,2724.7145026773305,17764.571985995746,21,21,raw,1040,22112
1,2747,2272326812,21,18024,2727.2803390755562,17781.284834057384,21,21,raw,1040,22112
1,2748,2272724288,21,18032,2728.440353939709,17788.84071415451,21,21,raw,1040,22112
1,2749,2273593868,21,18040,2730.9781819483683,17805.371126594146,21,21,raw,1040,22112
1,2750,2274506331,21,18048,2733.6411619597129,17822.716729903685,21,21,raw,1040,22112
1,2751,2274817792,21,18056,2734.5501461237982,17828.63749485787,21,21,raw,1040,22112
1,2752,2274930131,21,18064,2734.8780021700095,17830.773020057455,21,21,raw,1040,22112
1,2753,2276469380,21,18072,2739.3702274103566,17860.033606567376,21,21,raw,1040,22112
1,2754,2276788411,21,18080,2740.3013042605953,17866.098274580705,21,21,raw,1040,22112
1,2755,2277495703,21,18088,2742.365502434312,17879.543648755887,21,21,raw,1040,22112
1,2756,2277524781,21,18096,2742.4503651989062,17880.09641139178,21,21,raw,1040,22112
1,2757,2278366577,21,18104,2744.9071069206311,17896.098659684099,21,21,raw,1040,22112
1,2758,2279803472,21,18112,2749.1006168639401,17923.413532361086,21,21,raw,1040,22112
1,2759,2280543892,21,18120,2751.2614975352658,17937.488658259281,21,21,raw,1040,22112
1,2760,2281297855,21,18128,2753.4619028101029,17951.82123186289,21,21,raw,1040,22112
1,2761,2281945956,21,18136,2755.3533548561941,17964.141405777355,21,21,raw,1040,22112
1,2762,2284203588,21,18144,2761.9421468280029,18007.058202503271,21,21,raw,1040,22112
1,2763,2284308983,21,18152,2762.2497371393861,18009.061724685329,21,21,raw,1040,22112
1,2764,2284870339,21,18160,2763.8880280150147,18019.732906411526,21,21,raw,1040,22112
1,2765,2285722605,21,18168,2766.3753259354226,18035.934185751295,21,21,raw,1040,22112
1,2766,2286634436,21,18176,2769.0364614847263,18053.267774961314,21,21,raw,1040,22112
1,2767,2286994978,21,18184,2770.0886862206885,18060.121552603174,21,21,raw,1040,22112
1,2768,2287320288,21,18192,2771.0380880347793,18066.30558221602,21,21,raw,1040,22112
1,2769,2288242849,21,18200,2773.7305385804411,18083.843144982784,21,21,raw,1040,22112
1,2770,2288522783,21,18208,2774.547512689524,18089.164592665435,21,21,raw,1040,22112
1,2771,2289381398,21,18216,2777.0533398654652,18105.486564280305,21,21,raw,1040,22112
1,2772,2289759840,21,18224,2778.1578049029004,18112.6806146776,21,21,raw,1040,22112
1,2773,2290689870,21,18232,2780.8720533710039,18130.36016052874,21,21,raw,1040,22112
1,2774,2290975128,21,18240,2781.7045653217092,18135.782815594066,21,21,raw,1040,22112
1,2775,2291726208,21,18248,2783.8965566977113,18150.060584373434,21,21,raw,1040,22112
1,2776,2292027403,21,18256,2784.7755800274431,18155.786196248999,21,21,raw,1040,22112
1,2777,2292434844,21,18264,2785.9646772717174,18163.53150751975,21,21,raw,1040,22112
1,2778,2293083766,21,18272,2787.8585253673905,18175.8672883578,21,21,raw,1040,22112
1,2779,2294461985,21,18280,2791.8807921861608,18202.066750744405,21,21,raw,1040,22112
1,2780,2295024591,21,18288,2793.5227311275344,18212.761694534525,21,21,raw,1040,22112
1,2781,2295503551,21,18296,2794.9205531830412,18221.866557045265,21,21,raw,1040,22112
1,2782,2297050273,21,18304,2799.4345880196397,18251.269202678166,21,21,raw,1040,22112
1,2783,2297064257,21,18312,2799.475399660746,18251.535033639731,21,21,raw,1040,22112
1,2784,2297768998,21,18320,2801.5321528618897,18264.931914194851,21,21,raw,1040,22112
1,2785,2298494942,21,18328,2803.650786013432,18278.731856383125,21,21,raw,1040,22112
1,2786,2299756951,21,18336,2807.3338994559908,18302.722207210572,21,21,raw,1040,22112
1,2787,2300071244,21,18344,2808.2511486778285,18308.696807496792,21,21,raw,1040,22112
1,2788,2301067220,21,18352,2811.1578574208452,18327.629963802112,21,21,raw,1040,22112
1,2789,2301201661,21,18360,2811.5502171063395,18330.185640311225,21,21,raw,1040,22112
1,2790,2301469194,21,18368,2812.3309994847759,18335.271349310071,21,21,raw,1040,22112
1,2791,2302426384,21,18376,2815.1245131253936,18353.467197286212,21,21,raw,1040,22112
1,2792,2302816768,21,18384,2816.2638303237336,18360.888260937441,22,21,raw,1040,22112
1,2793,2303132840,21,18392,2817.1862714727399,18366.896679393041,22,21,raw,1040,22112
1,2794,2303655368,21,18400,2818.7112446709607,18376.829754384715,22,21,raw,1040,22112
1,2795,2304134507,21,18408,2820.1095891294822,18385.938019623005,22,21,raw,1040,22112
1,2796,2304987597,21,18416,2822.5992918548291,18402.15496291532,22,21,raw,1040,22112
1,2797,2305717502,21,18424,2824.7294849971049,18416.030202331764,22,21,raw,1040,22112
1,2798,2306384042,21,18432,2826.674750390619,18428.700895203627,22,21,raw,1040,22112
1,2799,2306529616,21,18440,2827.0996012088676,18431.468206158901,22,21,raw,1040,22112
1,2800,2307417432,21,18448,2829.6906501190724,18448.345278596757,22,21,raw,1040,22112
1,2801,2307603658,21,18456,2830.2341418722644,18451.885369890235,22,21,raw,1040,22112
1,2802,2308559668,21,18464,2833.0242117388184,18470.058786478032,22,21,raw,1040,22112
1,2803,2309639093,21,18472,2836.1744624325411,18490.578279161458,22,21,raw,1040,22112
1,2804,2310112416,21,18480,2837.5558331707625,18499.575984268711,22,21,raw,1040,22112
1,2805,2310895123,21,18488,2839.8401264470267,18514.454971284733,22,21,raw,1040,22112
1,2806,2311768520,21,18496,2842.389094189246,18531.057943562773,22,21,raw,1040,22112
1,2807,2312102022,21,18504,2843.3624039670049,18537.397700237769,22,21,raw,1040,22112
1,2808,2312212396,21,18512,2843.6845252538651,18539.495871472864,22,21,raw,1040,22112
1,2809,2312593748,21,18520,2844.7974829883556,18546.74523995498,22,21,raw,1040,22112
1,2810,2313146260,21,18528,2846.4099630692226,18557.248300326482,22,21,raw,1040,22112
1,2811,2313287667,21,18536,2846.8226526955027,18559.936398065449,22,21,raw,1040,22112
1,2812,2313697353,21,18544,2848.0183018658554,18567.72438600301,22,21,raw,1040,22112
1,2813,2314882201,21,18552,2851.4762245876341,18590.247933138729,22,22,raw,1040,22112
1,2814,2314905111,21,18560,2851.5430863366146,18590.683444246381,22,22,raw,1040,22112
1,2815,2315174592,21,18568,2852.3295538607081,18595.806184045647,22,22,raw,1040,22112
1,2816,2316124418,22,18592,2855.1015760164073,18613.862044950783,22,22,for,400,22112
1,2817,2316741720,22,18595,2856.9031426409861,18625.596740619741,22,22,for,400,22112
1,2818,2316741722,22,18598,2856.9031484778916,18625.596778639043,22,22,for,400,22112
1,2819,2316741725,22,18601,2856.9031572332492,18625.596835667999,22,22,for,400,22112
1,2820,2316741726,22,18604,2856.9031601517022,18625.596854677649,22,22,for,400,22112
1,2821,2316741727,22,18607,2856.9031630701543,18625.5968736873,22,22,for,400,22112
1,2822,2316741728,22,18610,2856.9031659886068,18625.596892696951,22,22,for,400,22112
1,2823,2316741730,22,18613,2856.9031718255123,18625.596930716252,22,22,for,400,22112
1,2824,2316741735,22,18616,2856.903186417775,18625.597025764509,22,22,for,400,22112
1,2825,2316741736,22,18619,2856.9031893362276,18625.59704477416,22,22,for,400,22112
1,2826,2316741737,22,18622,2856.9031922546806,18625.597063783811,22,22,for,400,22112
1,2827,2316741738,22,18625,2856.9031951731331,18625.597082793462,22,22,for,400,22112
1,2828,2316741741,22,18628,2856.9032039284907,18625.597139822417,22,22,for,400,22112
1,2829,2316741748,22,18631,2856.9032243576589,18625.597272889976,22,22,for,400,22112
1,2830,2316741750,22,18634,2856.9032301945645,18625.597310909277,22,22,for,400,22112
1,2831,2316741751,22,18637,2856.9032331130165,18625.597329918928,22,22,for,400,22112
1,2832,2316741753,22,18640,2856.9032389499221,18625.59736793823,22,22,for,400,22112
1,2833,2316741757,22,18643,2856.9032506237322,18625.597443976832,22,22,for,400,22112
1,2834,2316741758,22,18646,2856.9032535421852,18625.597462986487,22,22,for,400,22112
1,2835,2316741761,22,18649,2856.9032622975428,18625.597520015439,22,22,for,400,22112
1,2836,2316741764,22,18652,2856.9032710529004,18625.597577044391,22,22,for,400,22112
1,2837,2316741767,22,18655,2856.903279808258,18625.597634073347,22,22,for,400,22112
1,2838,2316741770,22,18658,2856.9032885636161,18625.597691102299,22,22,for,400,22112
1,2839,2316741774,22,18661,2856.9033002374267,18625.597767140905,22,22,for,400,22112
1,2840,2316741775,22,18664,2856.9033031558788,18625.597786150556,22,22,for,400,22112
1,2841,2316741776,22,18667,2856.9033060743318,18625.597805160207,22,22,for,400,22112
1,2842,2316741777,22,18670,2856.9033089927843,18625.597824169858,22,22,for,400,22112
1,2843,2316741782,22,18673,2856.9033235850475,18625.597919218115,22,22,for,400,22112
1,2844,2316741784,22,18676,2856.9033294219525,18625.597957237416,22,22,for,400,22112
1,2845,2316741785,22,18679,2856.9033323404051,18625.597976247067,22,22,for,400,22112
1,2846,2316741786,22,18682,2856.9033352588576,18625.597995256718,22,22,for,400,22112
1,2847,2316741789,22,18685,2856.9033440142152,18625.59805228567,22,22,for,400,22112
1,2848,2316741796,22,18688,2856.9033644433835,18625.598185353228,22,22,for,400,22112
1,2849,2316741798,22,18691,2856.903370280289,18625.59822337253,22,22,for,400,22112
1,2850,2316741799,22,18694,2856.9033731987411,18625.598242382181,22,22,for,400,22112
1,2851,2316741801,22,18697,2856.9033790356466,18625.598280401486,22,22,for,400,22112
1,2852,2316741804,22,18700,2856.9033877910042,18625.598337430438,22,22,for,400,22112
1,2853,2316741810,22,18703,2856.9034053017199,18625.598451488342,22,22,for,400,22112
1,2854,2316741813,22,18706,2856.903414057078,18625.598508517298,22,22,for,400,22112
1,2855,2316741815,22,18709,2856.9034198939826,18625.598546536599,22,22,for,400,22112
1,2856,2316741819,22,18712,2856.9034315677932,18625.598622575206,22,22,for,400,22112
1,2857,2316741822,22,18715,2856.9034403231512,18625.598679604158,22,22,for,400,22112
1,2858,2316741828,22,18718,2856.9034578338665,18625.598793662066,22,22,for,400,22112
1,2859,2316741830,22,18721,2856.903463670772,18625.598831681367,22,22,for,400,22112
1,2860,2316741832,22,18724,2856.9034695076771,18625.598869700669,22,22,for,400,22112
1,2861,2316741835,22,18727,2856.9034782630347,18625.598926729625,22,22,for,400,22112
1,2862,2316741836,22,18730,2856.9034811814872,18625.598945739275,22,22,for,400,22112
1,2863,2316741837,22,18733,2856.9034840999402,18625.598964748926,22,22,for,400,22112
1,2864,2316741840,22,18736,2856.9034928552978,18625.599021777878,22,22,for,400,22112
1,2865,2316741843,22,18739,2856.9035016106554,18625.599078806834,22,22,for,400,22112
1,2866,2316741844,22,18742,2856.903504529108,18625.599097816485,22,22,for,400,22112
1,2867,2316741846,22,18745,2856.9035103660135,18625.599135835786,22,22,for,400,22112
1,2868,2316741848,22,18748,2856.9035162029186,18625.599173855087,22,22,for,400,22112
1,2869,2316741849,22,18751,2856.9035191213711,18625.599192864738,22,22,for,400,22112
1,2870,2316741850,22,18754,2856.9035220398237,18625.599211874392,22,22,for,400,22112
1,2871,2316741852,22,18757,2856.9035278767287,18625.59924989369,22,22,for,400,22112
1,2872,2316741853,22,18760,2856.9035307951817,18625.599268903345,22,22,for,400,22112
1,2873,2316741856,22,18763,2856.9035395505393,18625.599325932297,22,22,for,400,22112
1,2874,2316741859,22,18766,2856.9035483058969,18625.599382961249,22,22,for,400,22112
1,2875,2316741862,22,18769,2856.903557061255,18625.599439990205,22,22,for,400,22112
1,2876,2316741870,22,18772,2856.9035804088758,18625.599592067414,22,22,for,400,22112
1,2877,2316741871,22,18775,2856.9035833273283,18625.599611077065,22,22,for,400,22112
1,2878,2316741877,22,18778,2856.903600838044,18625.599725134973,22,22,for,400,22112
1,2879,2316741879,22,18781,2856.9036066749491,18625.599763154274,22,22,for,400,22112
1,2880,2316741882,22,18784,2856.9036154303067,18625.599820183226,22,22,for,400,22112
1,2881,2316741884,22,18787,2856.9036212672122,18625.599858202531,22,22,for,400,22112
1,2882,2316741886,22,18790,2856.9036271041173,18625.599896221829,22,22,for,400,22112
1,2883,2316741890,22,18793,2856.9036387779274,18625.599972260436,22,22,for,400,22112
1,2884,2316741893,22,18796,2856.9036475332855,18625.600029289391,22,22,for,400,22112
1,2885,2316741897,22,18799,2856.9036592070961,18625.600105327994,22,22,for,400,22112
1,2886,2316741899,22,18802,2856.9036650440007,18625.600143347296,22,22,for,400,22112
1,2887,2316741904,22,18805,2856.9036796362639,18625.600238395553,22,22,for,400,22112
1,2888,2316741905,22,18808,2856.9036825547169,18625.600257405204,22,22,for,400,22112
1,2889,2316741907,22,18811,2856.9036883916215,18625.600295424505,22,22,for,400,22112
1,2890,2316741909,22,18814,2856.903694228527,18625.600333443806,22,22,for,400,22112
1,2891,2316741911,22,18817,2856.9037000654321,18625.600371463112,22,22,for,400,22112
1,2892,2316741914,22,18820,2856.9037088207897,18625.600428492064,22,22,for,400,22112
1,2893,2316741915,22,18823,2856.9037117392422,18625.600447501714,22,22,for,400,22112
1,2894,2316741916,22,18826,2856.9037146576952,18625.600466511365,22,22,for,400,22112
1,2895,2316741919,22,18829,2856.9037234130528,18625.600523540321,22,22,for,400,22112
1,2896,2316741925,22,18832,2856.9037409237685,18625.600637598225,22,22,for,400,22112
1,2897,2316741928,22,18835,2856.9037496791261,18625.600694627177,22,22,for,400,22112
1,2898,2316741930,22,18838,2856.9037555160312,18625.600732646482,22,22,for,400,22112
1,2899,2316741932,22,18841,2856.9037613529367,18625.600770665784,22,22,for,400,22112
1,2900,2316741933,22,18844,2856.9037642713893,18625.600789675434,22,22,for,400,22112
1,2901,2316741935,22,18847,2856.9037701082943,18625.600827694736,22,22,for,400,22112
1,2902,2316741938,22,18850,2856.903778863652,18625.600884723692,22,22,for,400,22112
1,2903,2316741939,22,18853,2856.9037817821045,18625.600903733342,22,22,for,400,22112
1,2904,2316741942,22,18856,2856.9037905374626,18625.600960762298,22,22,for,400,22112
1,2905,2316741944,22,18859,2856.9037963743676,18625.600998781596,22,22,for,400,22112
1,2906,2316741949,22,18862,2856.9038109666308,18625.601093829853,22,22,for,400,22112
1,2907,2316741951,22,18865,2856.9038168035358,18625.601131849155,22,22,for,400,22112
1,2908,2316741952,22,18868,2856.9038197219884,18625.601150858805,22,22,for,400,22112
1,2909,2316741955,22,18871,2856.9038284773465,18625.601207887761,22,22,for,400,22112
1,2910,2316741958,22,18874,2856.9038372327041,18625.601264916713,22,22,for,400,22112
1,2911,2316741959,22,18877,2856.9038401511566,18625.601283926364,22,22,for,400,22112
1,2912,2316741961,22,18880,2856.9038459880621,18625.601321945669,22,22,for,400,22112
1,2913,2316741963,22,18883,2856.9038518249672,18625.60135996497,22,22,for,400,22112
1,2914,2316741967,22,18886,2856.9038634987774,18625.601436003573,22,22,for,400,22112
1,2915,2316741969,22,18889,2856.9038693356829,18625.601474022878,22,22,for,400,22112
1,2916,2316741971,22,18892,2856.903875172588,18625.60151204218,22,22,for,400,22112
1,2917,2316741973,22,18895,2856.903881009493,18625.601550061481,22,22,for,400,22112
1,2918,2316741974,22,18898,2856.9038839279456,18625.601569071132,22,22,for,400,22112
1,2919,2316741976,22,18901,2856.9038897648511,18625.601607090437,22,22,for,400,22112
1,2920,2316741978,22,18904,2856.9038956017557,18625.601645109735,22,22,for,400,22112
1,2921,2317480961,22,18907,2859.060582456701,18639.649454139246,22,22,for,400,22112
1,2922,2318353993,22,18910,2861.6084849637227,18656.245487894623,22,22,for,400,22112
1,2923,2319099880,22,18913,2863.7853208153924,18670.42453955561,22,22,for,400,22112
1,2924,2319358238,22,18916,2864.5393263912579,18675.335835005229,22,22,for,400,22112
1,2925,2320338621,22,18919,2867.400527702941,18693.972573820298,22,22,for,400,22112
1,2926,2320437630,22,18922,2867.6894807760445,18695.854700370168,22,22,for,400,22112
1,2927,2320438494,22,18925,2867.6920023190878,18695.871124708756,22,22,for,400,22112
1,2928,2321218569,22,18928,2869.9686142281184,18710.700078322971,22,22,for,400,22112
1,2929,2321344828,22,18931,2870.33709513447,18713.100217866446,22,22,for,400,22112
1,2930,2321808866,22,18934,2871.6913680403354,18721.92141836285,22,22,for,400,22112
1,2931,2322280970,22,18937,2873.0691811848419,18730.895950705362,22,22,for,400,22112
1,2932,2324064856,22,18940,2878.275367912981,18764.807001241592,22,22,for,400,22112
1,2933,2324751570,22,18943,2880.2795101691718,18777.861194815581,22,22,for,400,22112
1,2934,2325109783,22,18946,2881.3249378290379,18784.670698979939,22,22,for,400,22112
1,2935,2325717776,22,18949,2883.0993365783979,18796.22843380642,22,22,for,400,22112
1,2936,2327001331,22,18952,2886.8453310005957,18820.628366577363,22,22,for,400,22112
1,2937,2327708612,22,18955,2888.909497071334,18834.073531646383,22,22,for,400,22112
1,2938,2328505980,22,18958,2891.2365777811119,18849.231219157788,22,22,for,400,22112
1,2939,2329169612,22,18961,2893.1733563144758,18861.84663196413,22,22,for,400,22112
1,2940,2330156679,22,18964,2896.0540645633123,18880.61043128743,22,22,for,400,22112
1,2941,2330829358,22,18967,2898.0172463373146,18893.397824407653,22,22,for,400,22112
1,2942,2331270772,22,18970,2899.3054921716421,18901.788950556631,22,22,for,400,22112
1,2943,2332143421,22,18973,2901.8522769113192,18918.377703615621,22,22,for,400,22112
1,2944,2333493131,23,18992,2905.7913415650228,18944.035219857829,22,22,raw,1040,22112
1,2945,2334232453,23,19000,2907.9490177753978,18958.089473159074,22,22,raw,1040,22112
1,2946,2335475421,23,19008,2911.5765609620712,18981.717861219138,22,23,raw,1040,22112
1,2947,2336627398,23,19016,2914.9385512285576,19003.616542112184,22,23,raw,1040,22112
1,2948,2338086615,23,19024,2919.1972068707205,19031.355748221948,22,23,raw,1040,22112
1,2949,2338145304,23,19032,2919.3684879351422,19032.471405637792,22,23,raw,1040,22112
1,2950,2338837331,23,19040,2921.3881359299776,19045.626597488299,22,23,raw,1040,22112
1,2951,2339587152,23,19048,2923.5764529741605,19059.880433116879,22,23,raw,1040,22112
1,2952,2340468118,23,19056,2926.1475104840811,19076.627289444416,22,23,raw,1040,22112
1,2953,2341297277,23,19064,2928.5673717203467,19092.389312775256,22,23,raw,1040,22112
1,2954,2342128000,23,19072,2930.9917974164732,19108.18106720049,22,23,raw,1040,22112
1,2955,2342661147,23,19080,2932.5477616628132,19118.316005677632,22,23,raw,1040,22112
1,2956,2343529067,23,19088,2935.0807450401626,19134.814862096373,22,23,raw,1040,22112
1,2957,2344315789,23,19096,2937.376755903601,19149.770172861725,22,23,raw,1040,22112
1,2958,2344969871,23,19104,2939.2856632146704,19162.204043499667,22,23,raw,1040,22112
1,2959,2346568902,23,19112,2943.9523593881272,19192.601064974133,22,23,raw,1040,22112
1,2960,2346926589,23,19120,2944.9962519419273,19199.400570061989,23,23,raw,1040,22112
1,2961,2347438870,23,19128,2946.4913197563942,19209.138853158413,23,23,raw,1040,22112
1,2962,2348089024,23,19136,2948.3887633856652,19221.498053886669,23,23,raw,1040,22112
1,2963,2348766267,23,19144,2950.3652649773171,19234.372207054701,23,23,raw,1040,22112
1,2964,2349013368,23,19152,2951.0864175323068,19239.06951086142,23,23,raw,1040,22112
1,2965,2349518151,23,19160,2952.5596027892066,19248.665259593585,23,23,raw,1040,22112
1,2966,2350235677,23,19168,2954.6536684067937,19262.305178538551,23,23,raw,1040,22112
1,2967,2350341895,23,19176,2954.9636606046633,19264.324345663499,23,23,raw,1040,22112
1,2968,2351033583,23,19184,2956.9823192440681,19277.473093242268,23,23,raw,1040,22112
1,2969,2351505374,23,19192,2958.3592189129122,19286.441675563976,23,23,raw,1040,22112
1,2970,2351725961,23,19200,2959.0029916157641,19290.634957480328,23,23,raw,1040,22112
1,2971,2352212714,23,19208,2960.4235571723534,19299.887962202411,23,23,raw,1040,22112
1,2972,2353951403,23,19216,2965.4978385984991,19332.939833535995,23,23,raw,1040,22112
1,2973,2354374848,23,19224,2966.7336427581245,19340.989375263616,23,23,raw,1040,22112
1,2974,2355219704,23,19232,2969.1993149447935,19357.049793088427,23,23,raw,1040,22112
1,2975,2355384131,23,19240,2969.6791873498396,19360.175492996674,23,23,raw,1040,22112
1,2976,2356014679,23,19248,2971.5194117975088,19372.16199050465,23,23,raw,1040,22112
1,2977,2356576046,23,19256,2973.1577347761158,19382.833381337008,23,23,raw,1040,22112
1,2978,2356939702,23,19264,2974.2190475734628,19389.746355032526,23,23,raw,1040,22112
1,2979,2357772053,23,19272,2976.6482245104162,19405.569057169818,23,23,raw,1040,22112
1,2980,2358806652,23,19280,2979.6676526480583,19425.236423231174,23,23,raw,1040,22112
1,2981,2359666825,23,19288,2982.1780267731447,19441.588011882523,23,23,raw,1040,22112
1,2982,2360458627,23,19296,2984.4888633757714,19456.63989167567,23,23,raw,1040,22112
1,2983,2361027330,23,19304,2986.1485961226244,19467.450737308802,23,23,raw,1040,22112
1,2984,2361939140,23,19312,2988.809670384424,19484.783927316144,23,23,raw,1040,22112
1,2985,2364802684,23,19320,2997.1667878057406,19539.218899784515,23,23,raw,1040,22112
1,2986,2365400519,23,19328,2998.911540913628,19550.5835345747,23,23,raw,1040,22112
1,2987,2365525485,23,19336,2999.2762482607727,19552.959094639253,23,23,raw,1040,22112
1,2988,2366404055,23,19344,3001.8403131582722,19569.660403842649,23,23,raw,1040,22112
1,2989,2366578637,23,19352,3002.3498224494333,19572.979146758236,23,23,raw,1040,22112
1,2990,2367174962,23,19360,3004.0901686939005,19584.315076975199,23,23,raw,1040,22112
1,2991,2367982763,23,19368,3006.4476976196152,19599.671092176963,23,23,raw,1040,22112
1,2992,2368343051,23,19376,3007.4991810686183,19606.520041367436,23,23,raw,1040,22112
1,2993,2368749393,23,19384,3008.685070933489,19614.24446103158,23,23,raw,1040,22112
1,2994,2369509860,23,19392,3010.9044578240123,19628.700673406216,23,23,raw,1040,22112
1,2995,2371756078,23,19400,3017.4599385778874,19671.400493973997,23,23,raw,1040,22112
1,2996,2371944664,23,19408,3018.0103178792065,19674.985448044172,23,23,raw,1040,22112
1,2997,2372194852,23,19416,3018.7404796973606,19679.741434643965,23,23,raw,1040,22112
1,2998,2373484558,23,19424,3022.504425521478,19704.25829577908,23,23,raw,1040,22112
1,2999,2374357788,23,19432,3025.0529058821139,19720.858093445382,23,23,raw,1040,22112
1,3000,2375301944,23,19440,3027.8083804115922,19738.806169628548,23,23,raw,1040,22112
1,3001,2375865183,23,19448,3029.4521667334593,19749.513146527843,23,23,raw,1040,22112
1,3002,2375877927,23,19456,3029.489359493346,19749.755405521992,23,23,raw,1040,22112
1,3003,2376460919,23,19464,3031.190794009347,19760.83788006028,23,23,raw,1040,22112
1,3004,2377163198,23,19472,3033.2403619801989,19774.187958854291,23,23,raw,1040,22112
1,3005,2377810723,23,19480,3035.130132997595,19786.4971832097,23,23,raw,1040,22112
1,3006,2378972235,23,19488,3038.5199507095867,19808.577121126382,23,23,raw,1040,22112
1,3007,2379487194,23,19496,3040.0228341401062,19818.366312068563,23,23,raw,1040,22112
1,3008,2379700835,23,19504,3040.6463352712249,19822.427552948084,23,23,raw,1040,22112
1,3009,2380101432,23,19512,3041.8154586259302,19830.042762166424,23,23,raw,1040,22112
1,3010,2380552092,23,19520,3043.1306884729624,19838.609651549854,23,23,raw,1040,22112
1,3011,2381462665,23,19528,3045.7881526089004,19855.919326618736,23,23,raw,1040,22112
1,3012,2381462668,23,19536,3045.7881613642585,19855.919383647688,23,23,raw,1040,22112
1,3013,2381462670,23,19544,3045.7881672011636,19855.919421666993,23,23,raw,1040,22112
1,3014,2381462672,23,19552,3045.7881730380691,19855.919459686294,23,23,raw,1040,22112
1,3015,2381462673,23,19560,3045.7881759565212,19855.919478695945,23,23,raw,1040,22112
1,3016,2381462676,23,19568,3045.7881847118792,19855.919535724897,23,23,raw,1040,22112
1,3017,2381462677,23,19576,3045.7881876303318,19855.919554734552,23,23,raw,1040,22112
1,3018,2381462680,23,19584,3045.7881963856898,19855.919611763504,23,23,raw,1040,22112
1,3019,2381462685,23,19592,3045.7882109779525,19855.919706811761,23,23,raw,1040,22112
1,3020,2381462691,23,19600,3045.7882284886682,19855.919820869665,23,23,raw,1040,22112
1,3021,2381462692,23,19608,3045.7882314071207,19855.919839879316,23,23,raw,1040,22112
1,3022,2381462693,23,19616,3045.7882343255733,19855.919858888967,23,23,raw,1040,22112
1,3023,2381462695,23,19624,3045.7882401624788,19855.919896908272,23,23,raw,1040,22112
1,3024,2381462696,23,19632,3045.7882430809314,19855.919915917922,23,23,raw,1040,22112
1,3025,2381462699,23,19640,3045.788251836289,19855.919972946875,23,23,raw,1040,22112
1,3026,2381462704,23,19648,3045.7882664285521,19855.920067995132,23,23,raw,1040,22112
1,3027,2381462705,23,19656,3045.7882693470042,19855.920087004779,23,23,raw,1040,22112
1,3028,2381462708,23,19664,3045.7882781023623,19855.920144033735,23,23,raw,1040,22112
1,3029,2381462717,23,19672,3045.7883043684355,19855.920315120595,23,23,raw,1040,22112
1,3030,2381462720,23,19680,3045.7883131237936,19855.920372149547,23,23,raw,1040,22112
1,3031,2381462722,23,19688,3045.7883189606987,19855.920410168852,23,23,raw,1040,22112
1,3032,2381462724,23,19696,3045.7883247976038,19855.920448188153,23,23,raw,1040,22112
1,3033,2381462725,23,19704,3045.7883277160563,19855.920467197804,23,23,raw,1040,22112
1,3034,2381462733,23,19712,3045.7883510636771,19855.920619275013,23,23,raw,1040,22112
1,3035,2381462736,23,19720,3045.7883598190351,19855.920676303966,23,23,raw,1040,22112
1,3036,2381462737,23,19728,3045.7883627374877,19855.92069531362,23,23,raw,1040,22112
1,3037,2381462740,23,19736,3045.7883714928453,19855.920752342572,23,23,raw,1040,22112
1,3038,2381462741,23,19744,3045.7883744112978,19855.920771352223,23,23,raw,1040,22112
1,3039,2381462750,23,19752,3045.7884006773711,19855.920942439083,23,23,raw,1040,22112
1,3040,2381462754,23,19760,3045.7884123511817,19855.921018477686,23,23,raw,1040,22112
1,3041,2381462757,23,19768,3045.7884211065393,19855.921075506642,23,23,raw,1040,22112
1,3042,2381462759,23,19776,3045.7884269434448,19855.921113525943,23,23,raw,1040,22112
1,3043,2381462762,23,19784,3045.7884356988025,19855.921170554895,23,23,raw,1040,22112
1,3044,2381462763,23,19792,3045.788438617255,19855.921189564546,23,23,raw,1040,22112
1,3045,2381462765,23,19800,3045.7884444541601,19855.921227583851,23,23,raw,1040,22112
1,3046,2381462766,23,19808,3045.7884473726131,19855.921246593502,23,23,raw,1040,22112
1,3047,2381462768,23,19816,3045.7884532095181,19855.921284612803,23,23,raw,1040,22112
1,3048,2381462770,23,19824,3045.7884590464232,19855.921322632104,23,23,raw,1040,22112
1,3049,2381462772,23,19832,3045.7884648833283,19855.921360651409,23,23,raw,1040,22112
1,3050,2381462774,23,19840,3045.7884707202338,19855.921398670711,23,23,raw,1040,22112
1,3051,2381462782,23,19848,3045.7884940678546,19855.92155074792,23,23,raw,1040,22112
1,3052,2381462785,23,19856,3045.7885028232122,19855.921607776872,23,23,raw,1040,22112
1,3053,2381462789,23,19864,3045.7885144970223,19855.921683815475,23,23,raw,1040,22112
1,3054,2381462790,23,19872,3045.7885174154753,19855.92170282513,23,23,raw,1040,22112
1,3055,2381462792,23,19880,3045.7885232523804,19855.921740844431,23,23,raw,1040,22112
1,3056,2381462796,23,19888,3045.7885349261906,19855.921816883034,23,23,raw,1040,22112
1,3057,2381462797,23,19896,3045.7885378446431,19855.921835892685,23,23,raw,1040,22112
1,3058,2381462801,23,19904,3045.7885495184537,19855.921911931291,23,23,raw,1040,22112
1,3059,2381462802,23,19912,3045.7885524369062,19855.921930940942,23,23,raw,1040,22112
1,3060,2381462804,23,19920,3045.7885582738113,19855.921968960243,23,23,raw,1040,22112
1,3061,2381462808,23,19928,3045.7885699476219,19855.92204499885,23,23,raw,1040,22112
1,3062,2381462809,23,19936,3045.7885728660744,19855.9220640085,23,23,raw,1040,22112
1,3063,2381462812,23,19944,3045.7885816214321,19855.922121037453,23,23,raw,1040,22112
1,3064,2381462813,23,19952,3045.7885845398846,19855.922140047103,23,23,raw,1040,22112
1,3065,2381462816,23,19960,3045.7885932952427,19855.922197076059,23,23,raw,1040,22112
1,3066,2381462821,23,19968,3045.7886078875053,19855.922292124313,23,23,raw,1040,22112
1,3067,2381462823,23,19976,3045.7886137244109,19855.922330143614,23,23,raw,1040,22112
1,3068,2381462825,23,19984,3045.788619561316,19855.922368162919,23,23,raw,1040,22112
1,3069,2381462826,23,19992,3045.7886224797685,19855.92238717257,23,23,raw,1040,22112
1,3070,2381462829,23,20000,3045.7886312351266,19855.922444201526,23,23,raw,1040,22112
1,3071,2381462832,23,20008,3045.7886399904842,19855.922501230478,23,23,raw,1040,22112
1,3072,2381462835,24,20032,3045.7886487458422,19855.92255825943,23,23,raw,1040,22112
1,3073,2381462839,24,20040,3045.7886604196524,19855.922634298033,23,23,raw,1040,22112
1,3074,2381462841,24,20048,3045.7886662565575,19855.922672317338,23,23,raw,1040,22112
1,3075,2381462844,24,20056,3045.7886750119151,19855.92272934629,23,23,raw,1040,22112
1,3076,2381462846,24,20064,3045.7886808488206,19855.922767365591,23,23,raw,1040,22112
1,3077,2381462849,24,20072,3045.7886896041782,19855.922824394547,23,23,raw,1040,22112
1,3078,2381462850,24,20080,3045.7886925226308,19855.922843404194,23,23,raw,1040,22112
1,3079,2381462851,24,20088,3045.7886954410837,19855.922862413849,23,23,raw,1040,22112
1,3080,2381462854,24,20096,3045.7887041964414,19855.922919442801,23,23,raw,1040,22112
1,3081,2381462855,24,20104,3045.7887071148939,19855.922938452451,23,23,raw,1040,22112
1,3082,2381462860,24,20112,3045.7887217071566,19855.923033500709,23,23,raw,1040,22112
1,3083,2381462861,24,20120,3045.7887246256096,19855.923052510359,23,23,raw,1040,22112
1,3084,2381462863,24,20128,3045.7887304625146,19855.923090529661,23,23,raw,1040,22112
1,3085,2381462864,24,20136,3045.7887333809672,19855.923109539315,23,23,raw,1040,22112
1,3086,2381462867,24,20144,3045.7887421363253,19855.923166568267,23,23,raw,1040,22112
1,3087,2381462868,24,20152,3045.7887450547773,19855.923185577918,23,23,raw,1040,22112
1,3088,2381462869,24,20160,3045.7887479732303,19855.923204587569,23,23,raw,1040,22112
1,3089,2381462872,24,20168,3045.7887567285879,19855.923261616521,23,23,raw,1040,22112
1,3090,2381462877,24,20176,3045.7887713208511,19855.923356664778,23,23,raw,1040,22112
1,3091,2381462878,24,20184,3045.7887742393036,19855.923375674429,23,23,raw,1040,22112
1,3092,2381462880,24,20192,3045.7887800762087,19855.92341369373,23,23,raw,1040,22112
1,3093,2381462883,24,20200,3045.7887888315668,19855.923470722686,23,23,raw,1040,22112
1,3094,2381462886,24,20208,3045.7887975869244,19855.923527751638,23,23,raw,1040,22112
1,3095,2381462889,24,20216,3045.788806342282,19855.92358478059,23,23,raw,1040,22112
1,3096,2381462892,24,20224,3045.7888150976396,19855.923641809542,23,23,raw,1040,22112
1,3097,2381462895,24,20232,3045.7888238529981,19855.923698838498,23,23,raw,1040,22112
1,3098,2381462898,24,20240,3045.7888326083557,19855.923755867454,23,23,raw,1040,22112
1,3099,2381462903,24,20248,3045.7888472006189,19855.923850915708,23,23,raw,1040,22112
1,3100,2381462905,24,20256,3045.7888530375235,19855.923888935009,23,23,raw,1040,22112
1,3101,2381462907,24,20264,3045.788858874429,19855.92392695431,23,23,raw,1040,22112
1,3102,2381462909,24,20272,3045.7888647113341,19855.923964973616,23,23,raw,1040,22112
1,3103,2381462911,24,20280,3045.7888705482396,19855.924002992917,23,23,raw,1040,22112
1,3104,2381462913,24,20288,3045.7888763851442,19855.924041012218,23,23,raw,1040,22112
1,3105,2381462915,24,20296,3045.7888822220498,19855.92407903152,23,23,raw,1040,22112
1,3106,2381462918,24,20304,3045.7888909774074,19855.924136060476,23,23,raw,1040,22112
1,3107,2381462919,24,20312,3045.7888938958604,19855.924155070126,23,23,raw,1040,22112
1,3108,2383059090,24,20320,3050.4472432948919,19886.266808942324,23,23,raw,1040,22112
1,3109,2383844284,24,20328,3052.7387947627626,19901.193072960734,23,23,raw,1040,22112
1,3110,2384254691,24,20336,3053.9365481374375,19908.994766856766,23,23,raw,1040,22112
1,3111,2384832399,24,20344,3055.6225615499197,19919.976794398426,23,23,raw,1040,22112
1,3112,2385362886,24,20352,3057.1707627123542,19930.061167203534,23,23,raw,1040,22112
1,3113,2386270895,24,20360,3059.8207439358353,19947.322101526886,23,23,raw,1040,22112
1,3114,2386622161,24,20368,3060.8458971055147,19953.999545644761,23,23,raw,1040,22112
1,3115,2387317279,24,20376,3062.8745660373243,19967.213496326949,23,23,raw,1040,22112
1,3116,2387844998,24,20384,3064.4146889229723,19977.245250417694,23,23,raw,1040,22112
1,3117,2388593262,24,20392,3066.5984619364635,19991.469488019447,23,23,raw,1040,22112
1,3118,2389425082,24,20400,3069.0260891750877,20007.28209603198,23,23,raw,1040,22112
1,3119,2390821894,24,20408,3073.1026187829807,20033.83500486226,24,24,raw,1040,22112
1,3120,2391664919,24,20416,3075.562947282946,20049.860616015831,24,24,raw,1040,22112
1,3121,2392163510,24,20424,3077.0180614813698,20059.33865698813,24,24,raw,1040,22112
1,3122,2392805347,24,20432,3078.8912323403988,20071.539754447847,24,24,raw,1040,22112
1,3123,2393419080,24,20440,3080.6823830076614,20083.206604671879,24,24,raw,1040,22112
1,3124,2394034534,24,20448,3082.4785563318428,20094.906170505528,24,24,raw,1040,22112
1,3125,2394874138,24,20456,3084.9289008054761,20110.866749642544,24,24,raw,1040,22112
1,3126,2395619534,24,20464,3087.1043036969213,20125.036467564823,24,24,raw,1040,22112
1,3127,2395725550,24,20472,3087.4137063673666,20127.05179474024,24,24,raw,1040,22112
1,3128,2395899446,24,20480,3087.9212136000465,20130.357497035147,24,24,raw,1040,22112
1,3129,2397419101,24,20488,3092.3562546802223,20159.2456084406,24,24,raw,1040,22112
1,3130,2398066670,24,20496,3094.2461541095322,20171.555669220659,24,24,raw,1040,22112
1,3131,2398867473,24,20504,3096.5832597039785,20186.778654883736,24,24,raw,1040,22112
1,3132,2400134235,24,20512,3100.2802445517273,20210.85935858306,24,24,raw,1040,22112
1,3133,2401859713,24,20520,3105.3159703006236,20243.660093415416,24,24,raw,1040,22112
1,3134,2403037621,24,20528,3108.7536389613838,20266.051713572211,24,24,raw,1040,22112
1,3135,2403530068,24,20536,3110.1908221870563,20275.412959247893,24,24,raw,1040,22112
1,3136,2403993278,24,20544,3111.5426786141716,20284.218419753153,24,24,raw,1040,22112
1,3137,2404960304,24,20552,3114.3648981545266,20302.601246657927,24,24,raw,1040,22112
1,3138,2405574986,24,20560,3116.1588184333032,20314.286137040894,24,24,raw,1040,22112
1,3139,2405575629,24,20568,3116.1606949983229,20314.298360246579,24,24,raw,1040,22112
1,3140,2405754259,24,20576,3116.6820181855937,20317.694054229985,24,24,raw,1040,22112
1,3141,2407009598,24,20584,3120.3456655493351,20341.557610684318,24,24,raw,1040,22112
1,3142,2408462092,24,20592,3124.5847004346929,20369.169014909457,24,24,raw,1040,22112
1,3143,2408700990,24,20600,3125.2819129230356,20373.710382547866,24,24,raw,1040,22112
1,3144,2409367834,24,20608,3127.2280655261384,20386.386854353674,24,24,raw,1040,22112
1,3145,2409823434,24,20616,3128.5577125289965,20395.047651413748,24,24,raw,1040,22112
1,3146,2412403082,24,20624,3136.0862929320438,20444.085859961648,24,24,raw,1040,22112
1,3147,2412768709,24,20632,3137.153357999458,20451.036301679567,24,24,raw,1040,22112
1,3148,2412811567,24,20640,3137.2784370408285,20451.851017308189,24,24,raw,1040,22112
1,3149,2414024020,24,20648,3140.8169236465269,20474.899325863666,24,24,raw,1040,22112
1,3150,2415014529,24,20656,3143.7076772092,20493.728556406197,24,24,raw,1040,22112
1,3151,2415682608,24,20664,3145.6574341012592,20506.428505131164,24,24,raw,1040,22112
1,3152,2416620596,24,20672,3148.3949076151239,20524.259329786091,24,24,raw,1040,22112
1,3153,2416840610,24,20680,3149.0370080446382,20528.441719172341,24,24,raw,1040,22112
1,3154,2416980007,24,20688,3149.4438315811994,20531.091607512513,24,24,raw,1040,22112
1,3155,2417944179,24,20696,3152.2577218578449,20549.420180872927,24,24,raw,1040,22112
1,3156,2420345525,24,20704,3159.2659363260732,20595.068930602993,24,24,raw,1040,22112
1,3157,2420378209,24,20712,3159.3613230307296,20595.690242040902,24,24,raw,1040,22112
1,3158,2421194415,24,20720,3161.743381550516,20611.206033360511,24,24,raw,1040,22112
1,3159,2421543515,24,20728,3162.7622133518712,20617.842302574012,24,24,raw,1040,22112
1,3160,2422095389,24,20736,3164.3728314599821,20628.333234788082,24,24,raw,1040,22112
1,3161,2422773744,24,20744,3166.352578370921,20641.228526688185,24,24,raw,1040,22112
1,3162,2423144066,24,20752,3167.4333455732749,20648.268218718211,24,24,raw,1040,22112
1,3163,2423375052,24,20760,3168.1074672646751,20652.659181996783,24,24,raw,1040,22112
1,3164,2423516186,24,20768,3168.5193601533965,20655.342090100992,24,24,raw,1040,22112
1,3165,2424227483,24,20776,3170.5952467297616,20668.863597928994,24,24,raw,1040,22112
1,3166,2425808845,24,20784,3175.2103767642943,20698.924737877438,24,24,raw,1040,22112
1,3167,2426778685,24,20792,3178.0408088302552,20717.361057940521,24,24,raw,1040,22112
1,3168,2427286993,24,20800,3179.5242816325572,20727.023815692959,24,24,raw,1040,22112
1,3169,2427421702,24,20808,3179.9174234633474,20729.584586788584,24,24,raw,1040,22112
1,3170,2427884545,24,20816,3181.2682088183601,20738.383070751875,24,24,raw,1040,22112
1,3171,2428210099,24,20824,3182.2183227348842,20744.571738719598,24,24,raw,1040,22112
1,3172,2430005260,24,20832,3187.4574150160465,20778.697123072448,24,24,raw,1040,22112
1,3173,2431187842,24,20840,3190.9087245242413,20801.177594338678,24,24,raw,1040,22112
1,3174,2431702333,24,20848,3192.4102421189459,20810.957888764126,24,24,raw,1040,22112
1,3175,2432389499,24,20856,3194.41570351571,20824.020674700434,24,24,raw,1040,22112
1,3176,2433180177,24,20864,3196.7232597776192,20839.051187645702,24,24,raw,1040,22112
1,3177,2435260584,24,20872,3202.7948289880551,20878.598998948062,25,24,raw,1040,22112
1,3178,2435341746,24,20880,3203.031696437673,20880.141860254011,25,24,raw,1040,22112
1,3179,2435438505,24,20888,3203.314082992435,20881.981215088814,25,24,raw,1040,22112
1,3180,2435545487,24,20896,3203.6263048880883,20884.014905587232,25,24,raw,1040,22112
1,3181,2435878552,24,20904,3204.5983393020633,20890.346355044683,25,24,raw,1040,22112
1,3182,2436217581,24,20912,3205.5877793673221,20896.791178061536,25,24,raw,1040,22112
1,3183,2436642349,24,20920,3206.8274446397318,20904.865869557616,25,24,raw,1040,22112
1,3184,2436650465,24,20928,3206.8511308010029,20905.020151886278,25,24,raw,1040,22112
1,3185,2436786536,24,20936,3207.2482475642291,20907.606814126753,25,24,raw,1040,22112
1,3186,2437990795,24,20944,3210.7628203693534,20930.49935760078,25,24,raw,1040,22112
1,3187,2439620161,24,20952,3215.5180478023181,20961.473036842621,25,24,raw,1040,22112
1,3188,2439691088,24,20960,3215.7250448896134,20962.821334369139,25,24,raw,1040,22112
1,3189,2439970372,24,20968,3216.5401220045082,20968.130425778541,25,24,raw,1040,22112
1,3190,2440944961,24,20976,3219.384413801849,20986.657022674899,25,24,raw,1040,22112
1,3191,2441125057,24,20984,3219.9100154406256,20990.080584806878,25,24,raw,1040,22112
1,3192,2441464312,24,20992,3220.900115076171,20996.529704004894,25,24,raw,1040,22112
1,3193,2442417417,24,21000,3223.6817068379337,21014.647897556126,25,24,raw,1040,22112
1,3194,2442528209,24,21008,3224.0050480379787,21016.754014825394,25,24,raw,1040,22112
1,3195,2444038362,24,21016,3228.4123579815846,21045.461496525702,25,24,raw,1040,22112
1,3196,2445624109,24,21024,3233.0402854307526,21075.605993794401,25,25,raw,1040,22112
1,3197,2446364030,24,21032,3235.1997097942331,21089.671633876682,25,25,raw,1040,22112
1,3198,2446364033,24,21040,3235.1997185495911,21089.671690905634,25,25,raw,1040,22112
1,3199,2446364034,24,21048,3235.1997214680432,21089.671709915285,25,25,raw,1040,22112
1,3200,2446364035,25,21088,3235.1997243864957,21089.671728924935,25,25,linear,432,22112
1,3201,2446364036,25,21091.125,3235.1997273049487,21089.67174793459,25,25,linear,432,22112
1,3202,2446364038,25,21094.25,3235.1997331418538,21089.671785953888,25,25,linear,432,22112
1,3203,2446364039,25,21097.375,3235.1997360603063,21089.671804963542,25,25,linear,432,22112
1,3204,2446364041,25,21100.5,3235.1997418972119,21089.671842982843,25,25,linear,432,22112
1,3205,2446364049,25,21103.625,3235.1997652448326,21089.671995060053,25,25,linear,432,22112
1,3206,2446364055,25,21106.75,3235.1997827555479,21089.672109117961,25,25,linear,432,22112
1,3207,2446364057,25,21109.875,3235.1997885924534,21089.672147137262,25,25,linear,432,22112
1,3208,2446364059,25,21113,3235.199794429358,21089.672185156564,25,25,linear,432,22112
1,3209,2446364061,25,21116.125,3235.1998002662635,21089.672223175865,25,25,linear,432,22112
1,3210,2446364065,25,21119.25,3235.1998119400741,21089.672299214471,25,25,linear,432,22112
1,3211,2446364067,25,21122.375,3235.1998177769792,21089.672337233773,25,25,linear,432,22112
1,3212,2446364068,25,21125.5,3235.1998206954318,21089.672356243424,25,25,linear,432,22112
1,3213,2446364073,25,21128.625,3235.1998352876949,21089.672451291681,25,25,linear,432,22112
1,3214,2446364074,25,21131.75,3235.199838206147,21089.672470301331,25,25,linear,432,22112
1,3215,2446364076,25,21134.875,3235.1998440430525,21089.672508320633,25,25,linear,432,22112
1,3216,2446364079,25,21138,3235.1998527984101,21089.672565349589,25,25,linear,432,22112
1,3217,2446364080,25,21141.125,3235.1998557168627,21089.672584359236,25,25,linear,432,22112
1,3218,2446364083,25,21144.25,3235.1998644722207,21089.672641388192,25,25,linear,432,22112
1,3219,2446364085,25,21147.375,3235.1998703091258,21089.672679407493,25,25,linear,432,22112
1,3220,2446364088,25,21150.5,3235.1998790644834,21089.672736436445,25,25,linear,432,22112
1,3221,2446364091,25,21153.625,3235.1998878198415,21089.672793465401,25,25,linear,432,22112
1,3222,2446364094,25,21156.75,3235.1998965751991,21089.672850494353,25,25,linear,432,22112
1,3223,2446364096,25,21159.875,3235.1999024121046,21089.672888513658,25,25,linear,432,22112
1,3224,2446364097,25,21163,3235.1999053305572,21089.672907523309,25,25,linear,432,22112
1,3225,2446364100,25,21166.125,3235.1999140859148,21089.672964552261,25,25,linear,432,22112
1,3226,2446364105,25,21169.25,3235.1999286781779,21089.673059600518,25,25,linear,432,22112
1,3227,2446364108,25,21172.375,3235.1999374335355,21089.67311662947,25,25,linear,432,22112
1,3228,2446364109,25,21175.5,3235.1999403519881,21089.673135639121,25,25,linear,432,22112
1,3229,2446364112,25,21178.625,3235.1999491073461,21089.673192668077,25,25,linear,432,22112
1,3230,2446364114,25,21181.75,3235.1999549442507,21089.673230687375,25,25,linear,432,22112
1,3231,2446364116,25,21184.875,3235.1999607811563,21089.67326870668,25,25,linear,432,22112
1,3232,2446364118,25,21188,3235.1999666180614,21089.673306725981,25,25,linear,432,22112
1,3233,2446364122,25,21191.125,3235.1999782918715,21089.673382764584,25,25,linear,432,22112
1,3234,2446364126,25,21194.25,3235.1999899656821,21089.67345880319,25,25,linear,432,22112
1,3235,2446364129,25,21197.375,3235.1999987210402,21089.673515832143,25,25,linear,432,22112
1,3236,2446364133,25,21200.5,3235.2000103948508,21089.673591870749,25,25,linear,432,22112
1,3237,2446364138,25,21203.625,3235.200024987113,21089.673686919003,25,25,linear,432,22112
1,3238,2446364139,25,21206.75,3235.200027905566,21089.673705928657,25,25,linear,432,22112
1,3239,2446364142,25,21209.875,3235.2000366609236,21089.673762957609,25,25,linear,432,22112
1,3240,2446364143,25,21213,3235.2000395793762,21089.67378196726,25,25,linear,432,22112
1,3241,2446364145,25,21216.125,3235.2000454162817,21089.673819986561,25,25,linear,432,22112
1,3242,2446364148,25,21219.25,3235.2000541716393,21089.673877015513,25,25,linear,432,22112
1,3243,2446364149,25,21222.375,3235.2000570900923,21089.673896025168,25,25,linear,432,22112
1,3244,2446364151,25,21225.5,3235.2000629269969,21089.673934044469,25,25,linear,432,22112
1,3245,2446364153,25,21228.625,3235.2000687639024,21089.673972063771,25,25,linear,432,22112
1,3246,2446364156,25,21231.75,3235.20007751926,21089.674029092723,25,25,linear,432,22112
1,3247,2446364159,25,21234.875,3235.2000862746177,21089.674086121679,25,25,linear,432,22112
1,3248,2446364162,25,21238,3235.2000950299757,21089.674143150634,25,25,linear,432,22112
1,3249,2446364163,25,21241.125,3235.2000979484283,21089.674162160281,25,25,linear,432,22112
1,3250,2446364164,25,21244.25,3235.2001008668808,21089.674181169932,25,25,linear,432,22112
1,3251,2446364165,25,21247.375,3235.2001037853338,21089.674200179586,25,25,linear,432,22112
1,3252,2446364167,25,21250.5,3235.2001096222389,21089.674238198888,25,25,linear,432,22112
1,3253,2446364170,25,21253.625,3235.2001183775965,21089.67429522784,25,25,linear,432,22112
1,3254,2446364172,25,21256.75,3235.2001242145016,21089.674333247141,25,25,linear,432,22112
1,3255,2446364175,25,21259.875,3235.2001329698596,21089.674390276097,25,25,linear,432,22112
1,3256,2446364177,25,21263,3235.2001388067647,21089.674428295399,25,25,linear,432,22112
1,3257,2446364179,25,21266.125,3235.2001446436698,21089.6744663147,25,25,linear,432,22112
1,3258,2446364183,25,21269.25,3235.2001563174804,21089.674542353307,25,25,linear,432,22112
1,3259,2446364186,25,21272.375,3235.200165072838,21089.674599382259,25,25,linear,432,22112
1,3260,2446364189,25,21275.5,3235.2001738281961,21089.674656411215,25,25,linear,432,22112
1,3261,2446364190,25,21278.625,3235.2001767466481,21089.674675420862,25,25,linear,432,22112
1,3262,2446364191,25,21281.75,3235.2001796651011,21089.674694430516,25,25,linear,432,22112
1,3263,2446364192,25,21284.875,3235.2001825835537,21089.674713440167,25,25,linear,432,22112
1,3264,2446364196,25,21288,3235.2001942573643,21089.674789478773,25,25,linear,432,22112
1,3265,2446364200,25,21291.125,3235.2002059311744,21089.674865517376,25,25,linear,432,22112
1,3266,2446364201,25,21294.25,3235.200208849627,21089.674884527027,25,25,linear,432,22112
1,3267,2446364206,25,21297.375,3235.2002234418896,21089.67497957528,25,25,linear,432,22112
1,3268,2446364209,25,21300.5,3235.2002321972477,21089.675036604236,25,25,linear,432,22112
1,3269,2446364212,25,21303.625,3235.2002409526058,21089.675093633188,25,25,linear,432,22112
1,3270,2446364213,25,21306.75,3235.2002438710583,21089.675112642839,25,25,linear,432,22112
1,3271,2446364218,25,21309.875,3235.200258463321,21089.675207691096,25,25,linear,432,22112
1,3272,2446364220,25,21313,3235.2002643002265,21089.675245710398,25,25,linear,432,22112
1,3273,2446364227,25,21316.125,3235.2002847293943,21089.675378777956,25,25,linear,432,22112
1,3274,2446364231,25,21319.25,3235.2002964032049,21089.675454816563,25,25,linear,432,22112
1,3275,2446364233,25,21322.375,3235.2003022401104,21089.675492835864,25,25,linear,432,22112
1,3276,2446364234,25,21325.5,3235.2003051585625,21089.675511845515,25,25,linear,432,22112
1,3277,2446364237,25,21328.625,3235.2003139139206,21089.675568874467,25,25,linear,432,22112
1,3278,2446364240,25,21331.75,3235.2003226692782,21089.675625903419,25,25,linear,432,22112
1,3279,2446364241,25,21334.875,3235.2003255877312,21089.675644913073,25,25,linear,432,22112
1,3280,2446364244,25,21338,3235.2003343430888,21089.675701942026,25,25,linear,432,22112
1,3281,2446364247,25,21341.125,3235.2003430984464,21089.675758970978,25,25,linear,432,22112
1,3282,2446364249,25,21344.25,3235.2003489353519,21089.675796990283,25,25,linear,432,22112
1,3283,2446364255,25,21347.375,3235.2003664460672,21089.675911048187,25,25,linear,432,22112
1,3284,2446364258,25,21350.5,3235.2003752014248,21089.675968077143,25,25,linear,432,22112
1,3285,2446364260,25,21353.625,3235.2003810383303,21089.676006096444,25,25,linear,432,22112
1,3286,2446364262,25,21356.75,3235.2003868752354,21089.676044115746,25,25,linear,432,22112
1,3287,2446364263,25,21359.875,3235.2003897936879,21089.676063125396,25,25,linear,432,22112
1,3288,2446364266,25,21363,3235.2003985490455,21089.676120154349,25,25,linear,432,22112
1,3289,2446364271,25,21366.125,3235.2004131413087,21089.676215202606,25,25,linear,432,22112
1,3290,2446364275,25,21369.25,3235.2004248151193,21089.676291241212,25,25,linear,432,22112
1,3291,2446364277,25,21372.375,3235.2004306520244,21089.676329260514,25,25,linear,432,22112
1,3292,2446364278,25,21375.5,3235.2004335704769,21089.676348270164,25,25,linear,432,22112
1,3293,2446364279,25,21378.625,3235.2004364889294,21089.676367279815,25,25,linear,432,22112
1,3294,2446364280,25,21381.75,3235.200439407382,21089.676386289466,25,25,linear,432,22112
1,3295,2446364281,25,21384.875,3235.200442325835,21089.676405299117,25,25,linear,432,22112
1,3296,2446364284,25,21388,3235.2004510811926,21089.676462328072,25,25,linear,432,22112
1,3297,2446364289,25,21391.125,3235.2004656734557,21089.676557376326,25,25,linear,432,22112
1,3298,2447225104,25,21394.25,3237.7127134451084,21106.04035022371,25,25,linear,432,22112
1,3299,2447932779,25,21397.375,3239.7780293861697,21119.493005095275,25,25,linear,432,22112
1,3300,2449464242,25,21400.5,3244.2475315546021,21148.605582461409,25,25,linear,432,22112
1,3301,2449678007,25,21403.625,3244.8713945738427,21152.669180537676,25,25,linear,432,22112
1,3302,2450357380,25,21406.75,3246.8541124695244,21165.583824262638,25,25,linear,432,22112
1,3303,2450410829,25,21409.875,3247.0101008423421,21166.599871106504,25,25,linear,432,22112
1,3304,2450642779,25,21413,3247.6870359220452,21171.009159688772,25,25,linear,432,22112
1,3305,2451236097,25,21416.125,3249.4186063795555,21182.287927884754,25,25,linear,432,22112
1,3306,2452013347,25,21419.25,3251.686973660002,21197.063179234498,25,25,linear,432,22112
1,3307,2452998401,25,21422.375,3254.561807063762,21215.788712130048,25,25,linear,432,22112
1,3308,2453614353,25,21425.5,3256.3594337773361,21227.497744769964,25,25,linear,432,22112
1,3309,2453685189,25,21428.625,3256.5661652854451,21228.844312418223,25,25,linear,432,22112
1,3310,2455125903,25,21431.75,3260.7708207992191,21256.231782952917,25,25,linear,432,22112
1,3311,2456120112,25,21434.875,3263.672372636498,21275.131349204665,25,25,linear,432,22112
1,3312,2456503083,25,21438,3264.7900553457421,21282.411494311982,25,25,linear,432,22112
1,3313,2457699780,25,21441.125,3268.2825588123333,21305.160286804075,25,25,linear,432,22112
1,3314,2458134117,25,21444.25,3269.5501507576369,21313.416881651927,25,25,linear,432,22112
1,3315,2458508285,25,21447.375,3270.6421423286761,21320.529684800244,25,25,linear,432,22112
1,3316,2459206394,25,21450.5,3272.6795403522015,21333.800493348994,25,25,linear,432,22112
1,3317,2459977258,25,21453.625,3274.9292703943679,21348.454349066546,25,25,linear,432,22112
1,3318,2460769477,25,21456.75,3277.2413239917278,21363.514155884226,25,25,linear,432,22112
1,3319,2461711457,25,21459.875,3279.9904479683564,21381.420867066507,25,25,linear,432,22112
1,3320,2462180117,25,21463,3281.3582099621217,21390.329930170486,25,25,linear,432,22112
1,3321,2463958608,25,21466.125,3286.548651638504,21424.138423638804,25,25,linear,432,22112
1,3322,2465589283,25,21469.25,3291.3076993259165,21455.13698651399,25,25,linear,432,22112
1,3323,2466087103,25,21472.375,3292.7605633973885,21464.600371045257,25,25,linear,432,22112
1,3324,2466594502,25,21475.5,3294.2413833262808,21474.24584902481,25,25,linear,432,22112
1,3325,2467737359,25,21478.625,3297.5767573050894,21495.971161899444,25,26,linear,432,22112
1,3326,2468202470,25,21481.75,3298.9341617105902,21504.812759751527,25,26,linear,432,22112
1,3327,2468656768,25,21484.875,3300.2600088881677,21513.448806245811,25,26,linear,432,22112
1,3328,2469173143,26,21504,3301.7670248475638,21523.264914854011,25,26,raw,624,22112
1,3329,2469603793,26,21512,3303.023856458145,21531.451421118105,25,26,raw,624,22112
1,3330,2470564161,26,21520,3305.826644941114,21549.707681765576,25,26,raw,624,22112
1,3331,2470991742,26,21528,3307.0745198206769,21557.835847410315,25,26,raw,624,22112
1,3332,2472499560,26,21536,3311.4750151774706,21586.498941575206,25,26,raw,624,22112
1,3333,2473469142,26,21544,3314.3046942826613,21604.930357148296,25,26,raw,624,22112
1,3334,2474284195,26,21552,3316.6833878266043,21620.424230340141,25,26,raw,624,22112
1,3335,2475631291,26,21560,3320.6148236452213,21646.032055354262,25,26,raw,624,22112
1,3336,2476514673,26,21568,3323.1929321366142,21662.824838998957,25,26,raw,624,22112
1,3337,2477452648,26,21576,3325.930367710595,21680.655416528414,25,26,raw,624,22112
1,3338,2477901075,26,21584,3327.2390806529802,21689.17985736085,25,26,raw,624,22112
1,3339,2478503686,26,21592,3328.9977722904673,21700.63528224489,26,26,raw,624,22112
1,3340,2478929966,26,21600,3330.2418502632027,21708.738716333493,26,26,raw,624,22112
1,3341,2479823935,26,21608,3332.8508564122321,21725.732755154819,26,26,raw,624,22112
1,3342,2482570582,26,21616,3340.8668154804031,21777.9455564337,26,26,raw,624,22112
1,3343,2482608882,26,21624,3340.9785922148403,21778.673626072421,26,26,raw,624,22112
1,3344,2483430502,26,21632,3343.3764512369826,21794.292335643309,26,26,raw,624,22112
1,3345,2484190185,26,21640,3345.5935500606706,21808.733644451448,26,26,raw,624,22112
1,3346,2484211646,26,21648,3345.6561829718389,21809.141610574592,26,26,raw,624,22112
1,3347,2484725961,26,21656,3347.1571869188861,21818.918559301441,26,26,raw,624,22112
1,3348,2484728872,26,21664,3347.1656825343944,21818.973896395913,26,26,raw,624,22112
1,3349,2485722663,26,21672,3350.0660144584876,21837.865516613489,26,26,raw,624,22112
1,3350,2486391873,26,21680,3352.019072120434,21850.5869652539,26,26,raw,624,22112
1,3351,2486965128,26,21688,3353.6920896635052,21861.484342819029,26,26,raw,624,22112
1,3352,2487792741,26,21696,3356.107438972057,21877.216977229207,26,26,raw,624,22112
1,3353,2487831302,26,21704,3356.2199774226219,21877.950008386877,26,26,raw,624,22112
1,3354,2488211873,26,21712,3357.3306558456343,21885.184530331451,26,26,raw,624,22112
1,3355,2488789298,26,21720,3359.015843336032,21896.16117814184,26,26,raw,624,22112
1,3356,2489589507,26,21728,3361.3512153696361,21911.372872072137,26,26,raw,624,22112
1,3357,2489922011,26,21736,3362.3216125317044,21917.693657115295,26,26,raw,624,22112
1,3358,2490323524,26,21744,3363.4934091889882,21925.326279174078,26,26,raw,624,22112
1,3359,2491288263,26,21752,3366.3089542282551,21943.665631006686,26,26,raw,624,22112
1,3360,2491300396,26,21760,3366.3443638136055,21943.896275103987,26,26,raw,624,22112
1,3361,2492138646,26,21768,3368.790756702424,21959.831115173361,26,26,raw,624,22112
1,3362,2493337996,26,21776,3372.2910028237534,21982.630340269934,26,26,raw,624,22112
1,3363,2493394773,26,21784,3372.4567038068112,21983.709651232795,26,26,raw,624,22112
1,3364,2493990678,26,21792,3374.1958243011882,21995.037597396276,26,26,raw,624,22112
1,3365,2494516888,26,21800,3375.7315432418686,22005.040665923454,26,26,raw,624,22112
1,3366,2494604476,26,21808,3375.9871646678698,22006.705683247634,26,26,raw,624,22112
1,3367,2495593557,26,21816,3378.8737506802354,22025.507768008334,26,26,raw,624,22112
1,3368,2495932307,26,21824,3379.8623764972199,22031.947287332521,26,26,raw,624,22112
1,3369,2496797068,26,21832,3382.3861404828176,22048.386092263303,26,26,raw,624,22112
1,3370,2496970131,26,21840,3382.8912166444852,22051.675959518809,26,26,raw,624,22112
1,3371,2497116685,26,21848,3383.3189275462778,22054.461899932201,26,26,raw,624,22112
1,3372,2497692475,26,21856,3384.9993433666805,22065.407466962974,26,26,raw,624,22112
1,3373,2498167522,26,21864,3386.3857455171783,22074.437944708796,26,26,raw,624,22112
1,3374,2498412324,26,21872,3387.1001885496489,22079.091545327541,26,26,raw,624,22112
1,3375,2499985526,26,21880,3391.6915040109966,22108.99756652267,26,26,raw,624,22112
1,3376,2500975564,26,21888,3394.5808829824969,22127.817843519508,26,26,raw,624,22112
1,3377,2501609235,26,21896,3396.4302217576242,22139.863708168003,26,26,raw,624,22112
1,3378,2504296669,26,21904,3404.2733704922125,22190.950890973843,26,26,raw,624,22112
1,3379,2505148149,26,21912,3406.7583745088796,22207.137228727817,26,26,raw,624,22112
1,3380,2506036760,26,21920,3409.3517435888984,22224.029413838329,26,26,raw,624,22112
1,3381,2506860234,26,21928,3411.7550134221542,22239.683367302434,26,26,raw,624,22112
1,3382,2508288266,26,21936,3415.9226571201025,22266.829757441348,26,26,raw,624,22112
1,3383,2508830482,26,21944,3417.5050888130381,22277.137094444694,26,26,raw,624,22112
1,3384,2508934843,26,21952,3417.8096614444366,22279.120960647473,26,26,raw,624,22112
1,3385,2509520507,26,21960,3419.5188940657754,22290.254228973616,26,26,raw,624,22112
1,3386,2509723173,26,21968,3420.1103651796498,22294.106838931861,26,26,raw,624,22112
1,3387,2509740382,26,21976,3420.1605888303789,22294.433976018354,26,26,raw,624,22112
1,3388,2509989363,26,21984,3420.8872280762494,22299.167017969223,26,26,raw,624,22112
1,3389,2510263705,26,21992,3421.6878821984137,22304.382163682687,26,26,raw,624,22112
1,3390,2511176039,26,22000,3424.3504857293738,22321.725314747226,26,26,raw,624,22112
1,3391,2511408917,26,22008,3425.0301291330866,22326.15224428576,26,26,raw,624,22112
1,3392,2511408918,26,22016,3425.0301320515391,22326.152263295411,26,26,raw,624,22112
1,3393,2511408920,26,22024,3425.0301378884442,22326.152301314713,26,26,raw,624,22112
1,3394,2511408921,26,22032,3425.0301408068967,22326.152320324363,26,26,raw,624,22112
1,3395,2511408924,26,22040,3425.0301495622543,22326.152377353315,26,26,raw,624,22112
1,3396,2511408926,26,22048,3425.0301553991599,22326.15241537262,26,26,raw,624,22112
1,3397,2511408928,26,22056,3425.0301612360649,22326.152453391922,26,26,raw,624,22112
1,3398,2511408931,26,22064,3425.030169991423,22326.152510420874,26,26,raw,624,22112
1,3399,2511408934,26,22072,3425.0301787467806,22326.152567449826,26,26,raw,624,22112
1,3400,2511408938,26,22080,3425.0301904205912,22326.152643488433,26,26,raw,624,22112
1,3401,2511408940,26,22088,3425.0301962574958,22326.152681507734,26,26,raw,624,22112
1,3402,2511408943,26,22096,3425.0302050128539,22326.152738536686,26,26,raw,624,22112
1,3403,2511408947,26,22104,3425.0302166866645,22326.152814575293,26,26,raw,624,22112
